Precipitacao,Humidade,Nebulosidade,TempMaxima,TempMinima,DiaMes,Temp6,Vento,Periodo,Energia
0,81.75,7.33333,25.2,17.6,194,25.0,2.133333,2,1.12
4.7,85,9.33333,25.4,19,204,23.89,0.7,2,3.02
11.5,96.25,10,20.6,15.2,214,16.11,1.266667,2,1.94
0,84.75,0.666667,24.4,11.2,224,22.78,0.866667,2,11.26
0,75.25,0,24.4,9.2,234,23.89,1.533333,2,11.18
25.4,96.75,9.66667,18.6,15.2,244,17.78,1.2,2,0.73
21.6,86.5,9.33333,21.4,18,254,21.11,4.966667,2,0.55
0,65.25,9,21.2,12.8,264,17.78,3.7,2,8.52
0,75.25,0,20.2,9.8,274,12.78,1.533333,2,11.45
0,80.75,0,23.8,5.6,284,21.11,0.566667,2,11.1
0,80,0,24.4,6,294,22.78,1.1,2,10.83
0,78.75,0,25.8,6.2,304,20.0,1.266667,2,10.73
0,85.25,6.33333,23.4,11,15,21.11,1.1,2,5.84
0,85.75,6.66667,27.8,14.4,25,26.11,1.466667,2,7.38
0,89.75,6,25,14,35,25.0,0.6,2,5.92
0,82.5,8.33333,26.4,17,45,26.11,1.9,2,6.91
0,90,4,24.2,15,55,20.0,1.533333,2,0.8
0,84.5,6.66667,25.4,15.2,65,25.0,1.7,2,9.29
0,83,7,28.8,17,75,27.22,1.933333,2,8.16
7.8,89,6.66667,23.8,16,85,20.0,1.966667,2,1.8
0,92,9.33333,22.4,15.6,95,21.11,0.866667,2,3.66
0,86.75,7.33333,20.2,10.8,105,17.22,0.933333,2,5.44
0,85,8.33333,18.8,11,115,13.89,2.2,2,7.27
5.8,97,10,20,13.2,125,18.89,2.333333,2,3.77
46.2,96.5,10,17.4,15.4,135,17.22,2.833333,2,0.14
34.9,96,9,18.8,13.4,145,17.22,1.233333,2,2.92
0.5,94.5,6.33333,20.2,11.4,155,18.89,0.8,2,5.17
0,88.5,5,20.6,9.8,165,18.89,0.8,2,7.29
0,89,3.66667,21,11.8,175,20.0,2.533333,2,7
17.6,92.25,6.66667,22,15,185,21.11,2.466667,2,6.99
1.8,92.5,6.66667,21.4,15.6,195,21.11,1.766667,2,5.27
17.5,99,10,19,14.2,205,15.0,0.666667,2,0.59
0,87.75,4.66667,21.6,9.8,215,20.0,0.7,2,10.58
0,85.75,3.33333,21.4,8.4,225,18.89,2.066667,2,10.69
0,90.75,6.66667,17.4,13.6,235,15.0,2.3,2,1.41
11.9,87.25,8.66667,25,11.4,245,22.78,2.233333,2,3.22
0.2,75.75,9,31.6,21,255,30.0,3.1,2,8.32
11.2,98.5,9.66667,25.8,16.6,265,17.22,1.633333,2,0.47
61.4,97.5,10,16.6,14.2,275,15.0,3.1,2,0.16
27.6,93.5,10,18,15.4,285,17.78,1.466667,2,1.16
0,89.25,8.66667,20.6,15.8,295,17.78,1.133333,2,5
0.2,93,9,17.4,14.4,305,16.11,1.9,2,1.64
27.9,92,10,15.8,14,315,16.11,3.566667,2,1.4
16.3,97.75,10,16.2,13.6,16,15.0,1.966667,2,3.03
7.5,89.25,7.66667,20.4,11.6,26,15.0,0.366667,2,7.75
0,89.5,6.66667,20.6,9.4,36,20.0,0.866667,2,7.52
12.2,96.5,10,18,15.8,46,17.78,1.366667,2,1.74
2.8,91.75,10,16.6,14.6,56,16.11,1.866667,2,1.54
0.4,97,10,14.8,13.2,66,13.89,1.633333,2,1.11
0.4,97,10,16.4,13.2,76,17.22,2.4,2,1.51
66.4,91,10,17.8,14.6,86,16.11,2.066667,2,2.08
6.5,85.25,10,15,9.2,96,10.0,2.866667,2,1.54
0,78,0.333333,18.4,9.2,106,17.78,2.2,2,9.87
0,88.5,0,21,5.2,116,18.89,0.533333,2,9.53
0,90.75,0,18.8,6.6,126,17.78,0.9,2,9.63
0,97.75,6.66667,16,9.6,136,12.78,0.8,2,4.37
0.1,98.25,10,14.2,10.4,146,13.89,2.133333,2,3.55
0,89.75,10,21.2,12.2,156,20.0,1.466667,2,7.73
0,60.25,9,27.8,17.6,166,27.22,3.133333,2,7.05
0,49,6.66667,29.4,21.8,176,28.89,6.6,2,8.22
4.7,87.5,6.66667,27.4,8.6,186,10.0,1.233333,2,0.98
0,83.5,8.33333,13.8,5.6,196,11.11,0.966667,2,3.96
0,83.25,0,13.2,1,206,12.22,1.2,1,10.09
0,87.75,4.66667,21.4,5.6,216,21.11,2,1,7.7
0,66,2.33333,26.2,11.8,226,25.0,3.333333,1,8.85
0,63.5,1.33333,27.4,18,236,27.22,3.233333,1,8.99
0,72.25,1,28.4,19,246,25.0,1.866667,1,8.51
0,77.5,1,26.2,15.2,256,25.0,2.2,1,9.06
0,62.5,6,25,15,266,25.0,2.533333,1,8.09
0,55.75,5.33333,28.6,17,276,27.22,3.3,1,8.56
0,77.5,5.66667,26.6,18.2,286,27.22,0.7,1,2.57
0,79.5,6,28,15,296,27.22,1.333333,1,7.99
6.9,93.75,8.66667,21,10.8,306,13.89,1.4,1,2.67
0,89,1,16,6.6,17,16.11,0.666667,1,7.84
0,85.5,3.33333,16.4,6.6,27,16.11,1.866667,1,8.27
0,87.25,1.33333,18.8,6.2,37,17.78,1.533333,1,9.3
0,79.5,4,21.8,8.6,47,21.11,1.733333,1,9.13
0,67.25,1.33333,24.8,10.6,57,23.89,2.833333,1,9.16
0,75.5,4,25.2,14.6,67,23.89,1.366667,1,8.56
0,75,10,25.2,10.2,77,23.89,1.8,1,8.72
0,70.75,3.33333,27.2,12.8,87,26.11,2.7,1,8.81
0.5,76.5,6.33333,25.2,16.6,97,23.89,2.066667,1,5.17
0.5,83,6.33333,27.4,14.4,107,26.11,0.433333,1,8.04
8,97.5,6.33333,20.6,15.4,117,18.89,1.3,1,2.69
0,92,6.66667,23.4,16,127,22.22,2.033333,1,6.05
0,70.25,0.666667,28,15.8,137,27.78,2.2,1,9.49
0,57.5,5.33333,27.6,15.4,147,27.22,3.3,1,7.09
0,40.5,9.33333,28.8,21.8,157,28.89,6.233333,1,8.6
0,93.75,7.33333,26.4,7,167,7.78,1.633333,1,0.14
5.6,71.25,7.33333,10.8,5.4,177,10.0,2.033333,1,5.66
0,73.5,0,12.6,-0.2,187,12.22,0.966667,1,7.79
0,83.5,0,17.2,-1.2,197,16.11,0.6,1,10.94
0,83.5,0,20.8,0.8,207,21.11,1.366667,1,10.8
0,79,0,21.2,4.8,217,18.89,0.433333,1,10.57
0,83,6.66667,20.6,4.2,227,16.11,1.533333,1,10.53
0,54,3.33333,28.4,6.8,237,25.0,2.633333,1,10.11
0.1,58.25,4,28.4,15.2,247,27.78,3.366667,1,3.37
0,69,7.66667,28.6,17.2,257,27.22,2.033333,1,6.81
0,85.75,6.66667,27.6,14.2,267,25.0,2.066667,1,10
0,86.75,3.33333,26.2,11,277,26.11,1.266667,1,9.81
0,68.75,0,27.8,12.2,287,27.22,3.033333,1,10.42
0,62.5,0,29.4,16.2,297,27.78,3.633333,1,10.57
0,68.25,2.33333,29.8,15,307,28.89,2.133333,1,9.73
0,68.25,6,29,13.4,317,22.78,1.466667,1,8.51
0,70.75,1.66667,30.2,11.2,18,30.0,1.7,1,9.57
30.5,95,9.33333,19.8,15.2,28,16.11,2.3,1,0.76
0,89.25,9.66667,18.2,11.4,38,17.78,1.633333,1,4.58
0,87,3.33333,18.4,7.4,48,17.22,1.566667,1,11.96
0,79,2,20.8,9.2,58,20.0,2.766667,1,11.55
0,72.75,0,24.2,10.2,68,22.78,2.066667,1,11.97
0,74.75,2,26.8,8.8,78,25.0,0.7,1,11.16
20.4,86.25,8.33333,24.6,15,88,21.11,1.7,1,3.25
2.6,86,6,16.6,9.2,98,16.11,1.233333,1,5.91
0,86,4.33333,20,11.2,108,20.0,4,1,9.92
13.7,92.25,10,18.4,15.2,118,17.22,2.966667,1,2.66
11.3,98,10,22,15.6,128,16.11,2.233333,1,0.02
118.7,98.5,10,17,13.4,138,15.0,1.566667,1,1.15
22.2,85.5,5.33333,20.6,10.6,148,18.89,0.7,1,12.28
0,88.75,3.33333,19.8,6.8,158,20.0,1.2,1,13.45
0.3,89.25,4.66667,21,10,168,20.0,0.7,1,9.72
0,89.75,3.66667,21,7.4,178,21.11,1.466667,1,9.82
0.1,86.75,3.33333,26,8.8,188,25.0,0.833333,1,12.55
0,79.25,4.66667,25.8,14.6,198,25.0,2.2,1,7.57
2.4,75.5,6.66667,18.6,8.4,208,16.11,2.066667,1,9.32
0,73,1.33333,16,2.4,218,16.11,1.7,1,14.54
0,65.75,0,21.8,4,228,21.11,3.8,1,14.28
0,74,0,26.2,11.4,238,26.11,2.733333,1,12.75
0,52.5,6.66667,32.8,19.4,248,32.78,6.1,1,12.17
0,54.25,0,32.8,23.4,258,32.22,3,1,12.94
0,73,6.66667,28.2,19.2,268,27.22,2,1,9.96
24.3,83.75,9.33333,23.8,18.2,278,22.22,1.466667,1,3.97
0,88,6.66667,26.4,14.4,288,26.11,1.266667,1,8.78
0,44,8.66667,33.8,20.4,298,33.89,6.8,1,12.12
0,74,6.66667,30,12.2,308,12.78,1.366667,1,2.02
0,70.5,7.66667,20,9.8,318,20.0,3.2,1,12.93
0,77.25,8.33333,27.4,13.4,19,27.22,2.3,1,12.94
0,66.25,0.666667,31.8,18.8,29,31.11,2.233333,1,13.31
0,52,0,33,22.6,39,32.22,3.4,1,12.68
0,63.25,4,33.2,24.2,49,28.89,3.866667,1,10.34
18.2,95,9.66667,24.4,15,59,17.78,2.133333,1,1.36
9.6,87.5,10,20.8,14.6,69,20.0,2.466667,1,6.57
0,75,8,33.2,16.8,79,33.89,1.533333,1,12.01
0,79,8,26.8,16.8,89,27.22,2.366667,1,9.9
0,92,10,23.8,18.2,99,22.78,2.1,1,5.1
0.2,32,10,35.4,20.8,109,32.78,8.733333,1,10.72
9.4,84.25,6.66667,33.4,14,119,22.78,1.233333,1,11.12
1.5,83.25,10,17.8,12.2,129,17.78,3.1,1,5.46
0.5,88,10,24.6,14.6,139,25.0,3.033333,1,7.49
0,96.5,10,20.8,16.8,149,17.78,1.333333,1,0.19
32.3,88.75,10,18.2,13.6,159,17.22,1.8,1,5.07
8.4,86.75,10,19.4,13.4,169,16.11,2.966667,1,2.01
11.2,84.25,9.33333,21.6,13.4,179,22.22,2.2,1,6.97
0,85.25,5,22,12.2,189,21.11,1.8,1,15.82
0,86.25,3.33333,24,14.8,199,23.89,2.633333,1,14.02
0,86.75,3.33333,30.4,17.4,209,28.89,1.3,1,12.53
0,62,0,35,18.2,219,35.0,1.1,1,14.84
0,92.75,6.66667,24.6,18,229,21.11,1.4,1,2.29
7.1,90.75,9,23,16.4,239,20.0,1.4,3,6.02
0,83.25,7,23,15.4,249,22.78,2.7,3,8.03
0,87,3.33333,28,15.8,259,27.22,1.466667,3,11.55
1.8,79.75,6.33333,30,18,269,28.89,2.033333,3,13.57
6.8,87,10,25.4,17.6,279,23.89,1.866667,3,6.79
4.6,76.75,10,20.6,16.8,289,20.0,3.633333,3,6.51
0.8,97.25,10,17.4,14.8,299,15.0,3.166667,3,2.03
19.1,87.75,9,25,15.2,309,23.89,0.766667,3,10.9
0.1,71.75,6.66667,30.6,15.6,110,27.78,3.7,3,10.89
24.9,68.25,9.33333,20.4,15.4,210,20.0,2.466667,3,10.25
0,50.25,1,24.4,8.8,310,22.78,2.566667,3,18.59
0,45.5,6.33333,29.2,14.8,410,30.0,3.4,3,15.81
0,54.75,8.66667,32.8,19.6,510,32.22,3.1,3,14.35
0.6,74.5,10,26.6,19.2,610,25.0,2.966667,3,5.33
0,64.5,7.33333,23.8,13.8,710,23.89,4.3,3,17.39
0,73.75,8,26.6,15.2,810,26.11,3.2,3,16.34
0.6,87,9,27.6,16.8,910,27.22,1.1,3,9.01
0,88.25,8,24.2,16.8,1010,22.78,2.866667,3,5.89
25.2,96.5,10,17.2,15.2,1110,17.22,3.466667,3,1.36
42.6,97.5,10,20.2,16.8,1210,20.0,1.7,3,2.47
26,98,10,19.4,16.6,1310,17.22,1.4,3,1.48
7.1,91,10,21,13.2,1410,20.0,0.966667,3,7.35
0.3,73.5,4.66667,23,10.6,1510,22.78,1.533333,3,18.74
0,73,5.66667,26.2,12.8,1610,26.11,2.633333,3,15.9
0,68.5,7,32.8,19.2,1710,32.22,2.633333,3,14.41
58.6,85.75,10,27.4,20.2,1810,25.0,2.066667,3,6.68
0,79,8.33333,24.2,17.4,1910,22.78,1.8,3,0
0,78.75,4,25.6,15.2,2010,25.0,2.3,3,0
5.4,89.75,6.66667,24.6,19.2,2110,22.78,1.533333,3,4.06
5.8,71.5,6.33333,21,11.2,2210,18.89,1.8,3,19.61
0,65,1.66667,21.4,7.2,2310,20.0,1.933333,3,20.06
0,72.75,5.66667,26.4,10.4,2410,25.0,2.9,3,18.65
5.7,79.75,6,25.4,16.8,2510,25.0,1.533333,3,10.79
0,83.25,8.33333,25.8,14.6,2610,25.0,1.366667,3,12.35
7,82.25,9,26.8,18.4,2710,22.78,1.7,3,11.37
31.8,90.75,7.33333,23.2,15.2,2810,17.78,1.833333,3,7.84
1.5,77.75,6.33333,24.8,16.8,2910,25.0,3.233333,3,15.64
0,74.25,9.33333,27.4,16.8,3010,27.78,1.966667,3,12.67
0,59.25,2.66667,24.2,17.4,3110,23.89,2.3,3,20.35
0,51.5,0,26.8,12,111,27.22,1.9,3,19.92
0,61.25,1.33333,31.6,14.2,211,28.89,2.1,3,19.25
16.4,82,10,25.6,17.2,311,25.0,1.366667,3,6.79
18.6,82.25,9.33333,23.4,18.2,411,22.22,2.2,3,9.61
0.2,70,3,23.8,13.6,511,23.89,3.066667,3,19.98
0,63.75,0,25.8,13,611,23.89,3.166667,3,19.8
0,69,4,28.2,14.8,711,27.78,2.566667,3,18.47
2.5,85,7.33333,25.4,18.4,811,23.89,3.3,3,12.04
0,78.25,5.33333,30,18.8,911,27.78,1.833333,3,15.3
0.5,78.5,6.66667,27.2,17.6,1011,23.89,0.533333,3,10.15
0,49.25,0,28.6,13.8,1111,27.78,2.033333,3,20.19
0,61.75,0,27.4,11.4,1211,23.89,1.4,3,21.09
0,58,0,30,11.6,1311,28.89,1,3,20.26
0,48.25,0.666667,33.6,14.2,1411,32.78,2.6,3,19.86
0,40.5,0,36.6,18,1511,36.11,3.266667,3,19.45
18.8,88,6.33333,29.6,16.8,1611,17.78,1.666667,3,5.13
0,81.75,9.33333,25.6,16,1711,23.89,1.366667,3,11.93
0,62,8.66667,26,18,1811,26.11,2.1,3,19.02
0,60,0,27,9,1911,26.11,0.866667,3,20.9
0,52.5,0,29.8,13.2,2011,28.89,2.2,3,20.44
0,71.25,6,25.8,16.8,2111,25.0,6.2,3,10.44
0,58.75,3.33333,24.2,9.6,2211,23.89,1.366667,3,21.38
0,54.25,0,31.6,9.2,2311,31.11,1.066667,3,13.56
0,51.5,0.333333,33.6,13.2,2411,32.22,2.933333,3,19.62
0,91.25,6.66667,24,14.8,2511,15.0,3.566667,3,1.84
13,86,9.33333,25.6,14.8,2611,22.22,0.766667,3,12.63
0,66,0,30,13.4,2711,27.78,1.1,3,20.61
0,69.25,2.66667,28.8,17,2811,28.89,3.8,3,19.37
0,67,2.66667,28.6,17.6,2911,27.78,4.066667,3,20.3
0,70.5,8.33333,27.8,18.4,3011,27.22,4.366667,3,17.87
0,64.75,0.666667,30.2,17.2,112,27.78,3.833333,3,19.79
0,74.75,3.66667,32.2,18.4,212,31.11,2.133333,3,14.48
2.3,85.25,9.33333,29.4,21.2,312,25.0,1.6,3,10.45
17.8,83.75,9.33333,23.8,20.8,412,22.78,2.766667,3,5.15
1,82,9,25.8,18.4,512,25.0,3.3,3,11.85
0,78.5,7,32,19.8,612,31.11,2.266667,3,17.73
0,66.25,3.66667,33.2,23.2,712,31.11,2.3,3,17.73
0,61.5,1,31.8,19.4,812,32.22,2.2,3,20.19
0,60.5,0,33.4,17.2,912,32.78,1.433333,3,19.85
0,42.25,1,34.2,18.8,1012,32.78,2.166667,3,19.09
0,50.5,0,27.6,16.4,1112,27.22,3.366667,3,21.16
0,57,0,30,14.2,1212,27.22,3.1,3,21.12
0,56.75,3.66667,36,17,1312,35.0,2.233333,3,17.52
0,62.25,7.33333,32.6,22,1412,27.22,2.166667,3,7.45
0,63.5,0.666667,33.8,17.6,1512,33.89,1.333333,3,19.43
0,59.5,0.666667,38,19.8,1612,37.22,1.3,3,19.18
8.6,74.25,7.66667,34,20.6,1712,27.22,3.133333,3,8.38
0,69.75,4.33333,24.8,18,1812,22.78,4,3,17.37
0,76.25,5.33333,28.2,15.8,1912,27.78,3.366667,3,17.52
0,81.75,7.66667,28.6,21,2012,27.22,2.566667,3,8.45
0,67,3.66667,32.4,19.8,2112,31.11,2.033333,3,17.84
5.7,87.5,5.66667,30.8,21.4,2212,28.89,2.2,4,11.32
33.5,91,8,30.6,21.8,2312,23.89,2.633333,4,8.59
0,72,9,27.8,19.6,2412,27.22,3.466667,4,14.93
0,70.75,0.666667,26.6,15.2,2512,26.11,2.933333,4,21.37
0,67.5,0,31.8,15,2612,30.0,1.933333,4,19.75
0,75.75,4.66667,34,20.6,2712,32.22,0.266667,4,18.03
0,75.5,4.33333,31.2,21.4,2812,30.0,2.4,4,16.61
0,82.25,10,29.6,22.2,2912,28.89,1.733333,4,13.52
15,76.5,4,31.2,21.2,3012,28.89,1.2,4,19.82
0,75.25,2.33333,33.6,20.4,3112,31.11,1.466667,4,19.89
0,81.75,8.33333,28.4,21.6,11,27.78,1.566667,4,9.76
6.2,77.75,9.33333,30,22.4,21,27.78,1.8,4,12.81
0,63.75,3.66667,31.8,18,31,30.0,1.133333,4,19.53
0,55.5,0.666667,34,15.8,41,33.89,1.333333,4,19.72
0,53.75,6,35.6,18.8,51,35.0,1.2,4,19.29
1,75.25,6,27.6,20.8,61,22.22,2.733333,4,10.8
0.4,64.75,1,28,14.2,71,27.22,2.266667,4,21.39
0,64,1.33333,30.4,15.8,81,28.89,3.133333,4,20.42
0,64.25,0,30.8,18,91,28.89,2.366667,4,20.1
0,67,3,33.4,20,101,32.22,1.933333,4,14.17
0,70.25,5.33333,34,20.6,111,32.22,2.366667,4,16.8
0,69,3.66667,33,20.6,121,32.22,1.866667,4,14.9
0,79,5.66667,32.2,21.4,131,30.0,2.633333,4,13
10.3,83.75,9,30.6,23.4,141,30.0,1.2,4,11.04
11.5,85.25,8.66667,29.4,23,151,28.89,1.366667,4,10.85
0.5,76.25,7.66667,29.8,20.8,161,28.89,2.966667,4,14.33
0,84.75,3.33333,31.2,20.4,171,30.0,2.633333,4,14.15
8.1,82,8.66667,29.8,22.6,181,28.89,2.2,4,10.7
1.6,67,4,30.8,17.8,191,28.89,1.166667,4,20.52
0,75,3.33333,31.6,16.4,201,31.11,1.266667,4,16.26
7.7,90.25,10,26,21.8,211,22.78,1.3,4,2.14
21.3,88.5,8.66667,29.2,22,221,27.78,2.166667,4,7.51
7.9,82.25,5,28.4,22.8,231,22.78,2.433333,4,6.93
3.7,84.75,8.66667,31.4,21.4,241,28.89,0.6,4,11.68
0,75.5,9,28.2,20.8,251,27.78,2.6,4,17.42
0,73,2.66667,28,17.6,261,27.78,3.233333,4,20.09
0,88.5,6,29,18.4,271,23.89,2.033333,4,8.81
41.8,88,9.66667,29.6,22,281,28.89,1.066667,4,10.75
0.2,71.75,7,28.8,21.4,291,27.78,2.366667,4,16.82
0,74.5,2,29,16.2,301,28.89,2.566667,4,19.29
0,74.75,0.666667,30.2,19.6,311,30.0,2.2,4,19.45
0,77.25,6.66667,31,19.4,12,28.89,2.133333,4,18.38
0,75.75,4,31.2,18.2,22,28.89,1.2,4,18.7
0,72.5,4.66667,29.8,18.8,32,28.89,2.333333,4,18.98
0,72.5,4,30.8,18.4,42,27.78,2.933333,4,19.9
0,76.25,3.66667,31.2,17.4,52,30.0,2.1,4,16.5
0,72,1.33333,32,19.2,62,32.22,1.7,4,19.29
0,70.75,4,33.2,20,72,31.11,1.933333,4,18.88
2.6,76.25,2.66667,34,19.2,82,33.89,0.933333,4,13.52
46.9,84.5,6.33333,33.8,21.8,92,26.11,1.866667,4,9.89
0,81.75,6.66667,31.4,20.2,102,30.0,2.333333,4,14.83
0,87.75,10,26.6,16.8,112,27.22,2.533333,4,8.15
3.7,75,5.66667,25.4,15.4,122,22.78,1.966667,4,14.58
0,72.5,0.333333,25.6,14.2,132,25.0,2.1,4,20.45
0,72.5,0.666667,28,16,142,27.78,2.4,4,19.96
0,66,0,28.8,17,152,27.22,2.733333,4,19.66
0,73.25,4.66667,30,17.4,162,28.89,2.2,4,17.48
0,79,5,31.8,18.4,172,31.11,1.8,4,15.87
0,79.5,6,31.6,19,182,30.0,1.033333,4,13.64
4,84.5,7.66667,29.2,22.2,192,27.78,1.966667,4,9.17
49.8,94.75,9.33333,25.8,20.6,202,22.22,1.6,4,4.67
1.9,85.5,8,29,17.4,212,25.0,1.2,4,14.25
0,80.25,3,27.4,14.4,222,26.11,1.233333,4,14.78
0,78.25,6.66667,27.8,17.4,232,27.22,1.6,4,17.75
0,75.5,4.33333,29.2,17.8,242,27.78,2.633333,4,17.18
0,79.5,4.33333,29.8,19.6,252,28.89,1.633333,4,16.01
0,78.5,7,30.6,19.2,262,30.0,2.1,4,17.48
0,77.75,8.66667,31.4,20.6,272,30.0,1.8,4,14.22
0,89.25,8,30,18.8,282,30.0,1.366667,4,13.21
21.9,84.25,9.33333,31.2,21,13,28.89,1.633333,4,11.03
0,81.75,6.33333,30.8,20.8,23,30.0,1.6,4,17.09
0,82.75,6.66667,28.6,19.2,33,28.89,2.2,4,11.92
0,77.25,7.66667,32.8,19.2,43,32.22,1.1,4,15.87
0,76.75,3.33333,33,19,53,22.22,1.366667,4,16.07
0,76.75,7.33333,30.2,20.2,63,30.0,1.066667,4,12.12
0,68.5,1.66667,26.4,15.6,73,23.89,1.133333,4,18.59
0,71,0,27.6,13.4,83,22.22,1.9,4,18.48
0,78.75,2.66667,29.8,15.6,93,27.78,1.966667,4,16.41
0,77.25,3.66667,34.8,17.6,103,33.89,1.633333,4,16.73
0,65,2,34.6,17.4,113,32.78,0.966667,4,16.41
0,73.75,3.33333,25.6,14.2,123,23.89,0.866667,4,18.52
0,71.25,3.33333,29.8,10.8,133,27.78,1.466667,4,15.66
0,67.75,3.33333,33,17.6,143,32.22,2.333333,4,14.51
59.2,81.25,8.33333,28.4,19.8,153,27.78,1.366667,4,4.81
0,75.25,0,27.8,12,163,26.11,0.966667,4,17.84
0,77.5,3,32.2,18.2,173,31.11,1.2,4,15.52
0,64.5,1,36.8,22.6,183,37.22,1.566667,4,15.31
9.2,79,8,31.6,18.4,193,23.89,0.766667,4,11.86
11.9,87,7.66667,23,15.8,203,22.22,1.2,2,7.97
0,78.25,4.33333,25,15,213,25.0,1.8,2,13.29
0,77.5,2.66667,25.6,12.2,223,26.11,1.866667,2,14.73
0,84.5,6.33333,30.8,16.6,233,28.89,1.8,2,12.65
64.8,89.5,8.66667,27.4,18.8,243,18.89,2.233333,2,0.61
0,82.5,9.66667,21.6,16.4,253,20.0,3.033333,2,8.13
0,78,4,22,10.8,263,22.22,2.2,2,15.27
0,86,9,24.8,18.2,273,25.0,3.033333,2,9.19
0,84.5,8,28.4,20,283,27.22,1.666667,2,11
0,86,9,29.2,20.8,293,27.78,1.8,2,12.31
0,85.75,6.33333,28.8,19.8,303,27.78,1.8,2,9.49
0.6,95.75,10,24.6,20.6,313,22.22,1.533333,2,1.69
22.5,90.25,9.33333,27.4,20.4,14,27.22,1.233333,2,6.22
11.2,86.25,9,26.2,19.6,24,25.0,1.7,2,10.65
0,86.25,3.33333,28.6,17.8,34,26.11,1,2,13.87
3.1,90.25,8,26.8,18.2,44,26.11,0.7,2,10.7
0,88,4.66667,27.4,17.8,54,27.78,1.533333,2,11.72
0,83.75,4,27.4,16,64,27.22,0.833333,2,14.79
0,81,5,31,15.8,74,30.0,0.966667,2,14.48
0,76,2.66667,31.2,17.4,84,31.11,1.6,2,13.86
0,79.25,6.33333,31.2,19.6,94,31.11,1.933333,2,13.2
0,70.75,6.66667,33.4,20,104,32.78,2.2,2,13
0,64,3,35.4,20.2,114,35.0,3.866667,2,13.68
0,66.75,2.66667,35,23.4,124,35.0,2.366667,2,13.37
8.9,90.5,9.33333,26.2,17.8,134,18.89,3.566667,2,1.53
2.3,89.5,10,19.6,16.6,144,17.78,1.7,2,2.22
0.1,80.75,5,25.2,14.8,154,25.0,2.166667,2,13.86
0,79,0,26.6,16.6,164,27.22,2,2,14.03
0,72.5,1.33333,28.6,16,174,27.78,2.266667,2,13.63
0,75.75,2.66667,31.4,15.8,184,31.11,0.933333,2,12.75
0,73.25,2,32.2,17.6,194,32.22,1,2,12.8
18.2,79.5,4.33333,32.4,17.8,204,31.11,2.2,2,9.6
100.4,96.25,9.33333,23.8,19.8,214,21.11,0.766667,2,1.79
0,86.5,4.33333,31.4,19,224,30.0,0.6,2,12.26
0,92.5,6.66667,26.8,20.6,234,25.0,0.7,2,3.85
0,93,7.66667,26.8,20.2,244,27.22,0.933333,2,5.04
0,94,9.33333,27.2,20.8,254,27.22,0.6,2,6.3
0,91.25,9,26,19.8,264,26.11,1.366667,2,6.12
0,89.75,10,29.2,20,274,28.89,0.766667,2,6.05
0,86.75,4.33333,31.4,17.8,284,32.22,0.766667,2,10.65
0,81.5,6.66667,32.8,18.2,294,32.22,1.233333,2,11.14
0.9,90.25,10,24.4,20,304,22.22,2.033333,2,1.38
0.4,90.75,10,20.6,18.6,15,18.89,2.8,2,1.84
0,90,10,22.4,17.2,25,22.78,1.966667,2,5.27
4.1,94,6.66667,21.6,19,35,21.11,1.233333,2,1.43
5.2,89.25,9.66667,26.8,17.8,45,26.11,1.033333,2,8.53
0,90.5,8.33333,23.8,19.4,55,23.89,2.533333,2,5.02
0,86.75,9,25.8,20.2,65,26.11,2.533333,2,7.62
0,84.5,6,25.8,18.4,75,26.11,2.966667,2,9.59
0,85.75,6.66667,26,17.8,85,26.11,1.8,2,8.39
0,85.25,6.66667,25.2,18,95,25.0,0.866667,2,3.66
2.7,79,10,25.8,19.6,105,26.11,1.833333,2,6.08
12.4,86,9,22.2,17.8,115,22.22,1.733333,2,4.78
1.7,87.25,4.33333,22,14.4,125,22.22,0.6,2,8.19
0,84.5,3.66667,21.2,9.8,135,21.11,0.933333,2,11.14
0,81.75,6.66667,26.8,11.8,145,27.22,2.2,2,8.86
1,95.25,6.66667,21.8,15.8,155,21.11,0.166667,2,1.75
0,82.5,8.66667,19.8,14.2,165,18.89,2.033333,2,10.34
0,83.5,7.66667,19.4,7.4,175,18.89,1.9,2,8.99
4.6,99,10,17,13.4,185,15.0,3.133333,2,0.63
23.8,91.5,9.66667,16,11.4,195,16.11,2.466667,2,2.71
4,89.5,6.66667,14.2,10,205,15.0,1.5,2,4.2
0,91.5,3.33333,17,5.8,215,16.11,0.433333,2,8.99
0,91.75,2.66667,17.8,5.8,225,16.11,0.833333,2,9.31
0,84.5,0,17.6,3.8,235,17.22,0.533333,2,10.66
0,87,0,17,2.4,245,17.22,0.833333,2,10.76
0,88,0,18.4,2.6,255,18.89,1.3,2,10.49
0,93.5,3.33333,21,8.2,265,17.78,1.2,2,6.86
0,86.75,4.66667,27,11.8,275,27.22,0.7,2,8.48
0,63.25,0.666667,29.8,18,285,28.89,3.766667,2,9.3
0,71.75,2,26.2,17.8,295,27.22,3.3,2,9.79
0,73,6,29.2,15.8,305,27.78,1.833333,2,8.77
8.5,86,8.33333,22,17.2,315,17.22,1.3,2,0.83
15.1,97.5,10,20,14.4,16,17.22,1.6,2,0.97
0,91.5,9,14.4,8.2,26,12.22,1.766667,2,3.16
0,95,3.66667,12.8,4.2,36,12.22,0.766667,2,3.76
0,94,7.66667,15,7.2,46,15.0,1.866667,2,3.09
0,90.25,9,16,11,56,15.0,1.4,2,3.89
0,88.5,9,14.8,7.8,66,15.0,0.966667,2,7.82
0,73,0.666667,17.2,4.2,76,17.22,1.266667,2,10.27
0,85.5,0,19,3,86,17.22,0.966667,2,10.18
0,76.5,2.33333,22.2,3,96,22.22,1.366667,2,9.28
0,55.75,7,30.2,15,106,28.89,5.133333,2,6.62
0.7,79.75,10,30,19.6,116,30.0,4.133333,2,4.33
19.8,89.5,10,19.6,14.8,126,16.11,2.266667,2,1.32
0.7,83.25,8.66667,14.8,7.8,136,12.22,1.5,2,3.85
0,88.75,8.33333,10.4,2.4,146,10.0,0.766667,2,3.35
0,91.75,8.66667,11,1.2,156,10.0,0.966667,2,6.12
0,83.75,0,12.2,-0.6,166,12.22,1,2,10.1
0,88.75,0,12.8,-1,176,12.22,1,2,10.22
0,96.25,4.33333,13.4,0,186,12.78,0.833333,2,5.63
0,96,9.33333,18.2,6.8,196,17.78,1.633333,2,4.64
0,88,3.33333,24.2,5.8,206,23.89,0.866667,2,9.19
0,78.25,9.33333,27.2,12,216,27.22,1.333333,2,7.4
0,84.75,5,18.6,5.6,226,17.22,1.5,1,9.95
0,80,6,25.4,9.4,236,22.22,5.466667,1,3.29
27.7,92.5,10,17.4,10,246,11.11,2.066667,1,1
3.6,97.75,10,11.4,9.6,256,11.11,1.033333,1,1.29
3.5,90.25,5.66667,16.2,9.6,266,16.11,0.966667,1,0.16
0,98.25,6.66667,14.2,5.4,276,13.89,1.4,1,0.16
1.5,97.25,10,17,11.6,286,13.89,1.033333,1,0.16
37.2,98.5,10,16.4,15.2,296,17.22,0.833333,1,0.16
32.3,97,8.33333,18.2,12.8,306,17.78,1.466667,1,0.16
0.1,94.25,9.33333,21.8,14.4,17,21.11,1.2,1,5.56
0,80,6.66667,25.6,15.2,27,23.89,2.266667,1,4.43
16.2,75.75,10,16.8,9.6,37,12.22,2.966667,1,7.46
0,88,10,10.6,7.4,47,10.0,3.466667,1,2.44
1.5,97.75,10,12.8,9.8,57,12.78,1.766667,1,1.67
0.5,95.25,10,15,11.6,67,15.0,2.966667,1,1.43
0.2,97.5,9.33333,20.4,14,77,21.11,2.033333,1,1.97
0.3,91.75,10,15.2,10.2,87,12.78,1.5,1,2.86
2.9,89,9.33333,13,9.8,97,12.22,1.533333,1,2.2
0.5,93,9.33333,13.6,7.4,107,12.22,0.866667,1,3.37
0,90.75,8.33333,15.4,3.6,117,15.0,1.3,1,7.63
0.1,96.5,3.66667,15.2,4.4,127,15.0,0.5,1,6.15
0,89.25,0.666667,19.4,3.6,137,18.89,0.533333,1,9.36
0,72.5,0,27.2,7.4,147,27.22,1.8,1,9.19
0,77.75,2.33333,29,15.2,157,28.89,1.366667,1,7.65
5,93,6.66667,20.4,14,167,16.11,3.8,1,2.71
29.5,95,10,21.4,14.2,177,18.89,2.066667,1,1.7
28.5,81.5,4.66667,29.6,16,187,30.0,2.033333,1,8.74
0,49.5,3,29.4,18.8,197,28.89,4.133333,1,9.33
0,95.25,8,27,9.2,207,12.22,2.033333,1,0.16
16.2,79.5,3.33333,14.8,6.4,217,13.89,1.466667,1,11.21
0,91.75,6.33333,13.6,3.8,227,12.78,1.366667,1,5.04
0.5,87.25,10,12.6,10.6,237,12.78,2.633333,1,1.48
0,88,10,12.6,9,247,12.22,2.566667,1,1.71
17.8,98.75,10,15,12.2,257,15.0,2.7,1,0.71
20.8,90.25,10,15.4,11.4,267,15.0,0.866667,1,2.8
0.5,90.5,7.66667,14.4,6.6,277,13.89,1.2,1,3.89
5.9,99,10,13.6,10.6,287,12.22,0.833333,1,1.3
0,83.5,5.66667,16.2,9.2,297,16.11,2.1,1,8.69
0,90.5,7.66667,17,8,307,17.22,0.8,1,7.83
0,87.75,2.33333,16,4,317,15.0,1.2,1,10.57
0,86.75,6,13.8,4.8,18,13.89,2.266667,1,9.08
0,89.25,6,17,6.4,28,17.22,1.666667,1,7.87
0,94,6.66667,17,11.6,38,17.22,1.066667,1,3.35
0,89,5.66667,16.4,10,48,16.11,1.6,1,4.09
0,91,3.33333,15.2,6.6,58,12.78,1.6,1,4.02
0,88.25,3.33333,19,3.4,68,18.89,1.1,1,12
0.8,80.25,0,24.4,6.4,78,23.89,2.566667,1,11.9
4.9,87.25,6.66667,19.2,11.6,88,16.11,1.733333,1,2.37
2.5,92.75,6.66667,13,8.2,98,10.0,3.3,1,1.92
0,82.5,7.33333,13.4,6.4,108,12.22,2.033333,1,8.3
0,93.25,10,15,9,118,11.11,1,1,5.32
0,88.5,2.66667,19.8,5.4,128,20.0,1.766667,1,12.52
0,87,3.33333,24,11.2,138,22.22,1.466667,1,11.3
0,84.75,6.66667,23.8,9.2,148,22.78,1.366667,1,9.03
0,81.75,7,18,11.4,158,17.22,2.1,1,10.42
0,86,6.66667,18.6,8.6,168,18.89,2.9,1,11.09
0,87.75,3.33333,23,10.2,178,17.22,0.8,1,11.55
0,71.25,0.333333,27.2,10.4,188,27.78,2,1,12.39
17.2,92.25,5.66667,23.2,10.2,198,17.78,2.4,1,4.46
2.6,87,10,12.2,7,208,8.89,0.6,1,5.2
7.9,87.5,6.66667,11,5.4,218,11.11,1.266667,1,5.82
0.6,91,10,11.6,9.6,228,11.11,3.533333,1,4.11
7.5,84.75,7.66667,18.4,9.8,238,17.78,2.2,1,10.9
34.1,91.5,9.66667,23.2,13,248,17.78,3,1,1.07
0,72.75,4.66667,15.4,7.8,258,8.89,1.766667,1,14.57
0,80.25,0,17,1,268,15.0,0.6,1,14.89
0,77.75,0,19.6,2,278,10.0,1.966667,1,14.8
0,68.75,0,24.4,5.8,288,25.0,1.733333,1,14.22
0,89.25,6.33333,21.2,13,298,21.11,1.2,1,4.32
2.9,92,8,26.8,17,308,17.78,2.066667,1,3.15
47.1,97,9.66667,20,15,318,20.0,1.466667,1,1.49
33.6,98.5,10,16.2,14.6,19,16.11,2.433333,1,0.94
21.8,96.5,10,18.2,15,29,17.22,0.433333,1,2.21
7.9,90.5,10,19.6,14.8,39,18.89,3.266667,1,4.53
3.4,89.5,7.66667,19.6,9.4,49,17.22,0.866667,1,9.27
0,83.5,0,20.8,8.2,59,21.11,1.8,1,15.68
0,75.75,0,27.2,9.6,69,27.22,0.433333,1,15.22
0,77,0,26.2,9.6,79,25.0,1.4,1,15.11
0,72,0,24.2,10.6,89,25.0,2.866667,1,15.59
0,78.25,4.66667,20.2,13.1,99,20.0,4.133333,1,15.56
0,77.25,6.33333,22.8,15.8,109,22.22,4.7,1,9.88
0,78.25,9.33333,20.2,13.2,119,20.0,3.766667,1,7.07
0,80.5,5.66667,24,12.8,129,22.78,3.1,1,14.52
4.5,88.5,6.66667,24,14,139,23.89,1.7,1,5.75
7.4,92.75,9.66667,20.4,17.8,149,20.0,2,1,2.95
3.9,90.5,9,22.2,16.2,159,22.78,2.8,1,8.33
2,87,9.33333,23,16.2,169,22.78,2.3,1,10.98
6.3,95,10,20,16.6,179,20.0,1.5,1,3.35
0.1,86.25,9.33333,24,16.8,189,23.89,1.133333,1,8.11
0,71.25,3.33333,30.2,14.2,199,28.89,2.333333,1,14.76
0,83.75,8,22.4,16.4,209,22.22,3.433333,1,11.15
1.7,84,1.33333,28.2,14.4,219,27.78,1.233333,1,13.61
0,65.75,0,33.2,16.8,229,33.89,1.466667,3,15.57
9,89.5,6.66667,30.2,18.4,239,18.89,3.333333,3,3.04
75,93.5,8.33333,21,17.6,249,21.11,3.133333,3,1.96
8.8,96,10,19,16.8,259,17.78,2.8,3,1.58
7.9,93.25,9.66667,23.6,17.8,269,22.22,0.9,3,6.36
0,90.75,9,24,19.2,279,23.89,2.066667,3,6.9
0,86,6.33333,26.2,19.6,289,26.11,2.566667,3,11.11
0,64.75,4.33333,33.4,19.6,299,32.78,2.933333,3,14.29
46.8,81.25,8.66667,28.4,17.6,309,22.78,2.466667,3,5.36
0,87.75,10,22.6,17.6,110,22.22,3.066667,3,4.04
39.1,91.25,10,17.6,12.6,210,16.11,3.7,3,3.63
5.3,84.5,8.66667,20.8,13,310,20.0,2.5,3,10.68
0,81.25,5,22.8,10.8,410,22.78,1.433333,3,16.01
0,70.75,4.66667,20.6,10.6,510,21.11,1.5,3,18.13
0,72,4,21.6,10.4,610,22.22,3.866667,3,15.86
0,77,5,28,13.4,710,27.78,1.366667,3,14.51
0,81,5.33333,30.8,18,810,28.89,1.133333,3,14.15
0,81.5,5.33333,28.2,21,910,22.78,1.066667,3,6.35
12.9,77.75,9.66667,22.4,18.2,1010,22.22,3.4,3,5.36
0,68.5,5.33333,22,13.4,1110,22.22,5.066667,3,11.89
0,93,10,25.4,16,1210,22.78,1.3,3,5.37
27.6,79.75,9.66667,21,16,1310,20.0,3.033333,3,5.99
0,79.75,5.33333,22.8,11.4,1410,22.78,2.2,3,17.58
0,81.75,3.66667,25,12,1510,25.0,2.033333,3,17.88
0,75.75,0.666667,28.2,15.8,1610,27.22,1.9,3,17.37
0,70.75,3.33333,29.4,20,1710,27.78,3.533333,3,9.84
0,83.25,9.33333,28.8,20.2,1810,28.89,1.533333,3,8.21
0,69,7,25,19,1910,25.0,3.933333,3,11.97
0,63.75,2.33333,23.2,12.2,2010,22.78,4.3,3,19.13
0,66.25,1.66667,26,12.4,2110,25.0,3.033333,3,18.69
0,65,3.33333,30.6,14.6,2210,28.89,2.1,3,16.22
0,69,9.33333,25,18.8,2310,22.22,4.166667,3,13.04
0,67.75,7,25.8,14.8,2410,26.11,4.566667,3,17.96
0,74.25,8,28.4,16.4,2510,27.78,1.9,3,16.65
0,81.5,7.33333,25.8,17.8,2610,26.11,4.366667,3,8.7
0.8,81.5,8.66667,25,15.4,2710,23.89,1.933333,3,11.24
1.8,65.75,6,24.8,13.6,2810,23.89,2.733333,3,18.26
0,68.5,7,27.4,14.4,2910,27.22,2.166667,3,17.81
0,66,2.66667,34.8,16,3010,35.0,2.533333,3,15.64
14,78.5,10,27.4,20,3110,23.89,2.2,3,4.5
1.2,78.5,8.66667,24,17.8,111,23.89,1.4,3,13.01
0,72.75,2.33333,27.6,14.8,211,27.22,2.9,3,18.43
16.4,93.75,8.66667,23.4,17.8,311,22.78,0.866667,3,4.45
0,75,3.33333,25,15.4,411,22.78,2.7,3,17.85
0,74.5,0.333333,29.2,15.2,511,28.89,2.866667,3,18.81
0,68.25,6,29.2,18,611,30.0,2.6,3,16.69
0,70.5,9,27,19.2,711,23.89,3.7,3,9.93
0,62.5,0,29.2,17.2,811,27.78,3.466667,3,19.21
0,58,1,32,20,911,32.22,1.966667,3,16.13
0,56.5,3.66667,34.8,22.4,1011,32.78,1.9,3,18.57
0,62.25,5.66667,33.6,23,1111,32.78,1.033333,3,13.22
0,59.5,8,35,22,1211,35.0,1.6,3,12.55
0,82.5,10,30.6,22.2,1311,31.11,1.866667,3,2.42
23.8,73.5,8,27.4,21.4,1411,27.78,2.133333,3,14.55
0,65,0,29.8,14.4,1511,27.78,0.966667,3,19.64
0,59,0,30.2,14,1611,28.89,3.4,3,19.71
44.6,91.75,6.66667,24.2,18.8,1711,20.0,2.4,3,1.09
0,74.75,8,24.4,17.8,1811,22.22,2.133333,3,8.54
0,62.5,2,24.2,11.8,1911,22.22,2.1,3,20.79
0,65.5,0,29.4,10.8,2011,28.89,2.133333,3,20.04
0,63,0,33,15,2111,32.22,2.033333,3,18.81
0,56.5,2.33333,34.6,18.6,2211,33.89,2.1,3,18.08
115.4,91.75,7.66667,27.6,18.8,2311,27.78,2.8,3,4.05
0,77.5,9,28.6,17.6,2411,27.78,1.7,3,13.72
0,71,2.33333,26.2,16.2,2511,25.0,1.666667,3,19.54
0,54.25,3.33333,26.2,16,2611,27.22,3.966667,3,19.44
0,82.75,7.66667,26,17.2,2711,25.0,3.133333,3,12.62
1.3,88,9.33333,28.4,19,2811,26.11,1.566667,3,10.65
1.6,79.25,7.66667,32.4,19.8,2911,28.89,0.8,3,12.95
40.8,76.5,5.33333,31.4,20,3011,28.89,1.366667,3,14.16
0,70.75,6,27.8,20.8,112,27.22,3.8,3,15.42
0,64,5.66667,22.4,12.6,212,20.0,3.7,3,18.49
0,61.75,0,25.6,10.2,312,22.78,0.7,3,20.51
0,51.5,0.666667,29,11.8,412,27.78,2.533333,3,20.4
0,64,2.33333,28.2,15.4,512,26.11,2.7,3,18.76
0,61.75,7.33333,25.8,14.8,612,21.11,2.366667,3,17.64
0,57.25,4,25.4,13.2,712,21.11,2,3,20
0,53.25,0,25.8,11,812,22.78,1.933333,3,19.96
0,57.5,4.66667,31.8,14,912,31.11,1.6,3,14.75
0,57.75,2.33333,34.4,17,1012,32.78,1.533333,3,18.27
0,61,4.33333,38.4,20.4,1112,38.89,1.533333,3,16.32
2.5,81.75,9.33333,30,21.2,1212,28.89,0.833333,3,9.77
0,77.5,5,33.2,21.8,1312,32.22,3.533333,3,16.29
0,73.25,8.66667,32.8,22.8,1412,32.78,2.566667,3,7.73
2.3,86.5,6.66667,26,20,1512,25.0,1.066667,3,7.66
0,74.5,9,34.4,20.8,1612,32.22,1.333333,3,16.48
3.3,70,3,37.4,21.2,1712,37.78,2.2,3,14.31
18.4,95,9,23.2,20.4,1812,21.11,2.133333,3,3.26
36.1,85.75,10,26.6,20.2,1912,23.89,2.233333,3,8.21
107.4,92,10,25.6,21.2,2012,22.22,2.866667,3,0.57
3.7,86,9.33333,27.4,21,2112,26.11,1.433333,3,7.16
0,79.5,6,30.6,19.2,2212,28.89,1.2,4,17.64
0,71.5,3,30.8,19.4,2312,28.89,2.5,4,17.49
0,71,4.33333,28.4,19,2412,27.78,3.466667,4,19.15
0,81.75,4,29.8,19.6,2512,28.89,2.366667,4,14.29
2.5,74.25,3.33333,31.2,19.4,2612,30.0,1.533333,4,17.91
0,74,4.33333,32.8,19.8,2712,32.22,1.266667,4,18.42
0,72.5,1.33333,34.2,22.4,2812,32.78,1.966667,4,15.11
0,67.25,5,35,22.6,2912,32.78,1.566667,4,18.05
0,75.5,4.66667,35,22.6,3012,30.0,2.166667,4,15.24
0,73.75,8.66667,32,24,3112,31.11,2.1,4,15.6
0,71,6.66667,36.4,24.2,11,35.0,2.166667,4,15.19
0,72.25,8,38,25.6,21,37.78,2.1,4,15.92
19.6,90.25,7.66667,30.8,20,31,26.11,1.3,4,6.36
6,84.75,10,26.6,18.8,41,23.89,2.333333,4,8.63
0,82.75,7.66667,27.8,19.8,51,25.0,2.8,4,11.76
0.2,72,4.66667,32.8,20.6,61,32.78,1.433333,4,13.97
10.7,71.75,10,30.6,23.4,71,26.11,4.5,4,2.09
42.6,88.25,7,28.4,20,81,26.11,1.666667,4,8.06
29.2,96.75,8,27.8,20.4,91,22.78,1.566667,4,2.61
0,82,9.66667,29,21.4,101,27.78,1.266667,4,11.46
0,85.25,10,25,22.2,111,23.89,2.733333,4,5.53
11.5,94.25,10,25,21,121,25.0,2.1,4,7.21
11.2,90,5.66667,31.2,22,131,31.11,3.166667,4,15.12
14.8,87.25,9.33333,33.4,22.2,141,32.22,1.1,4,13.77
20.6,81.5,9.66667,33.8,24,151,33.89,3.166667,4,14.23
1.4,85.5,10,29,23.8,161,27.78,2.266667,4,6.91
65.4,97,9.33333,27,20.4,171,23.89,2.433333,4,1.61
30.1,95.5,10,26.4,20.4,181,22.78,1.5,4,3.94
0,93.25,10,24,18.2,191,21.11,2.966667,4,12.13
2,81.75,8.33333,27,19,201,25.0,2.266667,4,11.1
0,81.75,6,28.8,20.4,211,27.22,1.6,4,12.45
0,80.5,2.66667,32.2,19.4,221,31.11,1.166667,4,17.53
0,84.5,6.66667,31.4,22.4,231,31.11,2.1,4,11.17
0.8,77.5,8,31.2,23.2,241,31.11,2.666667,4,15.7
0,75.25,3.33333,31.6,22.6,251,30.0,3.133333,4,18.47
0,75.75,6.66667,34,22,261,32.78,1.7,4,15.39
0,73,3.33333,35.6,23,271,35.0,2.3,4,16.75
0,63.25,2,34.4,24.8,281,35.0,2.266667,4,18.56
0,63.75,3.33333,35.8,24.8,291,35.0,2.7,4,17.71
0,64.75,4.66667,36,24.8,301,35.0,2.033333,4,16.01
0,84.5,3.66667,35,23.8,311,33.89,1.5,4,12.44
3.8,78.25,9,32.2,22.1,12,32.22,1.433333,4,12.93
0,75.75,9,30.4,23.2,22,30.0,2.033333,4,11.09
0,75.25,8.66667,26.4,19.6,32,23.89,3.633333,4,12.9
0,70.5,6,27,17.8,42,26.11,2.9,4,14.15
0,71,3.33333,27.8,17.2,52,27.22,2.533333,4,18.05
0,72,3.33333,30.4,17.2,62,28.89,1.966667,4,15.92
0,72.75,3,32,19.2,72,30.0,1.766667,4,16.49
0,72.75,6.33333,33,20,82,32.22,1.033333,4,14.17
0,70.25,6.66667,37,20.8,92,36.11,1.7,4,15.26
3.1,80.5,8.33333,31.2,22,102,31.11,2.733333,4,9.42
0.3,83,4.33333,33.4,21.4,112,32.78,1.133333,4,9.93
22.8,73.25,9.66667,24.8,18.8,122,22.78,2.466667,4,6.1
0,75,3,25.6,13.8,132,23.89,1.766667,4,17.69
0,82.5,4,29.6,16.4,142,28.89,2.333333,4,15.66
17.4,95,10,24.6,18.6,152,22.22,1.7,4,4.15
20.1,81.5,8,29,19.6,162,27.78,2.766667,4,15.4
1,78,2.33333,28.6,19.2,172,27.78,2.233333,4,17.65
0,80.25,3,30.8,19.6,182,30.0,1.966667,4,16.01
0,78.25,3.33333,32.6,20,192,31.11,0.866667,4,17.36
0,75.25,1.33333,33,21.4,202,32.22,0.866667,4,17.52
0,71,0,34.2,19.8,212,33.89,1.433333,4,17.86
0,73.5,0.666667,34,19.4,222,32.78,1.266667,4,17.39
0,69.25,3.66667,36.4,22.2,232,36.11,1.166667,4,16.01
13.5,77.25,5.66667,31.4,22.4,242,23.89,2.666667,4,5.77
1.4,94.5,9.33333,23.2,19,252,21.11,0.866667,4,2.48
0,77.75,8,26.6,18.4,262,26.11,1.7,4,14.22
0,76,2.33333,26,14.4,272,25.0,1.4,4,18.19
0,74.5,0.333333,27.6,12.6,282,26.11,1.633333,4,19.02
0,74.5,0,29.2,13.4,13,28.89,1.6,4,18.5
0,67.25,0,32,14.4,23,31.11,0.866667,4,18.41
0,76.5,1,31.2,17.8,33,30.0,1.633333,4,17.34
0,69,2,36.2,18.6,43,33.89,1.533333,4,17.58
0.7,70.75,6.66667,33,23.2,53,30.0,1.933333,4,12.84
0,82.75,9.66667,31.4,22.4,63,28.89,2.966667,4,9.24
0,71,6,33.6,21.8,73,32.78,2.433333,4,14.21
3.6,93,9.33333,26.4,21.4,83,22.78,2.7,4,3.03
32.7,85.75,10,22,17.8,93,22.22,2.8,4,3.7
0,68,7.33333,25.2,15,103,25.0,3.333333,4,13.42
0.5,77.25,4.66667,27,15.4,113,26.11,2.7,4,16.54
22.8,95.5,9.33333,25,19.4,123,22.78,0.766667,4,3.3
0,79.25,8.66667,28.2,20,133,26.11,0.6,4,13.01
0,81.75,1.33333,27.4,16,143,26.11,0.866667,4,15.54
0,81,1,28.2,14.8,153,27.22,0.633333,4,17.35
0,81.5,5.66667,29.6,19.2,163,30.0,2.866667,4,12.22
59.6,96.75,10,24.8,21,173,22.78,1.933333,4,4.47
9.8,87.75,9,29.2,21.2,183,27.22,1.3,4,9.66
3.9,79,6,30,19.6,193,27.78,1.366667,4,12.52
2.7,79.25,10,24.2,16.8,203,22.22,1.233333,2,9.38
0,76.25,2.66667,22.6,12,213,22.22,2.033333,2,17.62
0,78.25,2.33333,26,11,223,23.89,1.2,2,15.9
0,79.25,3.66667,27.2,13.2,233,25.0,0.7,2,16.79
0,74.25,2,29.6,14.2,243,27.78,1.333333,2,16
0,67.5,1,24.8,12.6,253,22.78,1.533333,2,17.09
0,78,2.66667,24.2,11,263,22.78,1.366667,2,14.82
0,78.25,5.66667,25,16,273,25.0,2.866667,2,8.95
0,76.25,3.66667,26.8,17.6,283,27.22,4,2,14.37
0,77.5,5.33333,29.4,17.8,293,27.78,1.966667,2,12.45
0,71.75,3.33333,32.6,18,303,32.22,2.166667,2,12.27
0,86,10,30,20.8,313,27.78,1.366667,2,8.07
0,78.75,3.66667,30.8,20,14,27.22,1.8,2,13.87
0,78.5,4.66667,33.8,20.6,24,32.78,1.233333,2,11.45
0,82.25,6.66667,32.6,22.8,34,30.0,0.6,2,9.99
108.6,95,8.66667,29.2,22.4,44,26.11,1.033333,2,3.85
0,82.5,9.66667,23.6,17.2,54,22.22,2.433333,2,5.02
0,81.5,8.66667,24,17,64,22.78,2.3,2,9.07
1.6,86.75,9,23.8,18.8,74,23.89,1.633333,2,6.99
0,80,5.66667,25.6,15.2,84,25.0,2.233333,2,13.6
0,82.5,3.33333,25.4,13.8,94,25.0,2.166667,2,13.58
0,77,0.666667,30,15,104,27.78,1.633333,2,14.12
0,81.25,6.66667,28.8,17.2,114,27.78,1.5,2,9.11
0.5,88.5,4.66667,26.8,14.8,124,25.0,0.333333,2,8.45
0,88.5,6,28.8,17.2,134,27.22,1.166667,2,8.95
0,88,6,31,19.4,144,28.89,0.4,2,9.77
0,79.25,4.66667,27.8,17,154,27.78,3.066667,2,10.77
27,87.25,10,21,18,164,20.0,3.2,2,2.8
0.5,84.5,8,24.4,15,174,22.78,0.966667,2,10.4
0,86.5,6.33333,25.2,12.8,184,26.11,1.066667,2,12.79
0,84,6.66667,29.2,13.6,194,27.22,0.866667,2,12.53
0,85.75,6.66667,26.8,17.2,204,25.0,0,2,5.07
0,90.5,10,23,19.2,214,22.22,1.466667,2,2.39
0,81,6.66667,22.6,15.6,224,22.22,2.566667,2,10.96
0,84.25,5.33333,24.4,16.2,234,23.89,2.2,2,10.47
0,84.75,6.66667,27.4,18.6,244,27.78,2.8,2,10.98
2.7,94.25,10,22,20,254,22.22,2.8,2,1.7
14.5,93.25,10,27,20.6,264,26.11,1.533333,2,5.91
46,95.75,10,22.4,19.6,274,22.22,1.3,2,1.29
9,89,7.66667,24.4,16.8,284,22.78,1.266667,2,8.46
0,90,4.66667,25.4,12.4,294,23.89,0.833333,2,11.65
0,84.5,5,23.8,13.6,304,23.89,2,2,9.91
3.1,87.75,8.66667,24,16.4,15,22.22,0.8,2,8.36
0,84.25,3.33333,28.2,11.8,25,27.22,0.766667,2,11.55
0,94.25,6.33333,28,18.2,35,26.11,0.7,2,5.05
47.2,88.25,9.66667,32,21.8,45,31.11,0.766667,2,7.06
0.3,95.25,6.66667,25.6,21.8,55,23.89,2.6,2,2.7
20.3,92.5,9.66667,24.2,19.2,65,22.78,1.433333,2,1.9
2.8,82.75,10,21,16.6,75,20.0,3.033333,2,5.17
0,87.75,6.66667,22,13.6,85,22.22,2.366667,2,9.2
20.5,93.5,10,25,17.2,95,25.0,1.6,2,4.91
36,95,10,26.2,19.8,105,21.11,1.633333,2,2.15
5.1,87.5,9.33333,25.6,15,115,20.0,1.54296,2,5.09
0,91.75,8.66667,18.4,10,125,17.78,1.166667,2,4.33
21.4,98,9.33333,16.6,13.6,135,17.22,2.133333,2,2.03
10.6,86.5,7.33333,22.4,12.6,145,18.89,1.366667,2,6.33
1.6,90.5,9,21,15.8,155,20.0,1.466667,2,4.35
0,85,5.66667,23.2,16.4,165,22.78,2.7,2,8.38
0,87,0,22.6,13,175,22.22,1.8,2,10.29
0,87,3.66667,29.4,15,185,26.11,1.88592,2,9.49
0,85,6.66667,20.4,16.8,195,26.11,0.566667,2,8.59
29.4,90.75,8.66667,24.8,15.8,205,23.89,1.166667,2,6.96
0.2,89,9.33333,22.6,18.2,215,22.22,1.633333,2,3.19
10.7,96.75,9.33333,19.8,17.8,225,20.0,1.8,2,1.45
17.6,87.5,10,20,15.4,235,18.89,2.633333,2,6.45
7,94,9.33333,17.4,13.6,245,15.0,1.166667,2,3
0,89.75,6,20.6,8.4,255,20.0,1,2,10.19
0,90.75,8.66667,22.2,10.2,265,22.22,1.266667,2,8.93
1.4,92,10,23.4,16.2,275,22.78,2.3,2,3.91
14,95.5,10,19,14.8,285,18.89,1.1,2,2.14
0.3,88.25,5.66667,21,13.2,295,16.11,2.233333,2,8.39
0,95,6.66667,15.4,14,305,15.0,3.966667,2,0.53
10.7,96.75,10,16.4,14.4,315,16.11,2.3,2,1.55
2.2,91.75,10,17.6,14.2,16,17.22,1.633333,2,2.13
0,97.5,9.66667,19.2,14.4,26,17.78,1.033333,2,3.42
0.5,90.75,8.33333,21.2,12.4,36,18.89,0.866667,2,4.37
0,89.75,4.66667,20.2,10,46,18.89,1.1,2,8.68
0.1,82.25,6,22,8.4,56,21.11,1.9,2,8.96
0,76,5.66667,25,10.8,66,23.89,3.1,2,9.17
0,77.5,6.66667,26.2,14.4,76,26.11,2.433333,2,7.59
4.3,98.5,9,16.6,15.2,86,16.11,1.533333,2,1.05
1.1,92.5,8.33333,22.8,15.6,96,22.22,1.6,2,5.59
0,75.25,6,26.2,16.2,106,25.0,1.7,2,4.84
0,84.25,9.66667,25.6,14.2,116,25.0,1.266667,2,7.29
0,71,10,28,16.4,126,27.22,1.066667,2,3.83
0,57.5,9,29,22.8,136,28.89,4.566667,2,2.15
0,70.25,10,30,22.8,146,30.0,1.4,2,5.85
0,62.5,9,31.2,20.8,156,30.0,1.7,2,5.68
0,83.25,9.33333,28.2,20.4,166,27.22,0.466667,2,3.03
0,91.25,8.66667,25.6,18.4,176,25.0,1.466667,2,6.23
0,81.5,4.66667,29.4,17.4,186,28.89,2.133333,2,7.02
5.8,70.75,3.33333,20.4,11.4,196,20.0,1.466667,2,9.44
0,86.75,0,20,7.4,206,18.89,0.933333,2,9.26
0,90,8.33333,20.6,8.6,216,20.0,1.3,2,7.75
0,83.5,8.33333,29,13,226,28.89,2.266667,1,7.87
0,70,3.66667,28,15.6,236,27.78,2.033333,1,8.27
0,54,6.33333,27.8,19.6,246,27.22,3.7,1,7.45
0,77.75,10,26.2,10,256,16.11,4.566667,1,1.6
4.7,85.5,5.66667,13,3.4,266,12.22,0.433333,1,9.22
0,89,3.33333,16.8,1,276,15.0,1.433333,1,6.64
0,71.5,5.33333,26.6,10.4,286,23.89,3.9,1,3.44
4,54,6.66667,30.2,25.8,296,30.0,5.666667,1,7.26
11.6,95,10,28,13.6,306,15.0,1.1,1,0.84
0,80.5,5.33333,18.8,10.2,19,17.78,0.533333,1,11.5
0,78.75,1,19.4,3.8,29,18.89,0.766667,1,14.84
0,74.5,3.66667,17.6,6.4,39,17.22,1.033333,1,14.49
0,70.5,0,16.4,3.6,49,15.0,0.866667,1,15.29
0,67.75,6.66667,15,5,59,15.0,3.3,1,12.71
0,92.5,10,14.6,10.2,69,12.78,2.3,1,3.14
5.9,95.5,7.66667,19.8,13.2,79,18.89,1.3,1,2.23
14,82.5,10,30.6,17.4,89,27.78,1.033333,1,5.23
1.7,55.5,9.66667,34.2,20,99,33.89,6.833333,1,9.86
0,89.75,9.66667,23.8,16.6,109,20.0,2.233333,1,5.05
23.8,97.25,10,18.6,14.2,119,18.89,1.866667,1,0.98
31.4,89.75,9,21.4,15.6,129,21.11,1.333333,1,5.27
1.6,82,7.33333,17.6,14.4,139,17.78,2.9,1,8.47
0,91.75,7.66667,18.6,12.4,149,17.78,2.6,1,5.28
0.8,85.75,2.33333,29.2,15.2,159,28.89,1.5,1,11.8
0,79,6,32,15.8,169,22.78,5.433333,1,4.47
3,91.75,10,16,11.4,179,16.11,3.2,1,2.49
7.6,81.75,7.66667,22.2,12.6,189,20.0,0.533333,1,11.28
0,84.25,3.33333,24.2,8.6,199,23.89,1.5,1,14.36
0,67.5,3.33333,19,11.8,209,17.78,3.033333,1,13.9
0,72,0,19.2,5.2,219,17.78,1.3,1,17.03
0,71.25,0,21.8,5,229,22.22,1.966667,3,16.29
0,64.25,2.66667,20.4,5.6,239,20.0,3.3,3,16.09
0,70,6.33333,24.6,9.2,249,22.22,1.666667,3,15.84
0,77.25,0,24.4,9,259,25.0,1.1,3,16.15
0,75,0.333333,26.8,8.8,269,26.11,1.366667,3,15.77
0,65,3.33333,22,11.6,279,21.11,3.7,3,16.35
0,73.75,1.33333,25,12.2,289,23.89,2.533333,3,15.74
0,72.5,0,27.6,11.6,299,26.11,2.2,3,15.99
0,51,0,35.4,12.8,309,36.11,4.4,3,15.33
0,35.75,0,37.22,24.8,110,37.22,5.633333,3,14.25
6.6,96.75,6.66667,34,17.6,210,17.78,1.033333,3,0.94
34,93,10,18.8,16.4,310,17.78,2.966667,3,2.16
58.4,96,10,25,16.2,410,23.89,1.3,3,4.69
33.5,94,10,20.4,16.2,510,17.78,0.833333,3,2.21
1.4,90,10,18.8,13.8,610,17.78,1.7,3,4.2
0,86.25,7,26,12.4,710,23.89,0.966667,3,14.27
0,77,1.33333,27,12,810,27.22,0.533333,3,16.87
0,71.25,1.33333,28.8,13.2,910,27.78,1.433333,3,16.65
0,77,2.33333,30.8,15,1010,30.0,1.833333,3,15.7
0,53.5,4,37.22,19.4,1110,37.22,2.366667,3,15.43
0,47,4.33333,37.6,20.4,1210,37.78,2.8,3,15.09
0,78,4,36.2,21.8,1310,32.22,3.566667,3,10.7
9.4,95,8.33333,22,12.6,1410,13.89,4,3,0.97
22.8,84.5,10,19,13,1510,17.78,4.4,3,7.23
46,95.5,10,20,16.11,1610,20.0,2.033333,3,3.3
3.8,99,9.66667,21.2,18,1710,20.0,1.766667,3,2.3
29.2,85.5,8.66667,24.8,19,1810,25.0,1.8,3,8.58
0,68.25,4.33333,23.2,15,1910,22.78,2.266667,3,17.87
0,77,6.33333,19,13,2010,17.78,4.066667,3,10.03
18.6,95.5,9.66667,18.8,13.4,2110,17.22,2.833333,3,5
3.9,81.75,7.66667,22.6,13.4,2210,21.11,1.3,3,15.91
0,74.75,2.66667,25.2,11.4,2310,23.89,1.433333,3,17.95
0,70.75,1.33333,26.8,11.4,2410,26.11,1.1,3,18.14
0,65.5,0,26.6,11,2510,26.11,1.866667,3,18.33
0,68.25,0,30.6,11.4,2610,30.0,2.466667,3,18.28
20.6,93.75,6.66667,24,19,2710,20.0,1.866667,3,0.32
35.7,73,6.66667,34,18.4,2810,32.22,1.766667,3,13.46
0,80.75,6.66667,30.2,18.8,2910,20.0,4.666667,3,2.91
79.8,92.5,6.66667,24.4,19,3010,20.0,3.733333,3,2.67
56.6,91.25,10,21.6,18.4,3110,20.0,3.066667,3,2.63
1.3,85.5,9.33333,25.8,18.4,111,25.0,3.066667,3,15.15
0,81.5,6.66667,32.2,19,211,27.78,1.6,3,8.19
3.4,92.5,10,23.2,19.8,311,22.22,2.433333,3,2.49
5.6,98.5,9.33333,20.8,17.4,411,17.78,2.766667,3,0.84
53.9,83,9.66667,24.8,19.6,511,25.0,2.133333,3,9.92
0,64,2.66667,25.6,16.2,611,25.0,3.866667,3,19.18
30.4,90.75,4,27.4,16.4,711,23.89,1.266667,3,10.14
0,77,3.33333,27.8,17.8,811,26.11,2.033333,3,16.03
0,88.5,4.66667,27.2,19.8,911,27.22,2.6,3,12.94
2,73,8.33333,28.6,21,1011,27.78,3.566667,3,14.91
0,76.25,6.33333,25.4,18.6,1111,25.0,4.233333,3,14.42
0,75.5,10,30.2,18.2,1211,30.0,2.233333,3,15.19
0,79.75,10,28.2,21.4,1311,27.78,2.366667,3,6.21
4.6,78.25,8.66667,29.6,20,1411,27.22,1.633333,3,11.24
0,59.5,5,26.8,19.8,1511,25.0,1.6,3,17.9
0,66,0.666667,26.6,14.8,1611,26.11,1.766667,3,19.25
0,58.75,5,30.4,13.8,1711,28.89,1.333333,3,18.6
0,58.75,3.33333,32.2,15.2,1811,31.11,2.266667,3,17.87
0,65.25,3.33333,32,16.4,1911,30.0,2.366667,3,17.89
0,66.5,1.33333,33.6,19.2,2011,27.22,2.333333,3,18.73
0,75,4.66667,36.4,21.8,2111,35.0,3.066667,3,13.04
2.8,90.5,6,33.2,20.8,2211,23.89,2.666667,3,8.81
41.2,65.5,8.66667,25.8,19,2311,23.89,4.066667,3,11.63
0,60.75,0,25,13.6,2411,22.78,3.733333,3,21.23
0,63,2.33333,29.4,14.6,2511,27.78,3.766667,3,19.54
0,89.5,10,24.6,18.6,2611,20.0,2,3,1.47
16.2,75.25,9.33333,26.8,19.4,2711,25.0,2.266667,3,11.93
0,60.75,0,27,13.6,2811,25.0,2.133333,3,20.84
0,67,1,34.6,14.6,2911,25.0,1.366667,3,19.59
0,74.75,8.66667,28.4,21,3011,25.0,0.966667,3,5.08
0,56,5,28.8,18.2,112,27.78,1.866667,3,19.98
0,57.75,3,24.8,14.4,212,22.78,1.8,3,19.76
0,46.75,2.33333,29.4,13,312,27.78,2.633333,3,20.58
0,60,4.66667,32.4,15.2,412,32.22,2.166667,3,15.83
0,63,6.66667,27.6,17.4,512,26.11,2.166667,3,18.57
0,53.25,0,30.2,12,612,25.0,0.766667,3,20.68
0,54.5,0.666667,30.6,15,712,27.78,1.8,3,19.88
0,56.75,1.33333,32.6,16.2,812,30.0,1.7,3,19.48
0,54.5,5,33,18,912,32.22,1.866667,3,19.06
0,52,0,34.8,18.8,1012,35.0,1.366667,3,19.17
0,66,0.666667,35.8,17.4,1112,35.0,1.733333,3,19.16
0,67.25,6.33333,31.4,19.2,1212,27.22,2.433333,3,8.66
0,57.25,2.66667,28,16.8,1312,26.11,2.533333,3,20.44
0,69.25,5,31.2,15.6,1412,25.0,2.633333,3,11.2
7.5,78.5,9,32.6,22.2,1512,32.78,4.766667,3,8.97
7.2,74.25,10,27.2,19.2,1612,23.89,1.9,3,12.29
0,62.75,4.33333,28.8,17.2,1712,27.22,2.3,3,17.37
0,55,0,29,16,1812,27.78,2.9,3,21.14
0,61.5,2.66667,32.6,18,1912,31.11,2.4,3,16.63
0,63.75,6,36.6,21.8,2012,35.0,3.233333,3,16.49
53.8,75.75,9.33333,29.8,20.8,2112,23.89,2.3,3,11.86
0,78.25,3.66667,25,15.4,2212,23.89,2.5,4,20.53
0,69.25,1.33333,29,12.6,2312,26.11,0.8,4,20.93
0,59,0,32,12.4,2412,31.11,1.533333,4,20.21
0,59.5,1.33333,36.2,16.4,2512,35.0,0.933333,4,19.02
0,65.5,6.66667,35.4,19.2,2612,35.0,1.633333,4,15.48
0,66,4.66667,37.4,22.4,2712,37.78,2.433333,4,15.98
0,62,2.33333,37.6,23,2812,37.22,1.333333,4,16.66
0,60.75,6.33333,38.2,22.4,2912,36.11,2.133333,4,18.8
4.5,60.5,7,36.4,23,3012,36.11,2.533333,4,18.41
0,70,5.66667,35,23.6,3112,27.78,1.633333,4,14.93
5.2,73.5,6,31.6,24.8,11,30.0,3.166667,4,10.89
0,62.75,7.66667,29,20.6,21,27.78,5.466667,4,15.39
0,65.5,5.33333,29.2,18.8,31,27.78,4.5,4,17.42
0,64.5,3,30.4,20,41,30.0,4.133333,4,19.13
0,63.5,3,32.6,19.2,51,31.11,1.866667,4,17
0,69,6.33333,35.8,22,61,36.11,2.033333,4,13.9
4,65,7.33333,31.2,21,71,27.78,1.2,4,19.5
0,60.5,1.33333,33,17.4,81,30.0,2.6,4,19.28
0,80.25,3.66667,36.2,20,91,36.11,1.533333,4,13.46
42.5,90.75,7.33333,33,21.6,101,32.22,1.533333,4,8.66
94.4,83.25,8.66667,30.6,21.8,111,28.89,0.866667,4,14.31
0,75.25,3.66667,31,23,121,31.11,2.1,4,18.23
0,64.25,2.66667,31,19.8,131,28.89,4.166667,4,20.07
0,82.5,3,34,19.2,141,32.22,1.8,4,15.59
8.4,86.5,8,34.2,23.8,151,35.0,2.3,4,12.41
49.1,78,10,24.8,19.8,161,22.78,2.733333,4,11.83
0,72.25,3.33333,25.2,13.4,171,23.89,2.3,4,20.28
0,76.25,2.66667,29,16,181,27.22,2.3,4,19.74
0,68.75,4.33333,33,20.2,191,31.11,1.966667,4,16.98
0,86.25,7.33333,33,22.2,201,32.78,1.566667,4,12.79
12,91.75,7,30.4,21.8,211,23.89,1.633333,4,7.89
56.6,85.75,9.33333,26,20.4,221,22.78,2.433333,4,8.52
5,75.25,3.66667,28.2,19,231,27.22,3.966667,4,16.84
0,79,3,28.2,17.8,241,27.22,1.633333,4,20.34
0,67.25,0.666667,32,16.6,251,28.89,1.2,4,19.55
0,71.75,2.66667,34,19.2,261,31.11,1.133333,4,15.69
0,64.25,6,32,22.6,271,31.11,2.2,4,16.25
0,78,7,29.8,19.8,281,27.78,2.333333,4,18.16
1.9,81.25,7,30,21.6,291,27.78,0.833333,4,9.28
1,81.5,8,30,22.8,301,27.78,1.4,4,10.31
5.1,81.75,9,30.6,21.6,311,28.89,1.481107,4,14.37
0,77.25,5.5,29.8,19.4,12,30.0,1.966667,4,18.59
0,72.5,6,30.6,19.4,22,31.11,2.366667,4,19.23
0,78.25,5,31,21.6,32,30.0,2.566667,4,16.53
0,72,1.66667,31.8,20.8,42,31.11,3.2,4,19
0,70.75,2.33333,33.8,21.4,52,32.78,2.466667,4,14.71
0,71.25,2.33333,34,22,62,33.89,1.3,4,15.82
0,75.75,2.33333,33.4,23.2,72,32.22,1.366667,4,18.06
0,80.5,3.66667,34.8,23.2,82,33.89,1.9,4,17.45
14,69.25,5.66667,29.2,21.6,92,28.89,3.033333,4,14.9
0,69.75,6.33333,27.6,17.4,102,26.11,2.9,4,17.25
0,66.75,5.66667,28.8,16.4,112,28.89,3.266667,4,18.71
0,78,1,29.6,17.6,122,28.89,3.033333,4,19
0,71.25,1.33333,33.4,19,132,32.78,1.966667,4,16.53
0,69.25,7.66667,29.8,20.2,142,30.0,2.366667,4,6.74
0.1,78.25,8.33333,32.2,22,152,31.11,1.1,4,10.88
0,74.25,4,33.2,24.6,162,33.89,1.8,4,14.78
19.1,83.75,10,32.4,23.2,172,30.0,1.766667,4,6.29
5.6,89,6.66667,30.8,20.6,182,25.0,1.9,4,3.55
15,76,6,28.8,19,192,28.89,1,4,18.89
0,71.5,3,29.8,16.2,202,28.89,1.533333,4,17.34
0,61,1.33333,24.2,14.8,212,22.78,2.633333,4,17.83
0,70.75,0,23,9.8,222,22.22,1.666667,4,18.95
0,72.5,2,26.4,12,232,27.22,2.366667,4,19.32
0,70.5,2.66667,32.8,15.6,242,32.22,1.733333,4,14.65
0,74.25,2.33333,33,21,252,32.78,1.566667,4,15.7
3.4,70.75,6.66667,27.8,18.4,262,27.22,3.466667,4,17.14
0,70.75,2,28.2,13.4,272,27.78,0.5,4,18.34
0,69.25,0.666667,29.8,14.6,282,30.0,1,4,18.09
0,61,1,31,14.2,292,30.0,1.966667,4,18.37
0,58.75,0,31,14,13,30.0,1.766667,4,18.24
0,66,0,30.4,17.4,23,30.0,2.866667,4,18.15
0,68,0,30.6,16.8,33,31.11,2.033333,4,17.78
0,66.5,5,29.4,16.4,43,27.78,1.766667,4,15.43
0,61.5,0,28.8,16.2,53,27.78,2.533333,4,18.38
0,65,1.33333,32,17.4,63,31.11,2.966667,4,17.72
0,67.5,5.33333,32.6,17.8,73,31.11,1.8,4,14.29
0,60.5,0.666667,35,18.8,83,33.89,0.866667,4,16.24
0,61.75,1,36,17,93,36.11,1.333333,4,16.29
0,66.75,1.66667,35.2,17.6,103,35.0,3.1,4,15.64
0,66,6,34.4,20.4,113,32.22,2.966667,4,15.62
0,61,2,38.6,20,123,38.89,1.333333,4,14.74
0,54.5,4.33333,38.4,19.6,133,37.22,2.266667,4,15.43
0,62.5,1,40,22,143,40.0,1.533333,4,15.17
0,85.5,10,31,22.4,153,28.89,1.566667,4,7.66
27.9,87.75,8,23.6,20.4,163,22.78,3,4,4.57
0,79,6,30,18,173,30.0,3,4,13.91
6.8,83.25,4.33333,29.8,20.6,183,28.89,1.2,4,11.48
0,68.75,7,29.4,21.6,193,28.89,1.633333,4,12.51
0,77.5,4.66667,25.8,16.6,203,23.89,1.666667,2,13.81
0,74.25,1,28.6,14.2,213,28.89,0.866667,2,16.58
0,67.75,4,30.6,15,223,31.11,2.3,2,15.96
0,67,2.33333,32.6,18.4,233,22.22,2.733333,2,15.39
0,57.5,1.33333,34.4,13.4,243,27.78,1.833333,2,14.61
0,61.75,2.33333,34,17,253,30.0,1.233333,2,13.11
0,62.25,7.66667,32.6,16.8,263,32.22,1.466667,2,13.36
0,63.75,7.33333,32.4,19.8,273,32.78,2,2,13.43
0,65.75,7.66667,34.2,20,283,32.78,2.033333,2,11.59
5.1,83.5,9,30.4,20.4,293,31.11,0.766667,2,9.44
0,79.5,4,33.8,20.2,303,27.78,0.866667,2,12.34
0,66.5,4.33333,33,20.2,313,27.22,3.3,2,14.46
0,71.5,4,32.6,21,14,27.78,2.22924,2,12.82
0,65.25,7.33333,27.6,19.2,24,27.22,2.5722,2,6.74
0,77,5,24,13.2,34,23.89,1.7148,2,7.75
0,70,1.33333,27,10,44,26.11,0.51444,2,15.31
0,61,1.66667,30.2,10.4,54,28.89,2.05776,2,14.92
24.8,88.5,8,26.4,16.2,64,20.0,1.20036,2,6.11
0,70.75,0,21.6,9.2,74,21.11,1.88628,2,16.31
0,79,0,21.8,6.8,84,13.89,1.54332,2,15.78
0,79.75,2,23,8,94,15.0,0.51444,2,11.4
0,82,7,23.2,10,104,22.78,1.54332,2,12.24
0,81,4.66667,24.2,10.6,114,13.89,1.7148,2,11.79
0,76,3.33333,25.6,10.2,124,20.0,1.88628,2,11.03
0,69.5,6.33333,31,14.8,134,22.22,1.54332,2,11.22
0,82.5,10,22.2,13.8,144,16.11,1.54332,2,3.47
0,53.25,1.66667,23.2,11.4,154,22.22,1.88628,2,15.3
0,69.5,0,24,8.8,164,20.0,1.37184,2,14.44
0,77.75,3,24.8,11.2,174,17.77,1.88628,2,13.16
0,76.5,4,25.2,14.4,184,18.88,2.22924,2,10.92
0,71.25,0,29.2,14.8,194,27.78,0.68592,2,13.31
0,68.75,0,30.2,11.2,204,26.11,0.8574,2,12.97
0,69.5,0,30.4,12,214,30.0,1.20036,2,12.63
0,67.5,2.33333,30.2,11.6,224,26.11,0.17148,2,11.93
0,65,4.66667,30,12.2,234,22.22,2.22924,2,12.3
0,57.25,0,32.2,15,244,32.22,2.91516,2,12.29
0,62,6.66667,34.2,13.8,254,33.89,1.88628,2,11.71
10,89.25,7.66667,23.6,18,264,21.11,1.7148,2,1.98
0.9,85.25,9,24,19.6,274,22.22,2.74368,2,5.96
0,60.5,8,32,19.2,284,32.22,2.74368,2,10.55
0,76.75,8,27.2,16,294,26.11,1.37184,2,6.27
0,70.25,0,25.6,9.8,304,23.89,1.37184,2,11.88
0,66,4.33333,25,13.8,15,25.0,1.20036,2,11.83
0,71.25,0,22,9.2,25,22.22,2.05776,2,12.5
0,69.25,0,23.6,10,35,23.89,2.05776,2,12.34
0,93.75,6.66667,18.4,8.8,45,16.11,1.7148,2,3.28
18.6,92,10,20.4,15,55,18.89,0.68592,2,1.42
1.6,72.5,6.66667,18,8.8,65,13.89,1.88628,2,7.98
0,84.75,3,18.2,4.8,75,15.0,1.20036,2,12.13
0,88.25,0,21.6,4.2,85,13.89,0.68592,2,11.56
0,80,3.66667,25.2,5.2,95,25.0,0.51444,2,11.38
0,54.75,4.66667,28.8,9,105,25.0,2.22924,2,8.94
0,74.25,6,30.4,19.4,115,20.0,2.5722,2,6.25
43.7,97,10,20.2,17.8,125,18.89,1.7148,2,0
44.4,94,10,19.4,15.8,135,18.89,2.05776,2,1.41
1.4,86.25,2,18.8,7.6,145,17.78,0.68592,2,11.4
0,82,3.33333,19.6,4.6,155,13.89,0.938784,2,11.63
0,81,0,24.4,6.6,165,22.78,2.293315,2,10.76
0,79,0,27.4,8.4,175,21.11,1.29642,2,10.31
0,81,0,25.4,9.4,185,16.11,3.08458,2,10.58
0,78,3.33333,28.6,13.6,195,26.11,3.66573,2,10.02
0,64,3.33333,30,14.6,205,22.22,4.69392,2,10.02
0,90,10,25.4,19.6,215,17.78,4.02336,2,0.13
80.2,98,10,19.2,17.2,225,17.78,1.43053,2,1.05
16.6,92,9,17.6,13.2,235,13.89,3.26339,2,2.01
16.3,78,10,17.8,11.8,245,13.89,3.08458,2,5.77
0,68,2,20,11,255,15.0,6.7056,2,10.5
0,82,6.33333,18.2,10.6,265,12.78,4.4704,2,7.4
0,89,0,20.2,6.2,275,15.0,1.87757,2,10.22
0,86,0.666667,24.2,7.4,285,25.0,2.32461,2,10.09
0,81,1,27.4,8,295,15.0,2.68224,2,9.71
0,85,5,26.8,9.2,305,18.89,0.938784,2,9.1
0,90,6.66667,15.8,12,315,12.22,3.08458,2,3.01
0.6,80.25,6.41667,14.4,6.4,16,13.89,1.02888,2,8.7
0,90.5,5.83333,13.6,3.8,26,7.78,0.8574,2,8.67
0,85.75,1.25,18,4.4,36,17.78,1.20036,2,9.78
0,84,4.58333,20,9.6,46,20.0,2.22924,2,5.86
20.6,96.5,10,17.8,14.8,56,17.22,1.7148,2,0.93
25.2,93,10,15.8,12.2,66,13.89,2.5722,2,2.81
8.4,89.5,10,18.2,13.6,76,10.0,1.02888,2,4.74
0,92.75,4.58333,19.4,6.8,86,15.0,0.34296,2,6.54
0,95,8.33333,16.4,13.8,96,17.22,1.88628,2,2.7
0,95.75,9.16667,16.2,12.6,106,16.11,2.22924,2,2.32
0.7,95.75,9.3750,21.8,15,116,20.0,1.54332,2,3.41
0,66.25,9.58333,30.4,16.4,126,28.89,2.5722,2,6.4
4.9,79.5,8.75,25.4,14.6,136,16.11,0.8574,2,6.84
0,82,0,12.8,1.6,146,12.22,1.37184,2,9.91
0,96,5.83333,12.4,4.8,156,11.11,2.40072,2,1.91
3,85,4.16667,25.4,11,166,20.0,1.54332,2,7.88
0,64,5.83333,27.4,18.6,176,22.78,3.4296,2,8.35
0,71.25,7.08333,27.4,21,186,22.22,5.1444,2,5.18
0,76.5,7.91667,26.2,14.4,196,25.0,3.77256,2,5.17
0,58.5,7.08333,30.2,25.4,206,28.89,3.25812,2,4.96
0,60.5,1.66667,30.4,24,216,30.0,4.80144,2,8.33
0,91,5.83333,24.8,18.8,226,22.78,2.22924,1,6.41
0,57.25,3.33333,29.4,17.4,236,27.78,3.4296,1,3.72
0,48.5,4.58333,29.6,20.8,246,26.11,4.11552,1,8.28
22,92.75,9.16667,27.6,16,256,13.89,1.54332,1,1.48
2.5,85.75,5.41667,12.6,5.2,266,7.22,0.68592,1,5.97
0,83.25,2.91667,14.6,5,276,7.22,1.7148,1,9.64
0,88,1.25,16,3.6,286,15.0,2.22924,1,9.58
0,99.5,6.66667,11.6,7.8,296,11.11,2.5722,1,0.81
79.8,94.5,10,15.6,11.2,306,15.0,2.74368,1,0.66
