Estacao,Data,Precipitacao,Umidade,Insolacao,Nebulosidade,TempMaxima,TempMinima,DiaMes,Temp1,Temp2,Temp3,Temp4,Temp5,Temp6,condicao1,condicao2,condicao3,condicao4,condicao5,condicao6,DataEnergia,Energia
83936,19/4/2017,0,81.75,0.7, 7.33333,25.2,17.6,194,17,17,20,22,23,25,8,8,8,8,8,8,19.04.2017,1.12
83936,20/4/2017,4.7,85,0, 9.33333,25.4,19,204,22,22,22,22,22,23,8,8,8,0,0,0,20.04.2017,3.02
83936,21/4/2017,11.5,96.25,1,10,20.6,15.2,214,21,21,17,17,20,16,14,14,14,8,0,0,21.04.2017,1.94
83936,22/4/2017,0,84.75,10, 0.666667,24.4,11.2,224,16,20,22,22,22,22,0,0,0,8,8,5,22.04.2017,11.26
83936,23/4/2017,0,75.25,10,0,24.4,9.2,234,16,17,21,22,22,23,0,0,0,0,0,0,23.04.2017,11.18
83936,24/4/2017,25.4,96.75,0.1, 9.66667,18.6,15.2,244,16,16,17,18,18,17,8,8,14,14,14,14,24.04.2017,0.73
83936,25/4/2017,21.6,86.5,0, 9.33333,21.4,18,254,18,20,20,21,21,21,14,8,8,8,8,14,25.04.2017,0.55
83936,26/4/2017,0,65.25,8.4,9,21.2,12.8,264,13,13,16,16,16,17,8,8,8,8,9,8,26.04.2017,8.52
83936,27/4/2017,0,75.25,10.1,0,20.2,9.8,274,16,17,18,18,17,12,0,5,0,0,0,0,27.04.2017,11.45
83936,28/4/2017,0,80.75,9.8,0,23.8,5.6,284,7,12,18,20,21,21,2,0,0,0,0,0,28.04.2017,11.1
83936,29/4/2017,0,80,9.8,0,24.4,6,294,12,16,17,21,22,22,0,0,0,0,0,0,29.04.2017,10.83
83936,30/4/2017,0,78.75,9.9,0,25.8,6.2,304,17,22,23,25,23,20,0,0,0,0,0,0,30.04.2017,10.73
83936,1/5/2017,0,85.25,4.4, 6.33333,23.4,11,15,12,12,13,16,18,21,0,0,0,0,0,0,01.05.2017,5.84
83936,2/5/2017,0,85.75,7.3, 6.66667,27.8,14.4,25,17,20,22,26,27,26,8,5,8,0,0,5,02.05.2017,7.38
83936,3/5/2017,0,89.75,2.5,6,25,14,35,17,20,22,22,23,25,2,0,0,0,0,0,03.05.2017,5.92
83936,4/5/2017,0,82.5,6.7, 8.33333,26.4,17,45,17,17,17,20,22,26,3,3,3,7,0,8,04.05.2017,6.91
83936,5/5/2017,0,90,4.8,4,24.2,15,55,17,20,21,22,23,20,3,8,8,5,0,0,05.05.2017,0.8
83936,6/5/2017,0,84.5,7.6, 6.66667,25.4,15.2,65,15,17,21,22,23,25,3,3,5,0,0,0,06.05.2017,9.29
83936,7/5/2017,0,83,8.5,7,28.8,17,75,18,22,27,27,27,27,0,0,0,0,0,0,07.05.2017,8.16
83936,8/5/2017,7.8,89,0.2, 6.66667,23.8,16,85,22,22,22,22,22,20,0,0,0,5,5,15,08.05.2017,1.8
83936,9/5/2017,0,92,2.7, 9.33333,22.4,15.6,95,17,18,20,20,20,21,7,8,8,8,8,8,09.05.2017,3.66
83936,10/5/2017,0,86.75,6.3, 7.33333,20.2,10.8,105,13,16,17,15,15,15,8,8,8,8,8,8,10.05.2017,5.44
83936,11/5/2017,0,85,0, 8.33333,18.8,11,115,15,13,13,12,12,12,0,0,0,0,0,0,11.05.2017,7.27
83936,12/5/2017,5.8,97,0.7,10,20,13.2,125,13,18,17,17,18,18,8,8,8,8,8,8,12.05.2017,3.77
83936,13/5/2017,46.2,96.5,0,10,17.4,15.4,135,17,17,17,17,17,17,20,20,20,20,15,7,13.05.2017,0.14
83936,14/5/2017,34.9,96,0.5,9,18.8,13.4,145,17,17,16,17,17,17,10,7,7,8,7,3,14.05.2017,2.92
83936,15/5/2017,0.5,94.5,0.4, 6.33333,20.2,11.4,155,17,17,18,18,18,18,8,8,8,8,8,8,15.05.2017,5.17
83936,16/5/2017,0,88.5,6,5,20.6,9.8,165,13,13,15,16,17,18,7,7,8,8,8,8,16.05.2017,7.29
83936,17/5/2017,0,89,6.2, 3.66667,21,11.8,175,12,15,16,17,20,20,3,3,8,5,5,0,17.05.2017,7
83936,18/5/2017,17.6,92.25,3.7, 6.66667,22,15,185,20,21,22,21,22,21,0,0,0,8,8,8,18.05.2017,6.99
83936,19/5/2017,1.8,92.5,2.8, 6.66667,21.4,15.6,195,17,18,20,20,20,21,0,0,8,8,8,0,19.05.2017,5.27
83936,20/5/2017,17.5,99,0,10,19,14.2,205,17,17,17,16,16,15,3,3,3,24,15,14,20.05.2017,0.59
83936,21/5/2017,0,87.75,8.7, 4.66667,21.6,9.8,215,13,15,17,17,18,20,5,5,0,0,0,0,21.05.2017,10.58
83936,22/5/2017,0,85.75,8.3, 3.33333,21.4,8.4,225,17,18,21,21,21,18,0,0,0,0,0,0,22.05.2017,10.69
83936,23/5/2017,0,90.75,0.1, 6.66667,17.4,13.6,235,13,13,13,16,16,15,8,14,14,7,7,16,23.05.2017,1.41
83936,24/5/2017,11.9,87.25,0.8, 8.66667,25,11.4,245,17,18,21,23,25,22,8,8,8,8,8,8,24.05.2017,3.22
83936,25/5/2017,0.2,75.75,5.9,9,31.6,21,255,25,28,30,31,31,30,23,23,0,5,5,5,25.05.2017,8.32
83936,26/5/2017,11.2,98.5,0, 9.66667,25.8,16.6,265,17,17,17,17,17,17,10,20,20,12,14,16,26.05.2017,0.47
83936,27/5/2017,61.4,97.5,0,10,16.6,14.2,275,15,15,13,13,13,15,14,7,14,16,14,16,27.05.2017,0.16
83936,28/5/2017,27.6,93.5,0,10,18,15.4,285,17,17,17,17,17,17,7,8,8,8,10,7,28.05.2017,1.16
83936,29/5/2017,0,89.25,2.5, 8.66667,20.6,15.8,295,16,17,16,17,17,17,8,8,8,8,8,8,29.05.2017,5
83936,30/5/2017,0.2,93,0,9,17.4,14.4,305,15,16,16,16,16,16,8,14,8,14,8,15,30.05.2017,1.64
83936,31/5/2017,27.9,92,0,10,15.8,14,315,15,15,15,15,16,16,7,7,7,8,8,8,31.05.2017,1.4
83936,1/6/2017,16.3,97.75,0,10,16.2,13.6,16,13,15,16,16,16,15,10,10,10,10,10,10,01.06.2017,3.03
83936,2/6/2017,7.5,89.25,6.4, 7.66667,20.4,11.6,26,17,18,17,18,17,15,5,8,8,8,0,0,02.06.2017,7.75
83936,3/6/2017,0,89.5,5, 6.66667,20.6,9.4,36,13,15,17,18,18,20,5,5,8,8,8,8,03.06.2017,7.52
83936,4/6/2017,12.2,96.5,0,10,18,15.8,46,17,17,17,17,17,17,3,8,8,8,8,8,04.06.2017,1.74
83936,5/6/2017,2.8,91.75,0,10,16.6,14.6,56,15,15,16,16,16,16,7,8,8,7,8,8,05.06.2017,1.54
83936,6/6/2017,0.4,97,0,10,14.8,13.2,66,12,13,13,13,13,13,8,7,8,8,10,7,06.06.2017,1.11
83936,7/6/2017,0.4,97,0,10,16.4,13.2,76,12,13,16,17,16,17,3,3,8,8,8,7,07.06.2017,1.51
83936,8/6/2017,66.4,91,0.2,10,17.8,14.6,86,16,15,15,15,15,16,14,10,10,10,7,10,08.06.2017,2.08
83936,9/6/2017,6.5,85.25,0.3,10,15,9.2,96,10,10,10,10,10,10,7,8,7,7,7,7,09.06.2017,1.54
83936,10/6/2017,0,78,9.1, 0.333333,18.4,9.2,106,12,15,16,16,17,17,0,0,0,0,0,0,10.06.2017,9.87
83936,11/6/2017,0,88.5,9.1,0,21,5.2,116,10,13,15,17,17,18,0,0,0,0,0,0,11.06.2017,9.53
83936,12/6/2017,0,90.75,8.5,0,18.8,6.6,126,11,12,12,17,17,17,2,2,2,0,0,0,12.06.2017,9.63
83936,13/6/2017,0,97.75,0.3, 6.66667,16,9.6,136,11,11,11,12,12,12,3,3,3,3,3,3,13.06.2017,4.37
83936,14/6/2017,0.1,98.25,0.1,10,14.2,10.4,146,11,12,12,12,12,13,3,3,8,7,3,3,14.06.2017,3.55
83936,15/6/2017,0,89.75,5.1,10,21.2,12.2,156,12,12,15,17,20,20,3,3,8,0,0,0,15.06.2017,7.73
83936,16/6/2017,0,60.25,4.3,9,27.8,17.6,166,22,25,26,27,27,27,0,0,0,0,0,0,16.06.2017,7.05
83936,17/6/2017,0,49,7.9, 6.66667,29.4,21.8,176,22,26,27,27,28,28,1,1,0,0,0,0,17.06.2017,8.22
83936,18/6/2017,4.7,87.5,0, 6.66667,27.4,8.6,186,17,15,16,12,10,10,8,8,8,8,10,10,18.06.2017,0.98
83936,19/6/2017,0,83.5,4, 8.33333,13.8,5.6,196,7,8,10,10,11,11,8,5,8,8,8,8,19.06.2017,3.96
83936,20/6/2017,0,83.25,8.8,0,13.2,1,206,2,6,8,10,11,12,2,2,0,0,0,0,20.06.2017,10.09
83936,21/6/2017,0,87.75,7.8, 4.66667,21.4,5.6,216,7,10,12,17,18,21,8,5,8,0,0,0,21.06.2017,7.7
83936,22/6/2017,0,66,9.1, 2.33333,26.2,11.8,226,17,20,15,22,25,25,0,0,0,0,0,0,22.06.2017,8.85
83936,23/6/2017,0,63.5,8.6, 1.33333,27.4,18,236,20,22,22,23,26,27,0,0,0,0,0,5,23.06.2017,8.99
83936,24/6/2017,0,72.25,8.5,1,28.4,19,246,22,25,27,27,27,25,0,0,0,0,0,0,24.06.2017,8.51
83936,25/6/2017,0,77.5,9.1,1,26.2,15.2,256,20,21,22,23,25,25,0,0,0,0,0,0,25.06.2017,9.06
83936,26/6/2017,0,62.5,5.8,6,25,15,266,20,22,22,23,25,25,0,0,0,0,0,0,26.06.2017,8.09
83936,27/6/2017,0,55.75,8.5, 5.33333,28.6,17,276,20,21,22,23,26,27,0,0,0,0,0,0,27.06.2017,8.56
83936,28/6/2017,0,77.5,1.6, 5.66667,26.6,18.2,286,23,23,23,25,26,27,0,0,0,0,0,8,28.06.2017,2.57
83936,29/6/2017,0,79.5,5.1,6,28,15,296,17,17,20,22,25,27,3,3,5,0,0,8,29.06.2017,7.99
83936,30/6/2017,6.9,93.75,2, 8.66667,21,10.8,306,12,12,13,13,15,13,3,10,10,7,7,7,30.06.2017,2.67
83936,1/7/2017,0,89,7,1,16,6.6,17,8,12,12,13,15,16,4,8,8,5,0,0,01.07.2017,7.84
83936,2/7/2017,0,85.5,7.4, 3.33333,16.4,6.6,27,7,12,12,15,15,16,3,6,0,0,0,0,02.07.2017,8.27
83936,3/7/2017,0,87.25,8.3, 1.33333,18.8,6.2,37,7,11,12,16,17,17,5,0,0,0,0,0,03.07.2017,9.3
83936,4/7/2017,0,79.5,7.8,4,21.8,8.6,47,12,15,17,21,21,21,0,0,0,0,0,0,04.07.2017,9.13
83936,5/7/2017,0,67.25,9.1, 1.33333,24.8,10.6,57,17,18,20,21,22,23,0,0,0,0,0,0,05.07.2017,9.16
83936,6/7/2017,0,75.5,9,4,25.2,14.6,67,17,21,22,22,23,23,0,0,0,0,0,0,06.07.2017,8.56
83936,7/7/2017,0,75,8.7,10,25.2,10.2,77,18,22,23,23,25,23,0,0,0,0,0,0,07.07.2017,8.72
83936,8/7/2017,0,70.75,8.8, 3.33333,27.2,12.8,87,18,20,22,22,25,26,0,0,0,0,0,0,08.07.2017,8.81
83936,9/7/2017,0.5,76.5,2, 6.33333,25.2,16.6,97,20,21,22,25,25,23,5,5,0,0,0,0,09.07.2017,5.17
83936,10/7/2017,0.5,83,8.7, 6.33333,27.4,14.4,107,16,18,22,22,23,26,2,0,0,0,0,0,10.07.2017,8.04
83936,11/7/2017,8,97.5,0.8, 6.33333,20.6,15.4,117,18,20,20,20,18,18,0,0,8,8,14,14,11.07.2017,2.69
83936,12/7/2017,0,92,6.3, 6.66667,23.4,16,127,16,17,17,18,21,22,3,7,8,8,0,0,12.07.2017,6.05
83936,13/7/2017,0,70.25,9.2, 0.666667,28,15.8,137,21,22,23,25,27,27,0,0,0,0,0,0,13.07.2017,9.49
83936,14/7/2017,0,57.5,7.9, 5.33333,27.6,15.4,147,22,23,25,26,26,27,8,8,8,0,0,0,14.07.2017,7.09
83936,15/7/2017,0,40.5,8.3, 9.33333,28.8,21.8,157,22,23,25,27,27,28,1,1,1,1,0,1,15.07.2017,8.6
83936,16/7/2017,0,93.75,0, 7.33333,26.4,7,167,12,12,12,11,8,7,8,8,10,14,10,14,16.07.2017,0.14
83936,17/7/2017,5.6,71.25,5.4, 7.33333,10.8,5.4,177,6,7,7,7,8,10,8,8,8,8,8,8,17.07.2017,5.66
83936,18/7/2017,0,73.5,9.2,0,12.6,-0.2,187,7,7,8,11,11,12,0,0,0,0,0,0,18.07.2017,7.79
83936,19/7/2017,0,83.5,8.7,0,17.2,-1.2,197,7,10,12,13,13,16,0,0,0,0,0,0,19.07.2017,10.94
83936,20/7/2017,0,83.5,9,0,20.8,0.8,207,8,13,16,18,20,21,0,0,0,0,0,0,20.07.2017,10.8
83936,21/7/2017,0,79,9.2,0,21.2,4.8,217,15,17,20,20,20,18,0,0,0,0,0,0,21.07.2017,10.57
83936,22/7/2017,0,83,9.2, 6.66667,20.6,4.2,227,12,17,20,20,18,16,0,0,0,0,0,0,22.07.2017,10.53
83936,23/7/2017,0,54,9.2, 3.33333,28.4,6.8,237,11,12,17,20,22,25,0,0,0,0,0,0,23.07.2017,10.11
83936,24/7/2017,0.1,58.25,2.8,4,28.4,15.2,247,26,37,27,27,27,27,6,9,8,8,8,8,24.07.2017,3.37
83936,25/7/2017,0,69,5.4, 7.66667,28.6,17.2,257,21,23,25,27,27,27,8,0,0,0,0,0,25.07.2017,6.81
83936,26/7/2017,0,85.75,7.2, 6.66667,27.6,14.2,267,15,18,22,27,26,25,3,0,0,0,0,0,26.07.2017,10
83936,27/7/2017,0,86.75,7.1, 3.33333,26.2,11,277,13,20,22,25,26,26,3,0,0,0,0,0,27.07.2017,9.81
83936,28/7/2017,0,68.75,9.5,0,27.8,12.2,287,17,20,22,23,26,27,0,0,0,0,0,0,28.07.2017,10.42
83936,29/7/2017,0,62.5,9.4,0,29.4,16.2,297,18,21,23,25,27,27,0,0,0,0,0,0,29.07.2017,10.57
83936,30/7/2017,0,68.25,8.7, 2.33333,29.8,15,307,21,22,25,27,27,28,0,0,0,0,0,0,30.07.2017,9.73
83936,31/7/2017,0,68.25,7.3,6,29,13.4,317,22,23,27,27,27,22,0,0,0,0,0,0,31.07.2017,8.51
83936,1/8/2017,0,70.75,8.7, 1.66667,30.2,11.2,18,22,26,27,28,30,30,0,0,0,0,0,0,01.08.2017,9.57
83936,2/8/2017,30.5,95,0, 9.33333,19.8,15.2,28,17,17,17,17,17,16,7,7,7,14,14,14,02.08.2017,0.76
83936,3/8/2017,0,89.25,1.9, 9.66667,18.2,11.4,38,12,13,15,16,17,17,8,8,8,8,8,8,03.08.2017,4.58
83936,4/8/2017,0,87,8.2, 3.33333,18.4,7.4,48,10,11,13,16,17,17,3,8,0,5,8,5,04.08.2017,11.96
83936,5/8/2017,0,79,8.9,2,20.8,9.2,58,13,17,18,20,21,20,0,0,0,0,0,0,05.08.2017,11.55
83936,6/8/2017,0,72.75,9.9,0,24.2,10.2,68,16,17,18,21,22,22,0,0,0,0,0,0,06.08.2017,11.97
83936,7/8/2017,0,74.75,9.4,2,26.8,8.8,78,13,17,20,22,23,25,0,0,0,0,0,0,07.08.2017,11.16
83936,8/8/2017,20.4,86.25,1.9, 8.33333,24.6,15,88,16,17,18,20,21,21,8,8,8,8,5,8,08.08.2017,3.25
83936,9/8/2017,2.6,86,2.2,6,16.6,9.2,98,12,12,12,16,16,16,8,8,8,8,8,8,09.08.2017,5.91
83936,10/8/2017,0,86,6.2, 4.33333,20,11.2,108,16,17,18,20,20,20,0,0,0,0,0,0,10.08.2017,9.92
83936,11/8/2017,13.7,92.25,0,10,18.4,15.2,118,16,17,17,17,17,17,15,17,8,5,0,0,11.08.2017,2.66
83936,12/8/2017,11.3,98,0,10,22,15.6,128,16,16,16,16,16,16,20,20,20,20,20,22,12.08.2017,0.02
83936,13/8/2017,118.7,98.5,0,10,17,13.4,138,17,16,16,16,15,15,14,14,14,14,14,14,13.08.2017,1.15
83936,14/8/2017,22.2,85.5,8.5, 5.33333,20.6,10.6,148,13,13,16,17,17,18,8,8,8,5,5,0,14.08.2017,12.28
83936,15/8/2017,0,88.75,8.1, 3.33333,19.8,6.8,158,10,10,12,17,18,20,3,3,3,0,0,0,15.08.2017,13.45
83936,16/8/2017,0.3,89.25,6.6, 4.66667,21,10,168,12,13,15,18,18,20,3,3,8,5,0,0,16.08.2017,9.72
83936,17/8/2017,0,89.75,6.3, 3.66667,21,7.4,178,11,12,15,17,18,21,3,3,5,0,0,0,17.08.2017,9.82
83936,18/8/2017,0.1,86.75,7.4, 3.33333,26,8.8,188,12,13,18,22,23,25,3,3,0,0,0,0,18.08.2017,12.55
83936,19/8/2017,0,79.25,2.8, 4.66667,25.8,14.6,198,21,22,22,22,22,25,5,8,8,8,8,8,19.08.2017,7.57
83936,20/8/2017,2.4,75.5,5.1, 6.66667,18.6,8.4,208,12,12,13,13,16,16,0,0,0,0,0,0,20.08.2017,9.32
83936,21/8/2017,0,73,9.5, 1.33333,16,2.4,218,8,11,13,15,16,16,0,0,0,0,0,0,21.08.2017,14.54
83936,22/8/2017,0,65.75,10.2,0,21.8,4,228,12,13,17,18,20,21,0,0,0,0,0,0,22.08.2017,14.28
83936,23/8/2017,0,74,9.9,0,26.2,11.4,238,18,21,22,25,26,26,0,0,0,0,0,0,23.08.2017,12.75
83936,24/8/2017,0,52.5,9.3, 6.66667,32.8,19.4,248,25,27,28,30,31,32,1,1,1,1,0,0,24.08.2017,12.17
83936,25/8/2017,0,54.25,9.9,0,32.8,23.4,258,27,28,32,32,32,32,0,0,0,0,0,0,25.08.2017,12.94
83936,26/8/2017,0,73,6.9, 6.66667,28.2,19.2,268,22,23,26,27,27,27,0,8,5,5,5,5,26.08.2017,9.96
83936,27/8/2017,24.3,83.75,2.8, 9.33333,23.8,18.2,278,20,21,20,21,21,22,7,8,8,8,0,0,27.08.2017,3.97
83936,28/8/2017,0,88,4.6, 6.66667,26.4,14.4,288,18,20,22,25,26,26,5,8,8,0,0,0,28.08.2017,8.78
83936,29/8/2017,0,44,8.7, 8.66667,33.8,20.4,298,27,30,30,32,32,33,0,0,0,0,1,1,29.08.2017,12.12
83936,30/8/2017,0,74,0, 6.66667,30,12.2,308,12,12,12,13,12,12,8,8,8,8,8,8,30.08.2017,2.02
83936,31/8/2017,0,70.5,9.4, 7.66667,20,9.8,318,13,15,17,17,18,20,0,5,5,5,0,0,31.08.2017,12.93
83936,1/9/2017,0,77.25,9.5, 8.33333,27.4,13.4,19,16,18,22,23,26,27,0,0,0,0,0,0,01.09.2017,12.94
83936,2/9/2017,0,66.25,10.1, 0.666667,31.8,18.8,29,22,25,27,27,28,31,0,0,0,0,0,0,02.09.2017,13.31
83936,3/9/2017,0,52,9.9,0,33,22.6,39,23,25,27,30,31,32,0,0,0,0,0,0,03.09.2017,12.68
83936,4/9/2017,0,63.25,6.5,4,33.2,24.2,49,28,30,30,31,32,28,1,1,0,0,0,0,04.09.2017,10.34
83936,5/9/2017,18.2,95,0, 9.66667,24.4,15,59,17,17,17,17,17,17,20,10,14,14,14,14,05.09.2017,1.36
83936,6/9/2017,9.6,87.5,0.6,10,20.8,14.6,69,16,17,17,17,20,20,8,8,8,7,7,7,06.09.2017,6.57
83936,7/9/2017,0,75,7.3,8,33.2,16.8,79,18,22,26,30,32,33,3,5,0,0,0,0,07.09.2017,12.01
83936,8/9/2017,0,79,3.5,8,26.8,16.8,89,21,22,25,26,27,27,0,0,0,0,0,0,08.09.2017,9.9
83936,9/9/2017,0,92,0.1,10,23.8,18.2,99,20,22,22,22,23,22,3,8,8,8,8,8,09.09.2017,5.1
83936,10/9/2017,0.2,32,4.1,10,35.4,20.8,109,30,32,36,36,35,32,6,6,5,0,5,5,10.09.2017,10.72
83936,11/9/2017,9.4,84.25,5.9, 6.66667,33.4,14,119,15,15,17,18,20,22,15,14,5,5,5,0,11.09.2017,11.12
83936,12/9/2017,1.5,83.25,0,10,17.8,12.2,129,13,13,16,16,17,17,8,8,8,8,8,8,12.09.2017,5.46
83936,13/9/2017,0.5,88,0.7,10,24.6,14.6,139,18,21,22,22,23,25,8,8,8,0,0,0,13.09.2017,7.49
83936,14/9/2017,0,96.5,0,10,20.8,16.8,149,18,18,17,17,17,17,7,24,15,20,14,20,14.09.2017,0.19
83936,15/9/2017,32.3,88.75,0,10,18.2,13.6,159,16,17,17,17,17,17,8,8,8,5,5,5,15.09.2017,5.07
83936,16/9/2017,8.4,86.75,0,10,19.4,13.4,169,13,15,15,15,16,16,10,10,11,10,10,10,16.09.2017,2.01
83936,17/9/2017,11.2,84.25,2.3, 9.33333,21.6,13.4,179,17,17,18,20,21,22,8,8,8,8,8,8,17.09.2017,6.97
83936,18/9/2017,0,85.25,9,5,22,12.2,189,15,17,17,18,20,21,8,8,8,8,8,5,18.09.2017,15.82
83936,19/9/2017,0,86.25,6.5, 3.33333,24,14.8,199,17,20,21,22,22,23,8,8,8,5,0,0,19.09.2017,14.02
83936,20/9/2017,0,86.75,7.2, 3.33333,30.4,17.4,209,17,18,22,25,27,28,3,3,8,0,0,0,20.09.2017,12.53
83936,21/9/2017,0,62,10.2,0,35,18.2,219,27,28,31,35,35,35,0,0,0,0,0,0,21.09.2017,14.84
83936,22/9/2017,0,92.75,0, 6.66667,24.6,18,229,18,18,18,20,20,21,3,7,3,7,7,7,22.09.2017,2.29
83936,23/9/2017,7.1,90.75,3.4,9,23,16.4,239,17,17,17,18,18,20,3,7,7,7,8,8,23.09.2017,6.02
83936,24/9/2017,0,83.25,3.6,7,23,15.4,249,16,17,20,21,22,22,8,8,8,8,8,5,24.09.2017,8.03
83936,25/9/2017,0,87,4.9, 3.33333,28,15.8,259,18,22,23,25,27,27,0,0,0,0,0,8,25.09.2017,11.55
83936,26/9/2017,1.8,79.75,8.1, 6.33333,30,18,269,22,22,25,27,28,28,0,0,0,0,0,0,26.09.2017,13.57
83936,27/9/2017,6.8,87,0.7,10,25.4,17.6,279,17,20,21,22,23,23,15,8,8,8,5,8,27.09.2017,6.79
83936,28/9/2017,4.6,76.75,0,10,20.6,16.8,289,17,18,18,20,18,20,8,8,7,12,7,8,28.09.2017,6.51
83936,29/9/2017,0.8,97.25,0,10,17.4,14.8,299,15,15,16,15,16,15,14,14,14,14,14,16,29.09.2017,2.03
83936,30/9/2017,19.1,87.75,6.9,9,25,15.2,309,17,18,20,22,22,23,3,8,8,8,8,8,30.09.2017,10.9
83936,1/10/2017,0.1,71.75,6, 6.66667,30.6,15.6,110,16,16,20,22,25,27,5,0,0,0,0,0,01.10.2017,10.89
83936,2/10/2017,24.9,68.25,4.2, 9.33333,20.4,15.4,210,16,16,17,18,18,20,8,5,5,8,8,8,02.10.2017,10.25
83936,3/10/2017,0,50.25,10.9,1,24.4,8.8,310,17,18,21,21,22,22,0,0,0,0,0,0,03.10.2017,18.59
83936,4/10/2017,0,45.5,10.1, 6.33333,29.2,14.8,410,22,25,27,27,30,30,0,0,0,0,0,0,04.10.2017,15.81
83936,5/10/2017,0,54.75,5.7, 8.66667,32.8,19.6,510,26,27,32,32,32,32,0,1,0,0,0,0,05.10.2017,14.35
83936,6/10/2017,0.6,74.5,0.5,10,26.6,19.2,610,22,22,25,26,26,25,8,8,8,8,0,5,06.10.2017,5.33
83936,7/10/2017,0,64.5,8.9, 7.33333,23.8,13.8,710,17,20,21,22,22,23,0,1,1,1,0,1,07.10.2017,17.39
83936,8/10/2017,0,73.75,8.7,8,26.6,15.2,810,21,22,23,25,26,26,0,0,0,0,0,0,08.10.2017,16.34
83936,9/10/2017,0.6,87,2.9,9,27.6,16.8,910,20,22,23,23,25,27,5,0,8,8,8,8,09.10.2017,9.01
83936,10/10/2017,0,88.25,1.9,8,24.2,16.8,1010,18,21,21,22,22,22,8,8,8,8,8,8,10.10.2017,5.89
83936,11/10/2017,25.2,96.5,0,10,17.2,15.2,1110,15,16,16,16,17,17,20,15,15,20,8,15,11.10.2017,1.36
83936,12/10/2017,42.6,97.5,0,10,20.2,16.8,1210,17,18,17,17,18,20,24,20,15,15,24,7,12.10.2017,2.47
83936,13/10/2017,26,98,0,10,19.4,16.6,1310,17,17,17,17,17,17,7,7,7,7,7,10,13.10.2017,1.48
83936,14/10/2017,7.1,91,2.7,10,21,13.2,1410,15,17,17,17,18,20,7,8,8,8,8,8,14.10.2017,7.35
83936,15/10/2017,0.3,73.5,9.2, 4.66667,23,10.6,1510,13,17,20,22,22,22,3,5,5,5,0,0,15.10.2017,18.74
83936,16/10/2017,0,73,8, 5.66667,26.2,12.8,1610,16,18,20,23,23,26,0,0,0,0,0,0,16.10.2017,15.9
83936,17/10/2017,0,68.5,7.6,7,32.8,19.2,1710,22,25,27,28,31,32,0,0,0,0,0,0,17.10.2017,14.41
83936,18/10/2017,58.6,85.75,1,10,27.4,20.2,1810,22,22,21,22,22,25,5,23,24,15,15,24,18.10.2017,6.68
83936,19/10/2017,0,79,6.3, 8.33333,24.2,17.4,1910,18,21,21,22,22,22,14,8,5,8,8,8,19.10.2017,0
83936,20/10/2017,0,78.75,11.4,4,25.6,15.2,2010,18,20,22,22,23,25,5,0,0,0,0,0,20.10.2017,0
83936,21/10/2017,5.4,89.75,0.8, 6.66667,24.6,19.2,2110,18,18,20,21,22,22,16,14,16,8,8,8,21.10.2017,4.06
83936,22/10/2017,5.8,71.5,11.9, 6.33333,21,11.2,2210,13,13,16,17,17,18,0,0,0,0,5,5,22.10.2017,19.61
83936,23/10/2017,0,65,11.5, 1.66667,21.4,7.2,2310,12,16,17,17,18,20,0,0,0,0,0,0,23.10.2017,20.06
83936,24/10/2017,0,72.75,11.6, 5.66667,26.4,10.4,2410,17,20,21,22,25,25,0,0,0,0,0,0,24.10.2017,18.65
83936,25/10/2017,5.7,79.75,1.7,6,25.4,16.8,2510,20,20,22,22,25,25,8,8,8,8,0,0,25.10.2017,10.79
83936,26/10/2017,0,83.25,1.2, 8.33333,25.8,14.6,2610,18,21,22,23,25,25,8,0,5,5,5,5,26.10.2017,12.35
83936,27/10/2017,7,82.25,5,9,26.8,18.4,2710,23,25,26,27,26,22,8,8,8,8,8,14,27.10.2017,11.37
83936,28/10/2017,31.8,90.75,2, 7.33333,23.2,15.2,2810,15,15,16,17,17,17,7,10,10,7,7,7,28.10.2017,7.84
83936,29/10/2017,1.5,77.75,6.9, 6.33333,24.8,16.8,2910,18,20,22,23,25,25,8,5,8,8,5,0,29.10.2017,15.64
83936,30/10/2017,0,74.25,4.5, 9.33333,27.4,16.8,3010,20,22,22,26,26,27,5,8,8,8,8,8,30.10.2017,12.67
83936,31/10/2017,0,59.25,12.1, 2.66667,24.2,17.4,3110,17,20,21,21,22,23,0,0,0,0,0,0,31.10.2017,20.35
83936,1/11/2017,0,51.5,12.1,0,26.8,12,111,21,25,26,27,27,27,0,0,0,0,0,0,01.11.2017,19.92
83936,2/11/2017,0,61.25,12, 1.33333,31.6,14.2,211,17,20,22,25,27,28,0,0,0,0,0,0,02.11.2017,19.25
83936,3/11/2017,16.4,82,0,10,25.6,17.2,311,18,21,22,22,25,25,0,0,0,0,0,0,03.11.2017,6.79
83936,4/11/2017,18.6,82.25,5.3, 9.33333,23.4,18.2,411,18,20,20,20,21,22,14,7,8,8,8,8,04.11.2017,9.61
83936,5/11/2017,0.2,70,11.4,3,23.8,13.6,511,17,20,22,22,22,23,0,0,0,5,5,5,05.11.2017,19.98
83936,6/11/2017,0,63.75,11.6,0,25.8,13,611,16,18,21,22,22,23,5,5,0,0,0,5,06.11.2017,19.8
83936,7/11/2017,0,69,9.1,4,28.2,14.8,711,17,20,22,25,26,27,5,0,0,0,0,0,07.11.2017,18.47
83936,8/11/2017,2.5,85,5.9, 7.33333,25.4,18.4,811,20,21,22,22,23,23,8,8,8,8,8,8,08.11.2017,12.04
83936,9/11/2017,0,78.25,9.2, 5.33333,30,18.8,911,18,22,23,25,27,27,3,8,8,8,8,8,09.11.2017,15.3
83936,10/11/2017,0.5,78.5,4.4, 6.66667,27.2,17.6,1011,17,18,20,21,22,23,8,8,8,8,5,8,10.11.2017,10.15
83936,11/11/2017,0,49.25,11.9,0,28.6,13.8,1111,22,25,26,27,27,27,0,0,0,0,8,5,11.11.2017,20.19
83936,12/11/2017,0,61.75,11.8,0,27.4,11.4,1211,18,18,20,22,22,23,0,0,0,0,0,0,12.11.2017,21.09
83936,13/11/2017,0,58,12,0,30,11.6,1311,22,23,26,27,27,28,0,0,0,0,0,0,13.11.2017,20.26
83936,14/11/2017,0,48.25,12.2, 0.666667,33.6,14.2,1411,20,27,31,31,32,32,0,0,0,0,0,0,14.11.2017,19.86
83936,15/11/2017,0,40.5,12.1,0,36.6,18,1511,27,27,31,32,35,36,0,0,0,0,0,0,15.11.2017,19.45
83936,16/11/2017,18.8,88,1.9, 6.33333,29.6,16.8,1611,25,26,23,22,17,17,5,5,12,24,12,14,16.11.2017,5.13
83936,17/11/2017,0,81.75,3.7, 9.33333,25.6,16,1711,17,17,18,20,22,23,7,7,8,8,8,8,17.11.2017,11.93
83936,18/11/2017,0,62,11.4, 8.66667,26,18,1811,25,23,25,26,26,26,5,5,0,0,0,0,18.11.2017,19.02
83936,19/11/2017,0,60,11.9,0,27,9,1911,16,21,22,22,25,26,0,0,0,0,0,0,19.11.2017,20.9
83936,20/11/2017,0,52.5,12.2,0,29.8,13.2,2011,18,21,23,26,27,28,0,0,0,0,0,0,20.11.2017,20.44
83936,21/11/2017,0,71.25,2,6,25.8,16.8,2111,20,20,22,22,23,25,8,8,8,5,8,8,21.11.2017,10.44
83936,22/11/2017,0,58.75,12.1, 3.33333,24.2,9.6,2211,16,17,18,21,22,23,0,0,0,0,0,0,22.11.2017,21.38
83936,23/11/2017,0,54.25,12.4,0,31.6,9.2,2311,22,25,27,28,30,31,0,0,0,0,0,0,23.11.2017,13.56
83936,24/11/2017,0,51.5,12.3, 0.333333,33.6,13.2,2411,22,27,28,31,31,32,0,0,0,0,0,0,24.11.2017,19.62
83936,25/11/2017,0,91.25,0, 6.66667,24,14.8,2511,17,17,17,17,16,15,7,7,14,14,14,14,25.11.2017,1.84
83936,26/11/2017,13,86,5, 9.33333,25.6,14.8,2611,17,17,18,20,21,22,7,8,8,8,8,8,26.11.2017,12.63
83936,27/11/2017,0,66,12.1,0,30,13.4,2711,20,22,25,26,27,27,0,0,0,0,0,0,27.11.2017,20.61
83936,28/11/2017,0,69.25,11.6, 2.66667,28.8,17,2811,20,22,25,27,27,28,8,8,0,0,0,0,28.11.2017,19.37
83936,29/11/2017,0,67,9.9, 2.66667,28.6,17.6,2911,22,25,26,27,27,27,8,5,0,0,0,0,29.11.2017,20.3
83936,30/11/2017,0,70.5,10.1, 8.33333,27.8,18.4,3011,20,22,23,25,26,27,8,8,8,8,8,5,30.11.2017,17.87
83936,1/12/2017,0,64.75,12, 0.666667,30.2,17.2,112,21,22,23,26,27,27,5,0,0,0,0,0,01.12.2017,19.79
83936,2/12/2017,0,74.75,7.9, 3.66667,32.2,18.4,212,22,23,26,27,28,31,0,0,5,5,5,5,02.12.2017,14.48
83936,3/12/2017,2.3,85.25,4, 9.33333,29.4,21.2,312,26,27,28,27,27,25,8,8,12,12,20,24,03.12.2017,10.45
83936,4/12/2017,17.8,83.75,0.7, 9.33333,23.8,20.8,412,21,21,21,21,22,22,7,7,7,10,8,8,04.12.2017,5.15
83936,5/12/2017,1,82,3.9,9,25.8,18.4,512,18,18,20,22,25,25,10,10,10,8,8,8,05.12.2017,11.85
83936,6/12/2017,0,78.5,10.5,7,32,19.8,612,23,27,27,28,31,31,5,5,5,5,5,5,06.12.2017,17.73
83936,7/12/2017,0,66.25,11.1, 3.66667,33.2,23.2,712,26,27,28,30,30,31,5,0,8,8,8,8,07.12.2017,17.73
83936,8/12/2017,0,61.5,11.5,1,31.8,19.4,812,27,30,30,31,32,32,0,0,0,0,0,0,08.12.2017,20.19
83936,9/12/2017,0,60.5,10.8,0,33.4,17.2,912,18,22,26,27,31,32,8,0,0,0,0,0,09.12.2017,19.85
83936,10/12/2017,0,42.25,12.7,1,34.2,18.8,1012,25,32,32,32,33,32,0,0,0,5,5,0,10.12.2017,19.09
83936,11/12/2017,0,50.5,12.7,0,27.6,16.4,1112,23,23,25,25,27,27,0,0,0,0,0,0,11.12.2017,21.16
83936,12/12/2017,0,57,12.6,0,30,14.2,1212,16,18,22,22,25,27,0,0,0,0,0,0,12.12.2017,21.12
83936,13/12/2017,0,56.75,10.3, 3.66667,36,17,1312,22,27,30,32,33,35,0,0,0,0,0,5,13.12.2017,17.52
83936,14/12/2017,0,62.25,1.8, 7.33333,32.6,22,1412,31,32,32,28,28,27,5,5,8,8,8,8,14.12.2017,7.45
83936,15/12/2017,0,63.5,12.2, 0.666667,33.8,17.6,1512,28,30,31,32,32,33,0,0,5,5,5,0,15.12.2017,19.43
83936,16/12/2017,0,59.5,12, 0.666667,38,19.8,1612,23,27,31,33,36,37,0,0,0,0,0,0,16.12.2017,19.18
83936,17/12/2017,8.6,74.25,3.3, 7.66667,34,20.6,1712,33,33,21,21,23,27,5,8,20,14,5,0,17.12.2017,8.38
83936,18/12/2017,0,69.75,7.3, 4.33333,24.8,18,1812,21,22,23,25,25,22,8,8,5,5,5,5,18.12.2017,17.37
83936,19/12/2017,0,76.25,8, 5.33333,28.2,15.8,1912,21,22,25,26,27,27,5,0,0,0,0,0,19.12.2017,17.52
83936,20/12/2017,0,81.75,1.1, 7.66667,28.6,21,2012,22,25,27,27,26,27,7,8,5,5,15,24,20.12.2017,8.45
83936,21/12/2017,0,67,12.3, 3.66667,32.4,19.8,2112,25,27,27,31,31,31,0,0,5,8,8,5,21.12.2017,17.84
83936,22/12/2017,5.7,87.5,5.9, 5.66667,30.8,21.4,2212,25,27,30,28,28,28,0,0,0,14,12,12,22.12.2017,11.32
83936,23/12/2017,33.5,91,2.8,8,30.6,21.8,2312,28,30,30,30,23,23,8,8,12,12,19,16,23.12.2017,8.59
83936,24/12/2017,0,72,8.3,9,27.8,19.6,2412,21,22,22,23,25,27,8,8,8,8,8,8,24.12.2017,14.93
83936,25/12/2017,0,70.75,12, 0.666667,26.6,15.2,2512,17,21,22,23,25,26,0,5,5,5,0,0,25.12.2017,21.37
83936,26/12/2017,0,67.5,12.1,0,31.8,15,2612,18,21,23,26,27,30,0,0,0,0,0,0,26.12.2017,19.75
83936,27/12/2017,0,75.75,11.5, 4.66667,34,20.6,2712,27,28,31,31,32,32,0,0,5,8,8,8,27.12.2017,18.03
83936,28/12/2017,0,75.5,5.2, 4.33333,31.2,21.4,2812,27,28,28,30,30,30,0,0,0,0,0,0,28.12.2017,16.61
83936,29/12/2017,0,82.25,4.5,10,29.6,22.2,2912,22,25,26,27,28,28,8,8,5,5,8,8,29.12.2017,13.52
83936,30/12/2017,15,76.5,11.1,4,31.2,21.2,3012,28,31,31,31,30,28,5,5,5,5,0,0,30.12.2017,19.82
83936,31/12/2017,0,75.25,10.1, 2.33333,33.6,20.4,3112,22,23,27,28,30,31,8,5,0,0,0,0,31.12.2017,19.89
83936,1/1/2018,0,81.75,1.6, 8.33333,28.4,21.6,11,25,25,26,27,27,27,8,8,8,8,5,5,01.01.2018,9.76
83936,2/1/2018,6.2,77.75,7.1, 9.33333,30,22.4,21,22,23,25,26,27,27,8,8,8,8,8,8,02.01.2018,12.81
83936,3/1/2018,0,63.75,11.9, 3.66667,31.8,18,31,22,25,27,28,30,30,0,0,0,0,5,5,03.01.2018,19.53
83936,4/1/2018,0,55.5,12.2, 0.666667,34,15.8,41,25,27,30,31,32,33,0,0,0,0,0,0,04.01.2018,19.72
83936,5/1/2018,0,53.75,12.5,6,35.6,18.8,51,27,30,32,32,33,35,0,0,0,0,5,5,05.01.2018,19.29
83936,6/1/2018,1,75.25,5.6,6,27.6,20.8,61,20,21,21,22,22,22,14,8,8,12,8,8,06.01.2018,10.8
83936,7/1/2018,0.4,64.75,12.5,1,28,14.2,71,21,23,25,26,27,27,0,0,0,0,0,0,07.01.2018,21.39
83936,8/1/2018,0,64,12.3, 1.33333,30.4,15.8,81,22,23,25,27,27,28,0,0,0,0,0,0,08.01.2018,20.42
83936,9/1/2018,0,64.25,12.4,0,30.8,18,91,21,22,25,27,27,28,0,0,0,0,0,0,09.01.2018,20.1
83936,10/1/2018,0,67,9,3,33.4,20,101,25,27,30,31,31,32,0,0,0,5,5,8,10.01.2018,14.17
83936,11/1/2018,0,70.25,11.3, 5.33333,34,20.6,111,25,27,27,30,31,32,5,5,5,8,8,8,11.01.2018,16.8
83936,12/1/2018,0,69,10.9, 3.66667,33,20.6,121,26,27,27,28,32,32,0,8,8,8,8,8,12.01.2018,14.9
83936,13/1/2018,0,79,6.1, 5.66667,32.2,21.4,131,23,26,27,31,31,30,5,5,0,5,8,12,13.01.2018,13
83936,14/1/2018,10.3,83.75,3.3,9,30.6,23.4,141,26,27,27,28,27,30,8,5,8,13,8,8,14.01.2018,11.04
83936,15/1/2018,11.5,85.25,4.2, 8.66667,29.4,23,151,22,22,23,25,27,28,14,10,7,8,8,8,15.01.2018,10.85
83936,16/1/2018,0.5,76.25,6.9, 7.66667,29.8,20.8,161,22,23,25,26,27,28,8,8,8,8,8,8,16.01.2018,14.33
83936,17/1/2018,0,84.75,6.6, 3.33333,31.2,20.4,171,22,23,27,27,28,30,8,5,5,5,5,8,17.01.2018,14.15
83936,18/1/2018,8.1,82,3.2, 8.66667,29.8,22.6,181,25,27,27,28,30,28,8,5,8,8,8,12,18.01.2018,10.7
83936,19/1/2018,1.6,67,12,4,30.8,17.8,191,22,25,27,27,28,28,0,0,0,0,0,0,19.01.2018,20.52
83936,20/1/2018,0,75,5.7, 3.33333,31.6,16.4,201,26,27,31,32,31,31,0,0,0,0,0,0,20.01.2018,16.26
83936,21/1/2018,7.7,90.25,0,10,26,21.8,211,22,22,22,22,22,22,8,14,16,16,16,14,21.01.2018,2.14
83936,22/1/2018,21.3,88.5,4.2, 8.66667,29.2,22,221,22,22,23,23,25,27,12,24,8,20,8,8,22.01.2018,7.51
83936,23/1/2018,7.9,82.25,3.5,5,28.4,22.8,231,26,27,27,27,25,22,8,5,8,8,24,14,23.01.2018,6.93
83936,24/1/2018,3.7,84.75,3.9, 8.66667,31.4,21.4,241,28,31,31,30,30,28,0,0,5,5,5,5,24.01.2018,11.68
83936,25/1/2018,0,75.5,9.1,9,28.2,20.8,251,21,22,26,26,27,27,8,8,5,5,8,8,25.01.2018,17.42
83936,26/1/2018,0,73,11.9, 2.66667,28,17.6,261,20,22,23,26,27,27,0,0,5,0,0,0,26.01.2018,20.09
83936,27/1/2018,0,88.5,5,6,29,18.4,271,22,27,27,28,27,23,0,0,0,5,8,20,27.01.2018,8.81
83936,28/1/2018,41.8,88,2.1, 9.66667,29.6,22,281,25,26,27,27,27,28,8,8,8,8,8,8,28.01.2018,10.75
83936,29/1/2018,0.2,71.75,10.7,7,28.8,21.4,291,22,25,25,26,27,27,8,8,8,8,8,8,29.01.2018,16.82
83936,30/1/2018,0,74.5,12,2,29,16.2,301,22,25,26,27,27,28,0,8,8,8,8,5,30.01.2018,19.29
83936,31/1/2018,0,74.75,11, 0.666667,30.2,19.6,311,23,25,27,27,28,30,0,0,0,0,0,0,31.01.2018,19.45
83936,1/2/2018,0,77.25,9.7, 6.66667,31,19.4,12,21,22,25,26,27,28,8,5,5,5,0,0,01.02.2018,18.38
83936,2/2/2018,0,75.75,9.7,4,31.2,18.2,22,20,20,22,26,27,28,3,7,0,0,0,0,02.02.2018,18.7
83936,3/2/2018,0,72.5,11.9, 4.66667,29.8,18.8,32,23,25,26,27,28,28,5,5,0,0,5,5,03.02.2018,18.98
83936,4/2/2018,0,72.5,12,4,30.8,18.4,42,20,22,25,26,27,27,0,0,0,0,0,0,04.02.2018,19.9
83936,5/2/2018,0,76.25,10.6, 3.66667,31.2,17.4,52,25,27,28,30,28,30,0,0,0,5,5,5,05.02.2018,16.5
83936,6/2/2018,0,72,11.9, 1.33333,32,19.2,62,22,25,27,28,31,32,5,0,0,0,0,5,06.02.2018,19.29
83936,7/2/2018,0,70.75,9.9,4,33.2,20,72,21,21,25,26,28,31,8,8,0,0,0,0,07.02.2018,18.88
83936,8/2/2018,2.6,76.25,7.9, 2.66667,34,19.2,82,22,25,31,32,33,33,0,0,0,0,0,5,08.02.2018,13.52
83936,9/2/2018,46.9,84.5,3.2, 6.33333,33.8,21.8,92,28,32,32,32,36,26,8,0,0,8,12,13,09.02.2018,9.89
83936,10/2/2018,0,81.75,7.7, 6.66667,31.4,20.2,102,22,25,26,27,28,30,0,5,0,0,5,8,10.02.2018,14.83
83936,11/2/2018,0,87.75,1.2,10,26.6,16.8,112,22,23,25,25,26,27,7,7,8,8,8,8,11.02.2018,8.15
83936,12/2/2018,3.7,75,8.6, 5.66667,25.4,15.4,122,17,17,20,21,22,22,8,8,8,8,8,5,12.02.2018,14.58
83936,13/2/2018,0,72.5,11.5, 0.333333,25.6,14.2,132,17,18,21,22,23,25,0,0,0,0,0,0,13.02.2018,20.45
83936,14/2/2018,0,72.5,11.6, 0.666667,28,16,142,22,23,26,27,27,27,0,0,0,0,0,0,14.02.2018,19.96
83936,15/2/2018,0,66,11.8,0,28.8,17,152,18,21,22,25,26,27,5,0,0,0,0,0,15.02.2018,19.66
83936,16/2/2018,0,73.25,10.2, 4.66667,30,17.4,162,18,23,26,27,28,28,5,0,0,0,0,0,16.02.2018,17.48
83936,17/2/2018,0,79,8.9,5,31.8,18.4,172,18,22,26,27,30,31,3,5,0,0,0,0,17.02.2018,15.87
83936,18/2/2018,0,79.5,8.2,6,31.6,19,182,25,27,28,30,31,30,0,0,5,5,5,8,18.02.2018,13.64
83936,19/2/2018,4,84.5,0.9, 7.66667,29.2,22.2,192,25,26,27,27,27,27,8,12,8,8,8,14,19.02.2018,9.17
83936,20/2/2018,49.8,94.75,0.8, 9.33333,25.8,20.6,202,25,26,25,25,22,22,8,8,12,12,16,14,20.02.2018,4.67
83936,21/2/2018,1.9,85.5,9,8,29,17.4,212,26,27,27,28,25,25,8,12,12,12,24,5,21.02.2018,14.25
83936,22/2/2018,0,80.25,11.2,3,27.4,14.4,222,22,23,25,26,26,26,0,8,8,8,8,5,22.02.2018,14.78
83936,23/2/2018,0,78.25,9, 6.66667,27.8,17.4,232,20,22,23,25,26,27,8,8,5,5,5,5,23.02.2018,17.75
83936,24/2/2018,0,75.5,9.5, 4.33333,29.2,17.8,242,21,23,25,26,27,27,8,5,5,8,8,8,24.02.2018,17.18
83936,25/2/2018,0,79.5,9.7, 4.33333,29.8,19.6,252,22,23,26,26,27,28,8,8,8,0,0,5,25.02.2018,16.01
83936,26/2/2018,0,78.5,9.1,7,30.6,19.2,262,22,23,26,27,28,30,8,5,0,0,5,5,26.02.2018,17.48
83936,27/2/2018,0,77.75,7.6, 8.66667,31.4,20.6,272,22,23,26,27,28,30,8,8,5,5,0,0,27.02.2018,14.22
83936,28/2/2018,0,89.25,5.3,8,30,18.8,282,20,22,26,27,28,30,3,5,5,5,5,5,28.02.2018,13.21
83936,1/3/2018,21.9,84.25,6.4, 9.33333,31.2,21,13,22,22,23,26,27,28,3,3,7,8,8,8,01.03.2018,11.03
83936,2/3/2018,0,81.75,8.2, 6.33333,30.8,20.8,23,22,23,27,27,30,30,3,8,0,0,0,5,02.03.2018,17.09
83936,3/3/2018,0,82.75,5.3, 6.66667,28.6,19.2,33,22,22,26,27,27,28,8,8,8,8,5,0,03.03.2018,11.92
83936,4/3/2018,0,77.25,9.3, 7.66667,32.8,19.2,43,22,25,27,28,30,32,8,5,0,5,5,5,04.03.2018,15.87
83936,5/3/2018,0,76.75,9.3, 3.33333,33,19,53,27,26,23,22,22,22,5,5,0,0,5,5,05.03.2018,16.07
83936,6/3/2018,0,76.75,6.1, 7.33333,30.2,20.2,63,25,27,27,27,27,30,8,8,8,8,8,12,06.03.2018,12.12
83936,7/3/2018,0,68.5,11.4, 1.66667,26.4,15.6,73,17,18,21,22,23,23,0,0,0,0,0,0,07.03.2018,18.59
83936,8/3/2018,0,71,10.9,0,27.6,13.4,83,12,12,12,17,20,22,0,0,2,0,0,0,08.03.2018,18.48
83936,9/3/2018,0,78.75,9.2, 2.66667,29.8,15.6,93,17,20,22,25,27,27,0,8,0,0,0,0,09.03.2018,16.41
83936,10/3/2018,0,77.25,8.8, 3.66667,34.8,17.6,103,18,22,26,27,32,33,3,0,0,0,0,0,10.03.2018,16.73
83936,11/3/2018,0,65,10,2,34.6,17.4,113,27,32,32,33,33,32,0,0,0,5,5,5,11.03.2018,16.41
83936,12/3/2018,0,73.75,10.9, 3.33333,25.6,14.2,123,18,20,21,22,22,23,0,0,0,0,0,0,12.03.2018,18.52
83936,13/3/2018,0,71.25,9.4, 3.33333,29.8,10.8,133,21,23,23,26,27,27,5,5,5,5,0,0,13.03.2018,15.66
83936,14/3/2018,0,67.75,10, 3.33333,33,17.6,143,21,23,27,30,31,32,0,0,0,0,0,0,14.03.2018,14.51
83936,15/3/2018,59.2,81.25,1.6, 8.33333,28.4,19.8,153,23,25,25,26,27,27,8,8,7,7,8,5,15.03.2018,4.81
83936,16/3/2018,0,75.25,10.9,0,27.8,12,163,17,20,22,22,25,26,0,0,0,0,0,0,16.03.2018,17.84
83936,17/3/2018,0,77.5,10,3,32.2,18.2,173,21,23,27,28,31,31,0,0,0,0,0,0,17.03.2018,15.52
83936,18/3/2018,0,64.5,10.7,1,36.8,22.6,183,31,32,35,35,37,37,0,0,0,5,12,5,18.03.2018,15.31
83936,19/3/2018,9.2,79,7.2,8,31.6,18.4,193,18,20,21,22,22,23,8,5,5,5,0,0,19.03.2018,11.86
83936,20/3/2018,11.9,87,3.3, 7.66667,23,15.8,203,17,17,17,18,20,22,8,8,8,8,5,0,20.03.2018,7.97
83936,21/3/2018,0,78.25,7.6, 4.33333,25,15,213,17,17,21,22,22,25,8,8,8,5,5,0,21.03.2018,13.29
83936,22/3/2018,0,77.5,6.9, 2.66667,25.6,12.2,223,17,20,22,22,25,26,5,0,0,0,0,0,22.03.2018,14.73
83936,23/3/2018,0,84.5,8.9, 6.33333,30.8,16.6,233,17,20,22,25,27,28,0,0,0,0,5,5,23.03.2018,12.65
83936,24/3/2018,64.8,89.5,0, 8.66667,27.4,18.8,243,26,23,20,20,18,18,8,15,20,8,10,10,24.03.2018,0.61
83936,25/3/2018,0,82.5,4.1, 9.66667,21.6,16.4,253,18,18,18,20,20,20,8,8,8,8,8,8,25.03.2018,8.13
83936,26/3/2018,0,78,6.9,4,22,10.8,263,15,17,18,21,21,22,0,0,0,8,8,8,26.03.2018,15.27
83936,27/3/2018,0,86,1.9,9,24.8,18.2,273,22,22,25,23,25,25,8,8,8,8,8,8,27.03.2018,9.19
83936,28/3/2018,0,84.5,4.9,8,28.4,20,283,22,22,23,25,26,27,8,7,7,8,8,8,28.03.2018,11
83936,29/3/2018,0,86,5.4,9,29.2,20.8,293,21,22,23,26,27,27,3,3,8,5,8,8,29.03.2018,12.31
83936,30/3/2018,0,85.75,5.4, 6.33333,28.8,19.8,303,22,22,23,26,27,27,7,8,8,8,8,8,30.03.2018,9.49
83936,31/3/2018,0.6,95.75,0,10,24.6,20.6,313,22,21,21,22,22,22,18,14,14,14,8,14,31.03.2018,1.69
83936,1/4/2018,22.5,90.25,3.1, 9.33333,27.4,20.4,14,21,22,22,25,26,27,3,11,8,8,8,12,01.04.2018,6.22
83936,2/4/2018,11.2,86.25,6.2,9,26.2,19.6,24,20,22,22,23,26,25,8,8,8,8,8,8,02.04.2018,10.65
83936,3/4/2018,0,86.25,7.6, 3.33333,28.6,17.8,34,22,23,25,26,26,26,5,5,8,8,8,8,03.04.2018,13.87
83936,4/4/2018,3.1,90.25,6.2,8,26.8,18.2,44,20,21,21,25,26,26,7,7,8,8,8,8,04.04.2018,10.7
83936,5/4/2018,0,88,6.7, 4.66667,27.4,17.8,54,17,18,21,23,26,27,3,7,8,5,5,5,05.04.2018,11.72
83936,6/4/2018,0,83.75,7.2,4,27.4,16,64,17,17,18,23,26,27,3,3,3,0,0,0,06.04.2018,14.79
83936,7/4/2018,0,81,8.7,5,31,15.8,74,17,20,23,27,28,30,3,5,0,0,0,0,07.04.2018,14.48
83936,8/4/2018,0,76,7.6, 2.66667,31.2,17.4,84,18,23,27,28,31,31,3,0,0,0,0,0,08.04.2018,13.86
83936,9/4/2018,0,79.25,8.4, 6.33333,31.2,19.6,94,23,26,27,30,30,31,0,0,0,0,0,0,09.04.2018,13.2
83936,10/4/2018,0,70.75,8.6, 6.66667,33.4,20,104,23,26,27,32,32,32,0,0,0,0,0,0,10.04.2018,13
83936,11/4/2018,0,64,10.4,3,35.4,20.2,114,26,28,31,32,33,35,0,0,0,0,0,0,11.04.2018,13.68
83936,12/4/2018,0,66.75,10.3, 2.66667,35,23.4,124,28,31,32,33,33,35,0,0,0,0,0,5,12.04.2018,13.37
83936,13/4/2018,8.9,90.5,0, 9.33333,26.2,17.8,134,17,17,17,17,18,18,10,10,10,14,3,3,13.04.2018,1.53
83936,14/4/2018,2.3,89.5,0,10,19.6,16.6,144,17,17,17,17,17,17,14,7,7,14,7,7,14.04.2018,2.22
83936,15/4/2018,0.1,80.75,9.3,5,25.2,14.8,154,17,18,22,23,25,25,0,0,0,0,5,5,15.04.2018,13.86
83936,16/4/2018,0,79,9.8,0,26.6,16.6,164,18,22,23,25,26,27,0,0,0,0,0,0,16.04.2018,14.03
83936,17/4/2018,0,72.5,10, 1.33333,28.6,16,174,22,23,25,26,27,27,0,0,0,0,0,0,17.04.2018,13.63
83936,18/4/2018,0,75.75,9.9, 2.66667,31.4,15.8,184,22,26,27,27,30,31,0,0,0,0,0,5,18.04.2018,12.75
83936,19/4/2018,0,73.25,9.8,2,32.2,17.6,194,23,27,28,30,31,32,0,0,0,0,0,5,19.04.2018,12.8
83936,20/4/2018,18.2,79.5,7.2, 4.33333,32.4,17.8,204,25,27,31,31,32,31,0,0,8,8,12,12,20.04.2018,9.6
83936,21/4/2018,100.4,96.25,0.1, 9.33333,23.8,19.8,214,20,20,20,20,21,21,21,20,20,15,15,15,21.04.2018,1.79
83936,22/4/2018,0,86.5,8.9, 4.33333,31.4,19,224,23,26,27,28,30,30,0,0,0,0,0,5,22.04.2018,12.26
83936,23/4/2018,0,92.5,0.5, 6.66667,26.8,20.6,234,23,22,22,22,23,25,5,8,8,0,5,5,23.04.2018,3.85
83936,24/4/2018,0,93,2.2, 7.66667,26.8,20.2,244,22,22,23,25,25,27,3,8,8,8,8,5,24.04.2018,5.04
83936,25/4/2018,0,94,1.2, 9.33333,27.2,20.8,254,21,22,22,25,27,27,3,3,3,8,8,8,25.04.2018,6.3
83936,26/4/2018,0,91.25,4.1,9,26,19.8,264,21,22,22,22,25,26,3,3,3,3,3,5,26.04.2018,6.12
83936,27/4/2018,0,89.75,1.3,10,29.2,20,274,20,21,22,26,27,28,3,3,0,0,0,0,27.04.2018,6.05
83936,28/4/2018,0,86.75,8.3, 4.33333,31.4,17.8,284,22,23,27,28,30,32,0,0,0,0,0,0,28.04.2018,10.65
83936,29/4/2018,0,81.5,7, 6.66667,32.8,18.2,294,20,23,27,28,31,32,3,0,0,0,0,0,29.04.2018,11.14
83936,30/4/2018,0.9,90.25,0,10,24.4,20,304,21,21,22,22,22,22,8,8,8,5,5,8,30.04.2018,1.38
83936,1/5/2018,0.4,90.75,0,10,20.6,18.6,15,20,20,20,20,20,18,7,7,7,7,7,7,01.05.2018,1.84
83936,2/5/2018,0,90,0,10,22.4,17.2,25,17,20,21,22,22,22,0,5,5,5,8,8,02.05.2018,5.27
83936,3/5/2018,4.1,94,0, 6.66667,21.6,19,35,20,20,21,22,21,21,20,14,14,8,7,7,03.05.2018,1.43
83936,4/5/2018,5.2,89.25,3.9, 9.66667,26.8,17.8,45,22,22,25,26,27,26,8,5,5,5,5,5,04.05.2018,8.53
83936,5/5/2018,0,90.5,0.2, 8.33333,23.8,19.4,55,20,21,21,22,23,23,3,8,8,8,8,5,05.05.2018,5.02
83936,6/5/2018,0,86.75,5.2,9,25.8,20.2,65,22,22,22,25,26,26,8,8,8,8,8,8,06.05.2018,7.62
83936,7/5/2018,0,84.5,7.5,6,25.8,18.4,75,20,22,22,25,26,26,8,5,5,5,0,0,07.05.2018,9.59
83936,8/5/2018,0,85.75,2.8, 6.66667,26,17.8,85,18,21,22,25,25,26,3,0,0,0,0,0,08.05.2018,8.39
83936,9/5/2018,0,85.25,0, 6.66667,25.2,18,95,22,22,23,23,25,25,0,0,0,0,0,8,09.05.2018,3.66
83936,10/5/2018,2.7,79,0.4,10,25.8,19.6,105,22,25,26,26,26,26,0,0,0,0,5,5,10.05.2018,6.08
83936,11/5/2018,12.4,86,3.6,9,22.2,17.8,115,20,20,21,22,22,22,8,8,8,9,8,8,11.05.2018,4.78
83936,12/5/2018,1.7,87.25,6.9, 4.33333,22,14.4,125,18,20,18,20,21,22,8,8,8,8,8,5,12.05.2018,8.19
83936,13/5/2018,0,84.5,8, 3.66667,21.2,9.8,135,13,16,17,18,20,21,2,2,0,0,0,0,13.05.2018,11.14
83936,14/5/2018,0,81.75,5.3, 6.66667,26.8,11.8,145,13,17,22,25,26,27,0,0,0,0,0,0,14.05.2018,8.86
83936,15/5/2018,1,95.25,0, 6.66667,21.8,15.8,155,17,20,21,22,22,21,8,8,8,8,8,8,15.05.2018,1.75
83936,16/5/2018,0,82.5,7.5, 8.66667,19.8,14.2,165,17,17,17,18,20,18,5,0,0,0,0,0,16.05.2018,10.34
83936,17/5/2018,0,83.5,3.5, 7.66667,19.4,7.4,175,8,12,15,16,18,18,3,0,0,0,0,0,17.05.2018,8.99
83936,18/5/2018,4.6,99,0,10,17,13.4,185,13,13,13,15,15,15,20,14,7,7,7,14,18.05.2018,0.63
83936,19/5/2018,23.8,91.5,1.7, 9.66667,16,11.4,195,12,12,12,13,15,16,14,14,7,8,8,8,19.05.2018,2.71
83936,20/5/2018,4,89.5,0.6, 6.66667,14.2,10,205,11,12,12,13,13,15,8,8,8,8,8,8,20.05.2018,4.2
83936,21/5/2018,0,91.5,6.7, 3.33333,17,5.8,215,11,12,13,15,16,16,0,0,0,5,8,8,21.05.2018,8.99
83936,22/5/2018,0,91.75,8.9, 2.66667,17.8,5.8,225,11,13,15,16,17,16,0,0,0,5,8,8,22.05.2018,9.31
83936,23/5/2018,0,84.5,9,0,17.6,3.8,235,7,12,13,15,17,17,0,0,0,0,0,0,23.05.2018,10.66
83936,24/5/2018,0,87,8.9,0,17,2.4,245,7,10,12,15,16,17,0,0,0,0,0,0,24.05.2018,10.76
83936,25/5/2018,0,88,8.4,0,18.4,2.6,255,7,12,13,16,17,18,0,0,0,0,0,0,25.05.2018,10.49
83936,26/5/2018,0,93.5,4.6, 3.33333,21,8.2,265,10,10,11,12,15,17,3,3,3,3,5,0,26.05.2018,6.86
83936,27/5/2018,0,86.75,8.3, 4.66667,27,11.8,275,17,18,22,22,25,27,0,0,0,0,0,5,27.05.2018,8.48
83936,28/5/2018,0,63.25,9, 0.666667,29.8,18,285,22,23,25,27,27,28,0,0,0,0,0,0,28.05.2018,9.3
83936,29/5/2018,0,71.75,8.9,2,26.2,17.8,295,21,22,26,26,26,27,0,0,0,0,0,5,29.05.2018,9.79
83936,30/5/2018,0,73,6.5,6,29.2,15.8,305,20,22,25,26,27,27,0,0,0,0,0,0,30.05.2018,8.77
83936,31/5/2018,8.5,86,0, 8.33333,22,17.2,315,17,18,18,17,17,17,8,14,14,14,14,14,31.05.2018,0.83
83936,1/6/2018,15.1,97.5,0,10,20,14.4,16,17,17,18,18,18,17,14,16,14,14,14,14,01.06.2018,0.97
83936,2/6/2018,0,91.5,1.4,9,14.4,8.2,26,11,11,12,12,12,12,14,8,8,8,8,7,02.06.2018,3.16
83936,3/6/2018,0,95,2.7, 3.66667,12.8,4.2,36,7,8,8,10,11,12,8,8,8,8,8,8,03.06.2018,3.76
83936,4/6/2018,0,94,0.1, 7.66667,15,7.2,46,11,12,13,15,15,15,8,8,8,8,8,8,04.06.2018,3.09
83936,5/6/2018,0,90.25,2.7,9,16,11,56,12,12,13,13,13,15,8,8,8,8,8,8,05.06.2018,3.89
83936,6/6/2018,0,88.5,4.3,9,14.8,7.8,66,8,10,11,12,13,15,8,8,5,8,8,8,06.06.2018,7.82
83936,7/6/2018,0,73,8.8, 0.666667,17.2,4.2,76,8,12,13,16,16,17,0,0,0,0,0,0,07.06.2018,10.27
83936,8/6/2018,0,85.5,8.9,0,19,3,86,7,12,13,16,16,17,0,0,0,0,0,0,08.06.2018,10.18
83936,9/6/2018,0,76.5,7.9, 2.33333,22.2,3,96,10,12,17,18,22,22,0,0,0,0,0,0,09.06.2018,9.28
83936,10/6/2018,0,55.75,5.8,7,30.2,15,106,22,22,22,25,27,28,8,21,15,23,23,8,10.06.2018,6.62
83936,11/6/2018,0.7,79.75,5.9,10,30,19.6,116,27,27,27,28,28,30,8,8,8,8,8,8,11.06.2018,4.33
83936,12/6/2018,19.8,89.5,0.1,10,19.6,14.8,126,16,17,17,17,15,16,14,8,8,8,0,8,12.06.2018,1.32
83936,13/6/2018,0.7,83.25,3.6, 8.66667,14.8,7.8,136,10,11,12,12,12,12,7,8,8,8,8,8,13.06.2018,3.85
83936,14/6/2018,0,88.75,1.4, 8.33333,10.4,2.4,146,7,7,7,8,8,10,8,8,7,7,7,7,14.06.2018,3.35
83936,15/6/2018,0,91.75,3.8, 8.66667,11,1.2,156,2,6,7,7,8,10,2,0,5,5,5,8,15.06.2018,6.12
83936,16/6/2018,0,83.75,8.6,0,12.2,-0.6,166,8,10,11,12,12,12,0,0,5,0,0,0,16.06.2018,10.1
83936,17/6/2018,0,88.75,8.6,0,12.8,-1,176,2,7,8,11,12,12,2,2,0,0,0,0,17.06.2018,10.22
83936,18/6/2018,0,96.25,3.2, 4.33333,13.4,0,186,3,5,7,8,11,12,3,3,3,8,5,5,18.06.2018,5.63
83936,19/6/2018,0,96,3.3, 9.33333,18.2,6.8,196,7,7,8,11,16,17,3,3,3,3,0,0,19.06.2018,4.64
83936,20/6/2018,0,88,8.4, 3.33333,24.2,5.8,206,8,12,17,18,22,23,0,0,0,0,0,0,20.06.2018,9.19
83936,21/6/2018,0,78.25,5.1, 9.33333,27.2,12,216,18,23,26,26,27,27,0,0,0,0,0,5,21.06.2018,7.4
83936,22/6/2018,0,84.75,8.3,5,18.6,5.6,226,7,11,12,13,16,17,0,0,0,0,0,0,22.06.2018,9.95
83936,23/6/2018,0,80,1.6,6,25.4,9.4,236,23,25,25,25,25,22,0,8,8,12,8,12,23.06.2018,3.29
83936,24/6/2018,27.7,92.5,0,10,17.4,10,246,11,11,11,10,11,11,7,7,10,10,10,10,24.06.2018,1
83936,25/6/2018,3.6,97.75,0,10,11.4,9.6,256,11,11,11,11,12,11,14,16,7,7,7,7,25.06.2018,1.29
83936,26/6/2018,3.5,90.25,6.6, 5.66667,16.2,9.6,266,11,12,12,13,15,16,8,8,8,5,0,0,26.06.2018,0.16
83936,27/6/2018,0,98.25,0.1, 6.66667,14.2,5.4,276,7,7,11,12,15,13,3,3,7,8,8,7,27.06.2018,0.16
83936,28/6/2018,1.5,97.25,0,10,17,11.6,286,12,12,13,13,13,13,15,15,16,18,16,14,28.06.2018,0.16
83936,29/6/2018,37.2,98.5,0,10,16.4,15.2,296,16,16,17,17,17,17,15,20,16,16,20,8,29.06.2018,0.16
83936,30/6/2018,32.3,97,1.4, 8.33333,18.2,12.8,306,13,15,15,16,17,17,10,8,8,8,8,8,30.06.2018,0.16
83936,1/7/2018,0.1,94.25,4.6, 9.33333,21.8,14.4,17,15,15,16,17,20,21,3,3,7,5,5,5,01.07.2018,5.56
83936,2/7/2018,0,80,3.6, 6.66667,25.6,15.2,27,25,22,21,22,22,23,8,8,8,8,8,8,02.07.2018,4.43
83936,3/7/2018,16.2,75.75,5,10,16.8,9.6,37,10,10,11,12,12,12,8,8,8,8,5,5,03.07.2018,7.46
83936,4/7/2018,0,88,0,10,10.6,7.4,47,7,8,10,10,10,10,8,8,8,14,14,14,04.07.2018,2.44
83936,5/7/2018,1.5,97.75,0,10,12.8,9.8,57,11,12,12,12,12,12,8,8,8,8,7,7,05.07.2018,1.67
83936,6/7/2018,0.5,95.25,0,10,15,11.6,67,12,12,13,15,15,15,3,14,10,7,7,7,06.07.2018,1.43
83936,7/7/2018,0.2,97.5,1.4, 9.33333,20.4,14,77,15,16,17,20,20,21,3,3,8,8,8,8,07.07.2018,1.97
83936,8/7/2018,0.3,91.75,0,10,15.2,10.2,87,12,12,12,12,13,12,7,14,8,7,7,14,08.07.2018,2.86
83936,9/7/2018,2.9,89,0, 9.33333,13,9.8,97,10,11,11,12,12,12,8,8,8,8,7,7,09.07.2018,2.2
83936,10/7/2018,0.5,93,1.3, 9.33333,13.6,7.4,107,8,10,11,11,12,12,8,8,8,8,8,8,10.07.2018,3.37
83936,11/7/2018,0,90.75,6.5, 8.33333,15.4,3.6,117,7,7,11,13,13,15,3,3,8,5,5,5,11.07.2018,7.63
83936,12/7/2018,0.1,96.5,3.5, 3.66667,15.2,4.4,127,6,7,7,10,11,15,3,3,3,3,8,0,12.07.2018,6.15
83936,13/7/2018,0,89.25,8.7, 0.666667,19.4,3.6,137,7,11,13,17,18,18,0,0,0,0,0,0,13.07.2018,9.36
83936,14/7/2018,0,72.5,9.1,0,27.2,7.4,147,15,18,22,22,26,27,0,0,0,0,0,0,14.07.2018,9.19
83936,15/7/2018,0,77.75,6.6, 2.33333,29,15.2,157,25,26,27,27,28,28,0,0,0,5,5,8,15.07.2018,7.65
83936,16/7/2018,5,93,0, 6.66667,20.4,14,167,13,15,15,16,16,16,7,7,8,8,8,7,16.07.2018,2.71
83936,17/7/2018,29.5,95,0,10,21.4,14.2,177,16,17,16,17,20,18,15,15,20,23,8,8,17.07.2018,1.7
83936,18/7/2018,28.5,81.5,8.6, 4.66667,29.6,16,187,22,25,27,28,30,30,0,0,0,0,0,0,18.07.2018,8.74
83936,19/7/2018,0,49.5,7.6,3,29.4,18.8,197,23,26,27,28,28,28,1,1,0,1,0,0,19.07.2018,9.33
83936,20/7/2018,0,95.25,0,8,27,9.2,207,15,13,12,12,12,12,14,14,14,14,14,20,20.07.2018,0.16
83936,21/7/2018,16.2,79.5,9.4, 3.33333,14.8,6.4,217,8,10,11,12,12,13,0,0,0,0,0,0,21.07.2018,11.21
83936,22/7/2018,0,91.75,0, 6.33333,13.6,3.8,227,6,7,7,10,11,12,5,5,5,8,8,0,22.07.2018,5.04
83936,23/7/2018,0.5,87.25,0,10,12.6,10.6,237,12,12,12,12,12,12,7,7,7,7,7,7,23.07.2018,1.48
83936,24/7/2018,0,88,0,10,12.6,9,247,10,10,11,11,11,12,7,7,7,7,7,7,24.07.2018,1.71
83936,25/7/2018,17.8,98.75,0,10,15,12.2,257,12,13,13,15,15,15,7,7,7,7,7,14,25.07.2018,0.71
83936,26/7/2018,20.8,90.25,0.2,10,15.4,11.4,267,12,12,13,13,15,15,14,7,7,7,7,8,26.07.2018,2.8
83936,27/7/2018,0.5,90.5,0.9, 7.66667,14.4,6.6,277,10,11,12,12,13,13,7,7,7,7,8,8,27.07.2018,3.89
83936,28/7/2018,5.9,99,0,10,13.6,10.6,287,12,12,11,11,12,12,24,8,8,0,0,0,28.07.2018,1.3
83936,29/7/2018,0,83.5,6.6, 5.66667,16.2,9.2,297,12,12,12,15,16,16,0,0,8,8,8,8,29.07.2018,8.69
83936,30/7/2018,0,90.5,5.1, 7.66667,17,8,307,11,12,13,15,16,17,8,8,8,8,5,8,30.07.2018,7.83
83936,31/7/2018,0,87.75,8.3, 2.33333,16,4,317,7,11,12,13,12,15,0,0,5,8,8,8,31.07.2018,10.57
83936,1/8/2018,0,86.75,6.7,6,13.8,4.8,18,7,11,12,12,13,13,8,8,8,5,0,0,01.08.2018,9.08
83936,2/8/2018,0,89.25,5,6,17,6.4,28,7,8,11,12,15,17,7,7,8,0,0,0,02.08.2018,7.87
83936,3/8/2018,0,94,0.3, 6.66667,17,11.6,38,12,12,15,16,17,17,3,7,8,8,8,8,03.08.2018,3.35
83936,4/8/2018,0,89,3.1, 5.66667,16.4,10,48,15,15,15,13,16,16,3,8,8,8,8,5,04.08.2018,4.09
83936,5/8/2018,0,91,3.7, 3.33333,15.2,6.6,58,10,10,11,12,12,12,7,7,7,8,8,8,05.08.2018,4.02
83936,6/8/2018,0,88.25,8.3, 3.33333,19,3.4,68,10,13,16,17,18,18,2,0,0,0,0,0,06.08.2018,12
83936,7/8/2018,0.8,80.25,9.3,0,24.4,6.4,78,10,12,16,18,22,23,0,0,0,0,0,0,07.08.2018,11.9
83936,8/8/2018,4.9,87.25,0.8, 6.66667,19.2,11.6,88,15,17,18,17,17,16,15,5,7,10,7,7,08.08.2018,2.37
83936,9/8/2018,2.5,92.75,0, 6.66667,13,8.2,98,7,8,8,8,10,10,10,10,10,10,10,10,09.08.2018,1.92
83936,10/8/2018,0,82.5,5.1, 7.33333,13.4,6.4,108,7,7,10,10,12,12,5,8,8,8,8,8,10.08.2018,8.3
83936,11/8/2018,0,93.25,0.1,10,15,9,118,15,15,15,15,12,11,7,7,8,8,8,5,11.08.2018,5.32
83936,12/8/2018,0,88.5,8.8, 2.66667,19.8,5.4,128,10,13,16,17,18,20,8,5,5,5,0,0,12.08.2018,12.52
83936,13/8/2018,0,87,7, 3.33333,24,11.2,138,11,12,12,12,17,22,3,3,3,8,0,0,13.08.2018,11.3
83936,14/8/2018,0,84.75,3.8, 6.66667,23.8,9.2,148,12,17,21,22,23,22,8,0,0,0,0,0,14.08.2018,9.03
83936,15/8/2018,0,81.75,8,7,18,11.4,158,12,13,16,16,17,17,5,0,8,8,8,8,15.08.2018,10.42
83936,16/8/2018,0,86,7.9, 6.66667,18.6,8.6,168,11,12,15,16,17,18,5,8,5,0,0,0,16.08.2018,11.09
83936,17/8/2018,0,87.75,6.7, 3.33333,23,10.2,178,10,10,11,12,12,17,3,3,3,3,3,0,17.08.2018,11.55
83936,18/8/2018,0,71.25,9.9, 0.333333,27.2,10.4,188,17,20,23,25,26,27,0,0,0,0,0,0,18.08.2018,12.39
83936,19/8/2018,17.2,92.25,2.6, 5.66667,23.2,10.2,198,21,22,23,21,18,17,0,0,0,8,8,8,19.08.2018,4.46
83936,20/8/2018,2.6,87,0.8,10,12.2,7,208,7,7,7,8,8,8,7,7,7,7,7,8,20.08.2018,5.2
83936,21/8/2018,7.9,87.5,1.7, 6.66667,11,5.4,218,7,8,10,10,11,11,5,8,8,8,8,8,21.08.2018,5.82
83936,22/8/2018,0.6,91,0,10,11.6,9.6,228,11,11,11,12,11,11,10,10,14,7,7,10,22.08.2018,4.11
83936,23/8/2018,7.5,84.75,5.3, 7.66667,18.4,9.8,238,11,12,13,16,17,17,7,8,8,5,0,0,23.08.2018,10.9
83936,24/8/2018,34.1,91.5,0, 9.66667,23.2,13,248,16,15,16,16,17,17,20,20,20,22,14,14,24.08.2018,1.07
83936,25/8/2018,0,72.75,10, 4.66667,15.4,7.8,258,13,13,15,15,11,8,5,0,0,0,0,0,25.08.2018,14.57
83936,26/8/2018,0,80.25,10,0,17,1,268,7,11,12,12,13,15,0,0,0,0,0,0,26.08.2018,14.89
83936,27/8/2018,0,77.75,10.1,0,19.6,2,278,8,8,7,9,10,10,0,0,0,0,0,0,27.08.2018,14.8
83936,28/8/2018,0,68.75,10.2,0,24.4,5.8,288,20,22,22,23,23,25,0,0,0,0,0,0,28.08.2018,14.22
83936,29/8/2018,0,89.25,0.6, 6.33333,21.2,13,298,17,17,17,17,17,21,8,8,14,15,24,8,29.08.2018,4.32
83936,30/8/2018,2.9,92,1,8,26.8,17,308,20,18,18,17,18,17,5,14,14,10,14,20,30.08.2018,3.15
83936,31/8/2018,47.1,97,0, 9.66667,20,15,318,17,18,18,20,20,20,16,16,15,8,8,8,31.08.2018,1.49
83936,1/9/2018,33.6,98.5,0,10,16.2,14.6,19,15,15,16,16,16,16,20,15,7,10,10,10,01.09.2018,0.94
83936,2/9/2018,21.8,96.5,0,10,18.2,15,29,16,17,17,17,17,17,10,7,10,10,10,10,02.09.2018,2.21
83936,3/9/2018,7.9,90.5,0.7,10,19.6,14.8,39,15,16,17,18,18,18,14,14,14,12,14,8,03.09.2018,4.53
83936,4/9/2018,3.4,89.5,4.4, 7.66667,19.6,9.4,49,12,12,13,15,16,17,8,8,8,8,8,8,04.09.2018,9.27
83936,5/9/2018,0,83.5,9.9,0,20.8,8.2,59,12,15,18,20,21,21,4,0,0,0,0,0,05.09.2018,15.68
83936,6/9/2018,0,75.75,10.5,0,27.2,9.6,69,17,20,22,23,26,27,0,0,0,0,0,0,06.09.2018,15.22
83936,7/9/2018,0,77,10.2,0,26.2,9.6,79,8,12,16,22,23,25,2,0,0,0,0,0,07.09.2018,15.11
83936,8/9/2018,0,72,10.1,0,24.2,10.6,89,16,17,21,22,23,25,0,0,0,0,0,0,08.09.2018,15.59
83936,9/9/2018,0,78.25,8.3, 4.66667,20.2,13.1,99,17,17,18,20,20,20,8,5,5,5,5,5,09.09.2018,15.56
83936,10/9/2018,0,77.25,7.9, 6.33333,22.8,15.8,109,16,16,17,17,20,22,7,8,5,8,8,8,10.09.2018,9.88
83936,11/9/2018,0,78.25,2.3, 9.33333,20.2,13.2,119,16,17,18,20,21,20,8,8,8,8,8,8,11.09.2018,7.07
83936,12/9/2018,0,80.5,9.8, 5.66667,24,12.8,129,16,17,20,21,22,22,5,0,0,0,0,0,12.09.2018,14.52
83936,13/9/2018,4.5,88.5,0, 6.66667,24,14,139,15,17,18,21,23,23,0,0,0,0,0,0,13.09.2018,5.75
83936,14/9/2018,7.4,92.75,0, 9.66667,20.4,17.8,149,17,17,17,17,20,20,8,7,7,7,7,8,14.09.2018,2.95
83936,15/9/2018,3.9,90.5,2.3,9,22.2,16.2,159,16,17,18,21,22,22,14,8,5,5,8,8,15.09.2018,8.33
83936,16/9/2018,2,87,3.3, 9.33333,23,16.2,169,18,20,21,22,22,22,8,5,5,0,0,0,16.09.2018,10.98
83936,17/9/2018,6.3,95,0,10,20,16.6,179,17,17,18,18,18,20,14,8,8,8,14,8,17.09.2018,3.35
83936,18/9/2018,0.1,86.25,4.8, 9.33333,24,16.8,189,18,18,20,21,22,23,8,8,8,8,8,8,18.09.2018,8.11
83936,19/9/2018,0,71.25,9, 3.33333,30.2,14.2,199,20,23,26,27,27,28,0,0,0,0,0,0,19.09.2018,14.76
83936,20/9/2018,0,83.75,6.2,8,22.4,16.4,209,16,20,22,22,22,22,20,0,0,0,0,0,20.09.2018,11.15
83936,21/9/2018,1.7,84,10.1, 1.33333,28.2,14.4,219,18,21,22,25,27,27,0,0,0,0,0,5,21.09.2018,13.61
83936,22/9/2018,0,65.75,10.2,0,33.2,16.8,229,27,28,32,32,33,33,0,0,0,0,0,0,22.09.2018,15.57
83936,23/9/2018,9,89.5,1, 6.66667,30.2,18.4,239,20,21,20,22,20,18,15,20,20,8,15,15,23.09.2018,3.04
83936,24/9/2018,75,93.5,0.3, 8.33333,21,17.6,249,18,18,21,20,20,21,15,15,7,8,5,5,24.09.2018,1.96
83936,25/9/2018,8.8,96,0,10,19,16.8,259,17,17,17,17,18,17,24,20,20,14,8,8,25.09.2018,1.58
83936,26/9/2018,7.9,93.25,0, 9.66667,23.6,17.8,269,17,18,18,21,22,22,3,3,7,7,8,5,26.09.2018,6.36
83936,27/9/2018,0,90.75,1,9,24,19.2,279,20,21,22,22,23,23,7,7,7,8,8,8,27.09.2018,6.9
83936,28/9/2018,0,86,5.8, 6.33333,26.2,19.6,289,20,21,22,23,25,26,7,7,8,8,8,8,28.09.2018,11.11
83936,29/9/2018,0,64.75,9.6, 4.33333,33.4,19.6,299,26,27,30,32,32,32,0,0,0,0,0,0,29.09.2018,14.29
83936,30/9/2018,46.8,81.25,0.8, 8.66667,28.4,17.6,309,20,25,22,22,23,22,12,8,8,8,8,8,30.09.2018,5.36
83936,1/10/2018,0,87.75,0.9,10,22.6,17.6,110,22,17,18,21,22,22,15,20,20,5,5,15,01.10.2018,4.04
83936,2/10/2018,39.1,91.25,0,10,17.6,12.6,210,12,12,15,16,16,16,8,15,8,8,8,8,02.10.2018,3.63
83936,3/10/2018,5.3,84.5,5.2, 8.66667,20.8,13,310,13,16,17,17,17,20,8,8,8,8,8,8,03.10.2018,10.68
83936,4/10/2018,0,81.25,8.2,5,22.8,10.8,410,12,17,18,20,21,22,3,0,0,0,0,0,04.10.2018,16.01
83936,5/10/2018,0,70.75,10.3, 4.66667,20.6,10.6,510,16,17,18,21,20,21,0,0,0,0,0,0,05.10.2018,18.13
83936,6/10/2018,0,72,9.3,4,21.6,10.4,610,15,16,18,20,21,22,0,0,0,0,0,0,06.10.2018,15.86
83936,7/10/2018,0,77,8.8,5,28,13.4,710,17,21,23,26,27,27,0,0,0,0,0,5,07.10.2018,14.51
83936,8/10/2018,0,81,9.6, 5.33333,30.8,18,810,22,25,27,27,28,28,0,0,0,5,8,8,08.10.2018,14.15
83936,9/10/2018,0,81.5,2.4, 5.33333,28.2,21,910,27,28,26,21,22,22,5,8,12,15,8,8,09.10.2018,6.35
83936,10/10/2018,12.9,77.75,0.6, 9.66667,22.4,18.2,1010,18,21,21,22,22,22,8,8,8,8,8,5,10.10.2018,5.36
83936,11/10/2018,0,68.5,5.2, 5.33333,22,13.4,1110,16,17,18,20,22,22,8,8,8,8,8,8,11.10.2018,11.89
83936,12/10/2018,0,93,1.4,10,25.4,16,1210,18,20,23,26,25,22,8,8,8,8,8,8,12.10.2018,5.37
83936,13/10/2018,27.6,79.75,1, 9.66667,21,16,1310,17,17,17,17,20,20,8,7,7,7,8,8,13.10.2018,5.99
83936,14/10/2018,0,79.75,10.6, 5.33333,22.8,11.4,1410,17,21,21,22,22,22,8,0,0,5,0,5,14.10.2018,17.58
83936,15/10/2018,0,81.75,9.5, 3.66667,25,12,1510,17,18,21,22,23,25,8,5,0,0,5,0,15.10.2018,17.88
83936,16/10/2018,0,75.75,10.8, 0.666667,28.2,15.8,1610,22,22,25,26,27,27,0,0,0,5,5,5,16.10.2018,17.37
83936,17/10/2018,0,70.75,6.6, 3.33333,29.4,20,1710,26,27,27,27,26,27,0,0,0,5,8,8,17.10.2018,9.84
83936,18/10/2018,0,83.25,1.6, 9.33333,28.8,20.2,1810,22,22,23,27,27,28,0,8,8,5,8,5,18.10.2018,8.21
83936,19/10/2018,0,69,6.4,7,25,19,1910,20,22,23,25,25,25,7,8,8,8,8,5,19.10.2018,11.97
83936,20/10/2018,0,63.75,11.6, 2.33333,23.2,12.2,2010,17,18,21,22,22,22,5,5,0,0,0,0,20.10.2018,19.13
83936,21/10/2018,0,66.25,11.7, 1.66667,26,12.4,2110,17,20,21,22,23,25,0,0,0,0,0,0,21.10.2018,18.69
83936,22/10/2018,0,65,9.2, 3.33333,30.6,14.6,2210,20,23,26,27,27,28,0,0,0,0,0,0,22.10.2018,16.22
83936,23/10/2018,0,69,1.9, 9.33333,25,18.8,2310,18,18,18,20,21,22,0,0,0,5,8,8,23.10.2018,13.04
83936,24/10/2018,0,67.75,9.8,7,25.8,14.8,2410,21,22,23,25,26,26,0,0,0,0,0,5,24.10.2018,17.96
83936,25/10/2018,0,74.25,9.8,8,28.4,16.4,2510,21,23,25,27,27,27,5,0,0,5,5,5,25.10.2018,16.65
83936,26/10/2018,0,81.5,2, 7.33333,25.8,17.8,2610,18,20,21,23,26,26,8,8,8,8,8,8,26.10.2018,8.7
83936,27/10/2018,0.8,81.5,8.5, 8.66667,25,15.4,2710,17,17,20,21,22,23,8,8,8,8,8,8,27.10.2018,11.24
83936,28/10/2018,1.8,65.75,11.1,6,24.8,13.6,2810,18,22,23,25,23,23,5,8,8,5,0,0,28.10.2018,18.26
83936,29/10/2018,0,68.5,11.3,7,27.4,14.4,2910,22,22,26,27,27,27,0,0,0,5,5,5,29.10.2018,17.81
83936,30/10/2018,0,66,9.8, 2.66667,34.8,16,3010,20,22,26,32,32,35,0,0,0,0,5,5,30.10.2018,15.64
83936,31/10/2018,14,78.5,0,10,27.4,20,3110,22,22,22,23,23,23,9,8,8,8,7,8,31.10.2018,4.5
83936,1/11/2018,1.2,78.5,7.4, 8.66667,24,17.8,111,21,22,23,22,22,23,8,8,8,8,8,8,01.11.2018,13.01
83936,2/11/2018,0,72.75,9.9, 2.33333,27.6,14.8,211,17,21,22,23,26,27,8,0,0,0,0,0,02.11.2018,18.43
83936,3/11/2018,16.4,93.75,0, 8.66667,23.4,17.8,311,18,20,21,22,22,22,8,8,8,7,7,8,03.11.2018,4.45
83936,4/11/2018,0,75,10.6, 3.33333,25,15.4,411,16,17,18,20,22,22,5,8,5,5,5,8,04.11.2018,17.85
83936,5/11/2018,0,74.5,11.6, 0.333333,29.2,15.2,511,18,21,22,25,27,28,0,0,0,0,0,0,05.11.2018,18.81
83936,6/11/2018,0,68.25,7.2,6,29.2,18,611,22,25,26,27,28,30,0,0,0,0,0,0,06.11.2018,16.69
83936,7/11/2018,0,70.5,4.9,9,27,19.2,711,21,21,22,22,22,23,8,8,8,8,8,8,07.11.2018,9.93
83936,8/11/2018,0,62.5,12,0,29.2,17.2,811,20,22,23,26,27,27,0,0,0,0,0,0,08.11.2018,19.21
83936,9/11/2018,0,58,12.1,1,32,20,911,23,26,27,28,30,32,0,0,0,0,0,0,09.11.2018,16.13
83936,10/11/2018,0,56.5,11.5, 3.66667,34.8,22.4,1011,26,27,30,31,32,32,0,0,0,0,0,8,10.11.2018,18.57
83936,11/11/2018,0,62.25,6.7, 5.66667,33.6,23,1111,27,30,31,32,32,32,0,0,0,0,5,5,11.11.2018,13.22
83936,12/11/2018,0,59.5,0.3,8,35,22,1211,26,28,31,32,32,35,0,0,0,0,0,0,12.11.2018,12.55
83936,13/11/2018,0,82.5,0,10,30.6,22.2,1311,27,27,27,28,30,31,5,0,0,6,6,8,13.11.2018,2.42
83936,14/11/2018,23.8,73.5,8.2,8,27.4,21.4,1411,22,23,25,27,27,27,8,5,0,5,5,0,14.11.2018,14.55
83936,15/11/2018,0,65,11.9,0,29.8,14.4,1511,22,23,25,26,27,27,0,0,0,0,0,0,15.11.2018,19.64
83936,16/11/2018,0,59,12,0,30.2,14,1611,21,23,25,27,27,28,0,0,0,0,0,0,16.11.2018,19.71
83936,17/11/2018,44.6,91.75,0.3, 6.66667,24.2,18.8,1711,22,22,20,18,18,20,8,23,20,20,15,14,17.11.2018,1.09
83936,18/11/2018,0,74.75,4.1,8,24.4,17.8,1811,20,20,20,20,21,22,7,5,8,8,8,8,18.11.2018,8.54
83936,19/11/2018,0,62.5,12.2,2,24.2,11.8,1911,17,18,20,21,22,22,0,0,0,0,0,0,19.11.2018,20.79
83936,20/11/2018,0,65.5,12,0,29.4,10.8,2011,20,22,26,27,27,28,0,0,0,0,0,0,20.11.2018,20.04
83936,21/11/2018,0,63,12,0,33,15,2111,23,26,28,30,31,32,0,0,0,0,0,0,21.11.2018,18.81
83936,22/11/2018,0,56.5,11.8, 2.33333,34.6,18.6,2211,27,28,32,32,33,33,0,0,0,0,0,0,22.11.2018,18.08
83936,23/11/2018,115.4,91.75,0, 7.66667,27.6,18.8,2311,22,23,26,27,27,27,0,0,0,0,8,8,23.11.2018,4.05
83936,24/11/2018,0,77.5,8.6,9,28.6,17.6,2411,20,21,25,26,27,27,8,8,8,8,8,8,24.11.2018,13.72
83936,25/11/2018,0,71,12, 2.33333,26.2,16.2,2511,18,21,21,22,22,25,8,8,5,0,0,0,25.11.2018,19.54
83936,26/11/2018,0,54.25,10, 3.33333,26.2,16,2611,21,22,23,25,26,27,0,0,0,0,0,0,26.11.2018,19.44
83936,27/11/2018,0,82.75,5.4, 7.66667,26,17.2,2711,21,21,22,23,25,25,0,0,0,0,0,8,27.11.2018,12.62
83936,28/11/2018,1.3,88,3.8, 9.33333,28.4,19,2811,22,22,22,23,26,26,8,8,0,8,8,8,28.11.2018,10.65
83936,29/11/2018,1.6,79.25,9.5, 7.66667,32.4,19.8,2911,23,25,27,27,27,28,8,8,8,8,8,8,29.11.2018,12.95
83936,30/11/2018,40.8,76.5,10.3, 5.33333,31.4,20,3011,22,25,27,27,27,28,8,8,8,8,8,8,30.11.2018,14.16
83936,1/12/2018,0,70.75,10.4,6,27.8,20.8,112,25,26,27,27,27,27,8,8,8,12,8,8,01.12.2018,15.42
83936,2/12/2018,0,64,12, 5.66667,22.4,12.6,212,16,17,21,21,22,20,8,8,8,8,8,8,02.12.2018,18.49
83936,3/12/2018,0,61.75,12.1,0,25.6,10.2,312,16,17,20,21,22,22,0,0,0,0,0,0,03.12.2018,20.51
83936,4/12/2018,0,51.5,12.5, 0.666667,29,11.8,412,22,23,25,26,26,27,0,0,0,0,0,0,04.12.2018,20.4
83936,5/12/2018,0,64,11.7, 2.33333,28.2,15.4,512,18,21,22,23,25,26,5,0,0,0,0,0,05.12.2018,18.76
83936,6/12/2018,0,61.75,10, 7.33333,25.8,14.8,612,20,18,20,20,20,20,0,0,0,0,0,0,06.12.2018,17.64
83936,7/12/2018,0,57.25,12.4,4,25.4,13.2,712,16,17,18,20,21,21,0,0,0,0,0,0,07.12.2018,20
83936,8/12/2018,0,53.25,12.4,0,25.8,11,812,13,17,20,21,22,22,0,0,0,0,0,0,08.12.2018,19.96
83936,9/12/2018,0,57.5,9.2, 4.66667,31.8,14,912,22,25,26,27,30,31,0,0,0,0,0,0,09.12.2018,14.75
83936,10/12/2018,0,57.75,12.6, 2.33333,34.4,17,1012,25,27,31,32,32,32,0,0,0,0,0,5,10.12.2018,18.27
83936,11/12/2018,0,61,7.3, 4.33333,38.4,20.4,1112,25,27,31,35,37,38,0,0,0,0,0,0,11.12.2018,16.32
83936,12/12/2018,2.5,81.75,0, 9.33333,30,21.2,1212,25,28,30,28,28,28,0,0,0,5,0,0,12.12.2018,9.77
83936,13/12/2018,0,77.5,11.5,5,33.2,21.8,1312,23,26,28,32,32,32,0,0,0,5,5,5,13.12.2018,16.29
83936,14/12/2018,0,73.25,0.3, 8.66667,32.8,22.8,1412,28,31,31,31,32,32,0,0,0,1,0,0,14.12.2018,7.73
83936,15/12/2018,2.3,86.5,1, 6.66667,26,20,1512,25,25,25,25,26,25,5,5,8,12,7,8,15.12.2018,7.66
83936,16/12/2018,0,74.5,10.2,9,34.4,20.8,1612,22,25,27,30,31,32,8,0,0,0,5,5,16.12.2018,16.48
83936,17/12/2018,3.3,70,8.3,3,37.4,21.2,1712,31,32,35,36,36,37,0,0,0,0,6,12,17.12.2018,14.31
83936,18/12/2018,18.4,95,0,9,23.2,20.4,1812,22,22,22,22,22,21,14,16,14,14,14,14,18.12.2018,3.26
83936,19/12/2018,36.1,85.75,0.9,10,26.6,20.2,1912,22,23,25,26,26,23,8,7,7,7,7,5,19.12.2018,8.21
83936,20/12/2018,107.4,92,0,10,25.6,21.2,2012,21,22,21,22,22,22,15,20,22,20,22,20,20.12.2018,0.57
83936,21/12/2018,3.7,86,2.7, 9.33333,27.4,21,2112,22,21,22,22,25,26,20,20,20,7,5,5,21.12.2018,7.16
83936,22/12/2018,0,79.5,12,6,30.6,19.2,2212,23,25,25,27,27,28,0,8,5,8,8,8,22.12.2018,17.64
83936,23/12/2018,0,71.5,10.7,3,30.8,19.4,2312,22,23,26,27,28,28,8,5,0,5,5,8,23.12.2018,17.49
83936,24/12/2018,0,71,12, 4.33333,28.4,19,2412,22,22,23,26,27,27,8,0,0,0,5,8,24.12.2018,19.15
83936,25/12/2018,0,81.75,8,4,29.8,19.6,2512,22,23,26,27,27,28,0,0,0,0,5,0,25.12.2018,14.29
83936,26/12/2018,2.5,74.25,11, 3.33333,31.2,19.4,2612,22,22,25,27,28,30,5,5,0,0,0,5,26.12.2018,17.91
83936,27/12/2018,0,74,11.4, 4.33333,32.8,19.8,2712,25,27,28,30,31,32,0,0,0,0,0,5,27.12.2018,18.42
83936,28/12/2018,0,72.5,8.2, 1.33333,34.2,22.4,2812,26,30,32,31,30,32,0,0,0,8,8,5,28.12.2018,15.11
83936,29/12/2018,0,67.25,12.4,5,35,22.6,2912,26,27,30,31,32,32,0,0,0,0,0,0,29.12.2018,18.05
83936,30/12/2018,0,75.5,8.9, 4.66667,35,22.6,3012,26,28,31,32,32,30,0,0,0,5,5,5,30.12.2018,15.24
83936,31/12/2018,0,73.75,5.7, 8.66667,32,24,3112,25,27,27,28,30,31,8,8,0,0,0,0,31.12.2018,15.6
83936,1/1/2019,0,71,8.3, 6.66667,36.4,24.2,11,26,27,31,31,33,35,5,0,0,0,0,0,01.01.2019,15.19
83936,2/1/2019,0,72.25,8.5,8,38,25.6,21,28,28,32,35,37,37,8,5,0,0,5,8,02.01.2019,15.92
83936,3/1/2019,19.6,90.25,0.1, 7.66667,30.8,20,31,22,23,23,23,23,26,14,7,14,14,14,8,03.01.2019,6.36
83936,4/1/2019,6,84.75,1.6,10,26.6,18.8,41,18,20,21,22,22,23,7,7,7,7,7,7,04.01.2019,8.63
83936,5/1/2019,0,82.75,3.5, 7.66667,27.8,19.8,51,21,22,22,23,25,25,8,7,7,7,7,7,05.01.2019,11.76
83936,6/1/2019,0.2,72,7.3, 4.66667,32.8,20.6,61,27,30,31,32,32,32,5,5,5,8,8,8,06.01.2019,13.97
83936,7/1/2019,10.7,71.75,1,10,30.6,23.4,71,27,30,30,31,25,26,9,9,9,21,12,8,07.01.2019,2.09
83936,8/1/2019,42.6,88.25,3.2,7,28.4,20,81,25,25,27,27,25,26,5,5,8,8,12,8,08.01.2019,8.06
83936,9/1/2019,29.2,96.75,0,8,27.8,20.4,91,20,21,20,21,22,22,15,18,18,16,16,7,09.01.2019,2.61
83936,10/1/2019,0,82,3.4, 9.66667,29,21.4,101,25,26,26,27,27,27,8,8,5,0,5,0,10.01.2019,11.46
83936,11/1/2019,0,85.25,0,10,25,22.2,111,22,22,22,23,25,23,8,7,7,8,8,14,11.01.2019,5.53
83936,12/1/2019,11.5,94.25,0.4,10,25,21,121,22,22,23,23,23,25,8,8,8,8,8,8,12.01.2019,7.21
83936,13/1/2019,11.2,90,6.5, 5.66667,31.2,22,131,23,26,27,28,28,31,8,5,0,0,0,0,13.01.2019,15.12
83936,14/1/2019,14.8,87.25,5.4, 9.33333,33.4,22.2,141,23,26,28,28,31,32,0,0,0,0,5,8,14.01.2019,13.77
83936,15/1/2019,20.6,81.5,5.2, 9.66667,33.8,24,151,26,27,31,32,32,33,0,0,0,0,0,5,15.01.2019,14.23
83936,16/1/2019,1.4,85.5,2.4,10,29,23.8,161,26,27,27,27,27,27,8,8,8,8,8,14,16.01.2019,6.91
83936,17/1/2019,65.4,97,0.1, 9.33333,27,20.4,171,23,25,25,23,22,23,15,8,24,22,22,24,17.01.2019,1.61
83936,18/1/2019,30.1,95.5,0,10,26.4,20.4,181,21,22,22,21,22,22,8,7,20,20,16,14,18.01.2019,3.94
83936,19/1/2019,0,93.25,0.3,10,24,18.2,191,17,18,20,22,22,21,10,7,8,8,8,14,19.01.2019,12.13
83936,20/1/2019,2,81.75,6, 8.33333,27,19,201,20,21,22,22,23,25,8,8,8,8,8,8,20.01.2019,11.1
83936,21/1/2019,0,81.75,7.6,6,28.8,20.4,211,22,22,23,25,26,27,7,7,8,8,8,8,21.01.2019,12.45
83936,22/1/2019,0,80.5,11.6, 2.66667,32.2,19.4,221,22,23,25,27,30,31,8,8,0,0,0,5,22.01.2019,17.53
83936,23/1/2019,0,84.5,1.4, 6.66667,31.4,22.4,231,25,27,27,27,30,31,0,0,0,0,0,5,23.01.2019,11.17
83936,24/1/2019,0.8,77.5,9.1,8,31.2,23.2,241,23,25,27,28,30,31,8,8,8,8,8,8,24.01.2019,15.7
83936,25/1/2019,0,75.25,12.1, 3.33333,31.6,22.6,251,25,26,27,27,28,30,0,0,0,0,0,5,25.01.2019,18.47
83936,26/1/2019,0,75.75,9.7, 6.66667,34,22,261,25,27,30,31,32,32,0,0,0,0,0,0,26.01.2019,15.39
83936,27/1/2019,0,73,9.5, 3.33333,35.6,23,271,27,28,31,32,32,35,0,0,0,0,0,5,27.01.2019,16.75
83936,28/1/2019,0,63.25,11.8,2,34.4,24.8,281,28,31,32,32,33,35,0,0,0,0,0,5,28.01.2019,18.56
83936,29/1/2019,0,63.75,12.2, 3.33333,35.8,24.8,291,30,32,33,33,35,35,0,0,0,0,5,0,29.01.2019,17.71
83936,30/1/2019,0,64.75,8.8, 4.66667,36,24.8,301,31,32,32,32,33,35,0,0,0,0,0,5,30.01.2019,16.01
83936,31/1/2019,0,84.5,6.9, 3.66667,35,23.8,311,27,31,32,32,33,33,0,0,0,0,5,5,31.01.2019,12.44
83936,1/2/2019,3.8,78.25,7.3,9,32.2,22.1,12,27,32,30,30,31,32,0,5,8,8,8,8,01.02.2019,12.93
83936,2/2/2019,0,75.75,1.9,9,30.4,23.2,22,25,26,27,27,28,30,8,8,8,5,8,8,02.02.2019,11.09
83936,3/2/2019,0,75.25,4.8, 8.66667,26.4,19.6,32,20,22,22,22,25,23,8,5,8,8,8,8,03.02.2019,12.9
83936,4/2/2019,0,70.5,11.5,6,27,17.8,42,20,21,22,23,25,26,5,8,8,8,8,8,04.02.2019,14.15
83936,5/2/2019,0,71,10.4, 3.33333,27.8,17.2,52,17,22,25,26,26,27,8,5,5,5,5,5,05.02.2019,18.05
83936,6/2/2019,0,72,12, 3.33333,30.4,17.2,62,20,21,23,26,27,28,0,0,0,0,0,5,06.02.2019,15.92
83936,7/2/2019,0,72.75,10,3,32,19.2,72,21,22,25,27,28,30,8,5,0,0,0,0,07.02.2019,16.49
83936,8/2/2019,0,72.75,9.1, 6.33333,33,20,82,22,25,28,31,31,32,5,0,0,0,0,5,08.02.2019,14.17
83936,9/2/2019,0,70.25,8.4, 6.66667,37,20.8,92,23,27,30,32,36,36,0,0,0,0,0,5,09.02.2019,15.26
83936,10/2/2019,3.1,80.5,3.1, 8.33333,31.2,22,102,22,22,23,27,28,31,7,14,8,0,0,5,10.02.2019,9.42
83936,11/2/2019,0.3,83,4, 4.33333,33.4,21.4,112,27,30,32,32,32,32,5,0,5,5,5,5,11.02.2019,9.93
83936,12/2/2019,22.8,73.25,3.5, 9.66667,24.8,18.8,122,21,22,22,21,21,22,7,8,7,7,7,8,12.02.2019,6.1
83936,13/2/2019,0,75,11.1,3,25.6,13.8,132,17,18,20,22,23,23,8,0,0,8,8,8,13.02.2019,17.69
83936,14/2/2019,0,82.5,9.4,4,29.6,16.4,142,18,21,22,27,28,28,0,0,0,5,5,0,14.02.2019,15.66
83936,15/2/2019,17.4,95,0,10,24.6,18.6,152,18,18,20,20,21,22,14,14,7,7,7,7,15.02.2019,4.15
83936,16/2/2019,20.1,81.5,8.7,8,29,19.6,162,21,22,23,26,27,27,8,8,8,8,8,8,16.02.2019,15.4
83936,17/2/2019,1,78,11, 2.33333,28.6,19.2,172,22,25,26,27,27,27,5,0,0,0,5,8,17.02.2019,17.65
83936,18/2/2019,0,80.25,11.3,3,30.8,19.6,182,23,26,27,27,28,30,0,0,5,5,8,8,18.02.2019,16.01
83936,19/2/2019,0,78.25,11.5, 3.33333,32.6,20,192,26,27,28,28,30,31,5,8,0,5,5,8,19.02.2019,17.36
83936,20/2/2019,0,75.25,11.3, 1.33333,33,21.4,202,27,28,30,31,32,32,0,0,0,5,0,0,20.02.2019,17.52
83936,21/2/2019,0,71,11.2,0,34.2,19.8,212,25,27,30,31,32,33,0,0,0,0,0,0,21.02.2019,17.86
83936,22/2/2019,0,73.5,11.1, 0.666667,34,19.4,222,26,28,30,32,32,32,0,0,0,0,0,0,22.02.2019,17.39
83936,23/2/2019,0,69.25,10.5, 3.66667,36.4,22.2,232,30,32,33,35,36,36,0,0,0,5,5,5,23.02.2019,16.01
83936,24/2/2019,13.5,77.25,3.4, 5.66667,31.4,22.4,242,27,26,23,25,25,23,8,8,8,5,8,8,24.02.2019,5.77
83936,25/2/2019,1.4,94.5,0, 9.33333,23.2,19,252,18,20,20,20,21,21,8,7,7,7,7,8,25.02.2019,2.48
83936,26/2/2019,0,77.75,8.1,8,26.6,18.4,262,20,21,22,22,23,26,8,8,8,8,8,8,26.02.2019,14.22
83936,27/2/2019,0,76,10.5, 2.33333,26,14.4,272,17,20,22,22,23,25,5,5,0,5,5,5,27.02.2019,18.19
83936,28/2/2019,0,74.5,11, 0.333333,27.6,12.6,282,18,22,23,25,26,26,0,0,0,0,0,0,28.02.2019,19.02
83936,1/3/2019,0,74.5,11.2,0,29.2,13.4,13,20,23,26,27,27,28,0,0,0,0,0,0,01.03.2019,18.5
83936,2/3/2019,0,67.25,11.1,0,32,14.4,23,23,27,28,28,31,31,0,0,0,0,0,0,02.03.2019,18.41
83936,3/3/2019,0,76.5,10.8,1,31.2,17.8,33,22,23,26,27,28,30,0,0,0,0,0,0,03.03.2019,17.34
83936,4/3/2019,0,69,10.8,2,36.2,18.6,43,27,28,31,32,33,33,0,0,0,0,0,5,04.03.2019,17.58
83936,5/3/2019,0.7,70.75,6.6, 6.66667,33,23.2,53,30,30,31,32,32,30,5,5,5,0,0,23,05.03.2019,12.84
83936,6/3/2019,0,82.75,2.4, 9.66667,31.4,22.4,63,22,25,26,27,30,28,8,8,5,5,5,5,06.03.2019,9.24
83936,7/3/2019,0,71,6.5,6,33.6,21.8,73,27,28,31,32,32,32,0,0,0,0,8,8,07.03.2019,14.21
83936,8/3/2019,3.6,93,0.7, 9.33333,26.4,21.4,83,23,26,25,25,23,22,8,8,8,8,14,16,08.03.2019,3.03
83936,9/3/2019,32.7,85.75,0,10,22,17.8,93,18,20,20,20,21,22,7,7,7,7,7,7,09.03.2019,3.7
83936,10/3/2019,0,68,9.2, 7.33333,25.2,15,103,18,20,22,23,25,25,5,8,8,8,8,8,10.03.2019,13.42
83936,11/3/2019,0.5,77.25,9.8, 4.66667,27,15.4,113,20,22,23,25,26,26,0,0,0,0,5,8,11.03.2019,16.54
83936,12/3/2019,22.8,95.5,0.2, 9.33333,25,19.4,123,20,21,22,23,25,22,8,14,8,8,8,16,12.03.2019,3.3
83936,13/3/2019,0,79.25,7.9, 8.66667,28.2,20,133,22,22,23,25,27,26,8,5,8,8,8,8,13.03.2019,13.01
83936,14/3/2019,0,81.75,10.7, 1.33333,27.4,16,143,21,22,23,25,26,26,0,0,5,5,8,8,14.03.2019,15.54
83936,15/3/2019,0,81,10.8,1,28.2,14.8,153,21,22,25,26,27,27,0,0,0,0,5,5,15.03.2019,17.35
83936,16/3/2019,0,81.5,5.6, 5.66667,29.6,19.2,163,21,22,26,27,28,30,8,5,0,0,5,0,16.03.2019,12.22
83936,17/3/2019,59.6,96.75,0,10,24.8,21,173,22,22,22,22,22,22,16,14,7,7,7,10,17.03.2019,4.47
83936,18/3/2019,9.8,87.75,5.9,9,29.2,21.2,183,21,22,22,25,26,27,15,14,14,8,8,8,18.03.2019,9.66
83936,19/3/2019,3.9,79,6.5,6,30,19.6,193,22,25,27,27,27,27,8,8,8,8,8,8,19.03.2019,12.52
83936,20/3/2019,2.7,79.25,4.6,10,24.2,16.8,203,17,18,21,22,22,22,8,8,8,8,8,8,20.03.2019,9.38
83936,21/3/2019,0,76.25,10.5, 2.66667,22.6,12,213,16,17,18,21,22,22,0,0,5,0,0,0,21.03.2019,17.62
83936,22/3/2019,0,78.25,10.3, 2.33333,26,11,223,16,18,22,22,22,23,0,0,0,0,0,0,22.03.2019,15.9
83936,23/3/2019,0,79.25,7.8, 3.66667,27.2,13.2,233,17,17,20,22,25,25,3,25,8,5,5,5,23.03.2019,16.79
83936,24/3/2019,0,74.25,10.5,2,29.6,14.2,243,18,22,25,26,27,27,0,0,0,0,5,5,24.03.2019,16
83936,25/3/2019,0,67.5,10.5,1,24.8,12.6,253,17,18,21,21,22,22,0,0,0,0,0,0,25.03.2019,17.09
83936,26/3/2019,0,78,9.5, 2.66667,24.2,11,263,17,18,21,22,22,22,0,0,0,5,8,8,26.03.2019,14.82
83936,27/3/2019,0,78.25,5, 5.66667,25,16,273,17,18,21,22,23,25,14,8,8,8,8,8,27.03.2019,8.95
83936,28/3/2019,0,76.25,8.4, 3.66667,26.8,17.6,283,21,22,22,23,25,27,5,8,8,8,8,8,28.03.2019,14.37
83936,29/3/2019,0,77.5,9, 5.33333,29.4,17.8,293,21,22,25,26,27,27,0,0,0,0,0,0,29.03.2019,12.45
83936,30/3/2019,0,71.75,6.7, 3.33333,32.6,18,303,26,27,30,31,32,32,0,0,0,0,5,5,30.03.2019,12.27
83936,31/3/2019,0,86,3.2,10,30,20.8,313,22,23,25,26,27,27,8,8,8,8,8,0,31.03.2019,8.07
83936,1/4/2019,0,78.75,10.2, 3.66667,30.8,20,14,18,21,22,23,26,27,3,3,0,0,0,0,01.04.2019,13.87
83936,2/4/2019,0,78.5,7.6, 4.66667,33.8,20.6,24,21,25,27,30,32,32,3,0,0,0,0,0,02.04.2019,11.45
83936,3/4/2019,0,82.25,6.2, 6.66667,32.6,22.8,34,25,26,26,27,28,30,8,8,8,8,0,0,03.04.2019,9.99
83936,4/4/2019,108.6,95,1, 8.66667,29.2,22.4,44,25,27,28,27,28,26,8,8,8,20,20,24,04.04.2019,3.85
83936,5/4/2019,0,82.5,0.7, 9.66667,23.6,17.2,54,17,17,17,18,21,22,8,7,7,8,8,8,05.04.2019,5.02
83936,6/4/2019,0,81.5,2.1, 8.66667,24,17,64,17,18,20,21,22,22,8,8,8,8,8,8,06.04.2019,9.07
83936,7/4/2019,1.6,86.75,0.8,9,23.8,18.8,74,20,21,22,22,23,23,14,8,8,8,8,8,07.04.2019,6.99
83936,8/4/2019,0,80,10.1, 5.66667,25.6,15.2,84,20,21,22,23,23,25,5,8,8,8,8,5,08.04.2019,13.6
83936,9/4/2019,0,82.5,8.3, 3.33333,25.4,13.8,94,15,17,21,22,23,25,3,5,0,0,0,0,09.04.2019,13.58
83936,10/4/2019,0,77,10.2, 0.666667,30,15,104,20,22,25,27,27,27,0,0,0,0,0,0,10.04.2019,14.12
83936,11/4/2019,0,81.25,4.9, 6.66667,28.8,17.2,114,21,25,26,28,27,27,5,0,0,5,8,8,11.04.2019,9.11
83936,12/4/2019,0.5,88.5,5.5, 4.66667,26.8,14.8,124,17,18,20,22,22,25,8,8,8,8,8,8,12.04.2019,8.45
83936,13/4/2019,0,88.5,6.6,6,28.8,17.2,134,21,21,22,23,26,27,8,7,8,5,5,5,13.04.2019,8.95
83936,14/4/2019,0,88,5.2,6,31,19.4,144,20,21,25,27,30,28,3,8,0,0,0,0,14.04.2019,9.77
83936,15/4/2019,0,79.25,5.8, 4.66667,27.8,17,154,21,23,26,27,27,27,0,0,0,0,0,0,15.04.2019,10.77
83936,16/4/2019,27,87.25,0,10,21,18,164,17,18,18,20,20,20,14,10,7,7,10,14,16.04.2019,2.8
83936,17/4/2019,0.5,84.5,7.7,8,24.4,15,174,17,20,21,21,22,22,8,8,8,8,8,8,17.04.2019,10.4
83936,18/4/2019,0,86.5,7.2, 6.33333,25.2,12.8,184,16,17,21,22,23,26,3,3,5,5,5,5,18.04.2019,12.79
83936,19/4/2019,0,84,9.7, 6.66667,29.2,13.6,194,18,22,25,27,27,27,0,0,0,0,0,0,19.04.2019,12.53
83936,20/4/2019,0,85.75,1.2, 6.66667,26.8,17.2,204,20,21,22,22,25,25,0,8,8,8,8,0,20.04.2019,5.07
83936,21/4/2019,0,90.5,0,10,23,19.2,214,20,20,20,21,22,22,7,7,7,7,7,7,21.04.2019,2.39
83936,22/4/2019,0,81,6.3, 6.66667,22.6,15.6,224,17,18,17,20,21,22,5,8,8,8,8,8,22.04.2019,10.96
83936,23/4/2019,0,84.25,6.5, 5.33333,24.4,16.2,234,17,18,22,23,23,23,5,5,0,0,8,8,23.04.2019,10.47
83936,24/4/2019,0,84.75,6.3, 6.66667,27.4,18.6,244,21,22,22,26,27,27,0,0,0,0,0,0,24.04.2019,10.98
83936,25/4/2019,2.7,94.25,0.2,10,22,20,254,20,21,21,21,22,22,14,7,8,7,7,7,25.04.2019,1.7
83936,26/4/2019,14.5,93.25,1.9,10,27,20.6,264,21,22,26,27,26,26,8,8,5,5,8,8,26.04.2019,5.91
83936,27/4/2019,46,95.75,0,10,22.4,19.6,274,20,20,21,21,21,22,14,14,14,14,14,8,27.04.2019,1.29
83936,28/4/2019,9,89,6.5, 7.66667,24.4,16.8,284,18,20,20,21,22,22,8,8,8,8,8,8,28.04.2019,8.46
83936,29/4/2019,0,90,8.1, 4.66667,25.4,12.4,294,15,17,20,22,22,23,3,2,5,5,5,5,29.04.2019,11.65
83936,30/4/2019,0,84.5,5.1,5,23.8,13.6,304,16,17,20,22,22,23,3,7,5,0,0,5,30.04.2019,9.91
83936,1/5/2019,3.1,87.75,7.3, 8.66667,24,16.4,15,17,18,20,20,21,22,8,8,8,8,8,5,01.05.2019,8.36
83936,2/5/2019,0,84.25,7.7, 3.33333,28.2,11.8,25,17,22,23,25,26,27,2,0,0,0,0,5,02.05.2019,11.55
83936,3/5/2019,0,94.25,1.1, 6.33333,28,18.2,35,25,27,27,25,22,26,8,8,8,22,15,8,03.05.2019,5.05
83936,4/5/2019,47.2,88.25,2.9, 9.66667,32,21.8,45,22,23,27,28,30,31,8,8,5,5,0,0,04.05.2019,7.06
83936,5/5/2019,0.3,95.25,0, 6.66667,25.6,21.8,55,22,23,25,25,25,23,0,0,0,5,14,14,05.05.2019,2.7
83936,6/5/2019,20.3,92.5,0.4, 9.66667,24.2,19.2,65,21,21,21,21,23,22,8,8,7,14,8,8,06.05.2019,1.9
83936,7/5/2019,2.8,82.75,2.2,10,21,16.6,75,17,17,17,18,20,20,7,7,7,7,8,8,07.05.2019,5.17
83936,8/5/2019,0,87.75,5.5, 6.66667,22,13.6,85,16,18,20,21,22,22,5,0,0,5,5,0,08.05.2019,9.2
83936,9/5/2019,20.5,93.5,0.6,10,25,17.2,95,17,18,21,22,23,25,3,8,5,0,5,5,09.05.2019,4.91
83936,10/5/2019,36,95,0,10,26.2,19.8,105,21,20,20,20,20,20,7,7,7,7,7,7,10.05.2019,2.15
83936,11/5/2019,5.1,87.5,5.4, 9.33333,25.6,15,115,16,16,17,17,20,20,10,8,8,8,8,5,11.05.2019,5.09
83936,12/5/2019,0,91.75,1.5, 8.66667,18.4,10,125,12,13,16,16,17,17,2,7,8,8,8,8,12.05.2019,4.33
83936,13/5/2019,21.4,98,0, 9.33333,16.6,13.6,135,15,16,16,16,17,17,14,14,11,11,11,14,13.05.2019,2.03
83936,14/5/2019,10.6,86.5,5.2, 7.33333,22.4,12.6,145,13,15,16,17,17,18,8,8,7,8,8,8,14.05.2019,6.33
83936,15/5/2019,1.6,90.5,3.1,9,21,15.8,155,16,17,17,17,18,20,7,8,10,10,8,8,15.05.2019,4.35
83936,16/5/2019,0,85,8.1, 5.66667,23.2,16.4,165,17,20,21,22,22,22,5,5,5,8,8,8,16.05.2019,8.38
83936,17/5/2019,0,87,9.1,0,22.6,13,175,15,17,20,21,22,22,2,0,0,0,0,0,17.05.2019,10.29
83936,18/5/2019,0,87,7.3, 3.66667,29.4,15,185,17,21,22,22,25,26,0,0,0,0,0,0,18.05.2019,9.49
83936,19/5/2019,0,85,5.7, 6.66667,20.4,16.8,195,21,22,23,26,26,26,0,0,0,0,0,0,19.05.2019,8.59
83936,20/5/2019,29.4,90.75,4.3, 8.66667,24.8,15.8,205,17,17,18,20,22,23,3,3,8,8,0,8,20.05.2019,6.96
83936,21/5/2019,0.2,89,0.3, 9.33333,22.6,18.2,215,20,20,21,22,22,22,8,8,8,8,8,8,21.05.2019,3.19
83936,22/5/2019,10.7,96.75,0, 9.33333,19.8,17.8,225,18,18,20,20,20,20,10,7,7,10,10,10,22.05.2019,1.45
83936,23/5/2019,17.6,87.5,1.8,10,20,15.4,235,16,17,17,18,20,18,7,8,8,8,8,8,23.05.2019,6.45
83936,24/5/2019,7,94,0.1, 9.33333,17.4,13.6,245,13,13,13,13,13,15,16,14,14,14,14,10,24.05.2019,3
83936,25/5/2019,0,89.75,7.5,6,20.6,8.4,255,12,15,17,17,18,20,0,0,0,5,8,8,25.05.2019,10.19
83936,26/5/2019,0,90.75,6.5, 8.66667,22.2,10.2,265,13,16,18,20,20,22,0,0,0,0,5,5,26.05.2019,8.93
83936,27/5/2019,1.4,92,1.7,10,23.4,16.2,275,17,18,21,22,22,22,8,8,8,5,5,5,27.05.2019,3.91
83936,28/5/2019,14,95.5,0.5,10,19,14.8,285,16,16,17,17,18,18,10,10,7,7,7,7,28.05.2019,2.14
83936,29/5/2019,0.3,88.25,5.6, 5.66667,21,13.2,295,16,16,16,16,16,16,0,0,0,0,0,0,29.05.2019,8.39
83936,30/5/2019,0,95,0, 6.66667,15.4,14,305,15,15,15,15,15,15,7,13,20,14,7,7,30.05.2019,0.53
83936,31/5/2019,10.7,96.75,9.5,10,16.4,14.4,315,15,15,15,16,16,16,14,7,10,10,7,10,31.05.2019,1.55
83936,1/6/2019,2.2,91.75,0,10,17.6,14.2,16,15,16,16,16,17,17,7,7,7,7,7,7,01.06.2019,2.13
83936,2/6/2019,0,97.5,1.4, 9.66667,19.2,14.4,26,15,15,16,16,17,17,7,10,10,10,7,8,02.06.2019,3.42
83936,3/6/2019,0.5,90.75,3.5, 8.33333,21.2,12.4,36,13,15,17,17,17,18,8,8,8,8,8,8,03.06.2019,4.37
83936,4/6/2019,0,89.75,6.1, 4.66667,20.2,10,46,11,12,12,15,17,18,3,3,7,8,0,0,04.06.2019,8.68
83936,5/6/2019,0.1,82.25,7.7,6,22,8.4,56,12,16,17,20,21,21,2,0,0,0,0,0,05.06.2019,8.96
83936,6/6/2019,0,76,8.2, 5.66667,25,10.8,66,17,18,20,22,22,23,0,0,0,0,0,0,06.06.2019,9.17
83936,7/6/2019,0,77.5,5.2, 6.66667,26.2,14.4,76,21,22,23,25,26,26,0,0,0,0,0,0,07.06.2019,7.59
83936,8/6/2019,4.3,98.5,0,9,16.6,15.2,86,15,16,16,16,17,16,14,8,7,7,7,7,08.06.2019,1.05
83936,9/6/2019,1.1,92.5,3.2, 8.33333,22.8,15.6,96,16,16,17,18,21,22,3,3,5,8,0,5,09.06.2019,5.59
83936,10/6/2019,0,75.25,2.2,6,26.2,16.2,106,21,22,22,23,25,25,0,0,0,0,0,0,10.06.2019,4.84
83936,11/6/2019,0,84.25,5.4, 9.66667,25.6,14.2,116,17,17,20,22,23,25,8,5,5,0,0,0,11.06.2019,7.29
83936,12/6/2019,0,71,0.1,10,28,16.4,126,21,22,22,23,26,27,0,0,0,0,0,0,12.06.2019,3.83
83936,13/6/2019,0,57.5,3.8,9,29,22.8,136,26,27,27,28,28,28,0,0,0,0,0,0,13.06.2019,2.15
83936,14/6/2019,0,70.25,0.3,10,30,22.8,146,25,25,26,27,28,30,0,0,0,0,0,0,14.06.2019,5.85
83936,15/6/2019,0,62.5,3.4,9,31.2,20.8,156,26,27,27,28,30,30,0,0,0,0,0,0,15.06.2019,5.68
83936,16/6/2019,0,83.25,0.8, 9.33333,28.2,20.4,166,20,22,23,26,27,27,0,0,0,0,0,8,16.06.2019,3.03
83936,17/6/2019,0,91.25,4, 8.66667,25.6,18.4,176,17,18,18,20,23,25,3,3,7,8,0,0,17.06.2019,6.23
83936,18/6/2019,0,81.5,7.3, 4.66667,29.4,17.4,186,21,23,26,27,27,28,2,0,0,0,0,0,18.06.2019,7.02
83936,19/6/2019,5.8,70.75,8.1, 3.33333,20.4,11.4,196,13,15,17,17,20,20,0,0,0,0,0,0,19.06.2019,9.44
83936,20/6/2019,0,86.75,8.4,0,20,7.4,206,12,15,16,17,17,18,0,0,0,0,0,0,20.06.2019,9.26
83936,21/6/2019,0,90,4.2, 8.33333,20.6,8.6,216,10,11,12,15,18,20,3,3,8,5,0,0,21.06.2019,7.75
83936,22/6/2019,0,83.5,7.9, 8.33333,29,13,226,21,22,26,26,27,28,0,0,0,0,0,0,22.06.2019,7.87
83936,23/6/2019,0,70,8.9, 3.66667,28,15.6,236,22,25,26,27,27,27,0,0,0,0,0,0,23.06.2019,8.27
83936,24/6/2019,0,54,6, 6.33333,27.8,19.6,246,22,23,26,27,27,27,0,0,0,0,0,0,24.06.2019,7.45
83936,25/6/2019,0,77.75,0.9,10,26.2,10,256,25,25,26,26,22,16,1,6,9,0,8,14,25.06.2019,1.6
83936,26/6/2019,4.7,85.5,8.1, 5.66667,13,3.4,266,6,8,8,11,12,12,0,0,0,0,0,0,26.06.2019,9.22
83936,27/6/2019,0,89,4.2, 3.33333,16.8,1,276,2,5,7,8,12,15,8,8,7,7,8,5,27.06.2019,6.64
83936,28/6/2019,0,71.5,3.1, 5.33333,26.6,10.4,286,20,22,20,21,22,23,14,8,15,8,8,8,28.06.2019,3.44
83936,29/6/2019,4,54,7.7, 6.66667,30.2,25.8,296,27,28,28,28,30,30,6,6,5,5,5,5,29.06.2019,7.26
83936,30/6/2019,11.6,95,0,10,28,13.6,306,18,17,16,15,15,15,7,7,20,14,14,14,30.06.2019,0.84
