Estacao,Data,Precipitacao,Umidade,Insolacao,Nebulosidade,TempMaxima,TempMinima,DiaMes,Morn,Day,Eve,Vento,Periodo,Energia
83936,19/4/2017,0,81.75,0.7,7.33333,25.2,17.6,194,17.78,22.22,25.0,2.133333,Autumn,1.12
83936,20/4/2017,4.7,85,0,9.33333,25.4,19,204,22.78,22.78,23.89,0.7,Autumn,3.02
83936,21/4/2017,11.5,96.25,1,10,20.6,15.2,214,21.11,17.78,16.11,1.266667,Autumn,1.94
83936,22/4/2017,0,84.75,10,0.666667,24.4,11.2,224,20.0,22.22,22.78,0.866667,Autumn,11.26
83936,23/4/2017,0,75.25,10,0,24.4,9.2,234,17.78,22.22,23.89,1.533333,Autumn,11.18
83936,24/4/2017,25.4,96.75,0.1,9.66667,18.6,15.2,244,16.11,18.89,17.78,1.2,Autumn,0.73
83936,25/4/2017,21.6,86.5,0,9.33333,21.4,18,254,20.0,21.11,21.11,4.966667,Autumn,0.55
83936,26/4/2017,0,65.25,8.4,9,21.2,12.8,264,13.89,16.11,17.78,3.7,Autumn,8.52
83936,27/4/2017,0,75.25,10.1,0,20.2,9.8,274,17.22,18.89,12.78,1.533333,Autumn,11.45
83936,28/4/2017,0,80.75,9.8,0,23.8,5.6,284,12.22,20.0,21.11,0.566667,Autumn,11.1
83936,29/4/2017,0,80,9.8,0,24.4,6,294,16.11,21.11,22.78,1.1,Autumn,10.83
83936,30/4/2017,0,78.75,9.9,0,25.8,6.2,304,22.22,25.0,20.0,1.266667,Autumn,10.73
83936,1/5/2017,0,85.25,4.4,6.33333,23.4,11,15,12.78,16.11,21.11,1.1,Autumn,5.84
83936,2/5/2017,0,85.75,7.3,6.66667,27.8,14.4,25,20.0,26.11,26.11,1.466667,Autumn,7.38
83936,3/5/2017,0,89.75,2.5,6,25,14,35,20.0,22.78,25.0,0.6,Autumn,5.92
83936,4/5/2017,0,82.5,6.7,8.33333,26.4,17,45,17.78,20.0,26.11,1.9,Autumn,6.91
83936,5/5/2017,0,90,4.8,4,24.2,15,55,20.0,22.22,20.0,1.533333,Autumn,0.8
83936,6/5/2017,0,84.5,7.6,6.66667,25.4,15.2,65,17.22,22.78,25.0,1.7,Autumn,9.29
83936,7/5/2017,0,83,8.5,7,28.8,17,75,22.78,27.78,27.22,1.933333,Autumn,8.16
83936,8/5/2017,7.8,89,0.2,6.66667,23.8,16,85,22.22,22.78,20.0,1.966667,Autumn,1.8
83936,9/5/2017,0,92,2.7,9.33333,22.4,15.6,95,18.89,20.0,21.11,0.866667,Autumn,3.66
83936,10/5/2017,0,86.75,6.3,7.33333,20.2,10.8,105,16.11,18.89,17.22,0.933333,Autumn,5.44
83936,11/5/2017,0,85,0,8.33333,18.8,11,115,17.78,15.0,13.89,2.2,Autumn,7.27
83936,12/5/2017,5.8,97,0.7,10,20,13.2,125,18.89,17.78,18.89,2.333333,Autumn,3.77
83936,13/5/2017,46.2,96.5,0,10,17.4,15.4,135,17.22,17.22,17.22,2.833333,Autumn,0.14
83936,14/5/2017,34.9,96,0.5,9,18.8,13.4,145,17.22,17.78,17.22,1.233333,Autumn,2.92
83936,15/5/2017,0.5,94.5,0.4,6.33333,20.2,11.4,155,17.78,18.89,18.89,0.8,Autumn,5.17
83936,16/5/2017,0,88.5,6,5,20.6,9.8,165,13.89,16.11,18.89,0.8,Autumn,7.29
83936,17/5/2017,0,89,6.2,3.66667,21,11.8,175,15.0,17.78,20.0,2.533333,Autumn,7
83936,18/5/2017,17.6,92.25,3.7,6.66667,22,15,185,21.11,21.11,21.11,2.466667,Autumn,6.99
83936,19/5/2017,1.8,92.5,2.8,6.66667,21.4,15.6,195,18.89,20.0,21.11,1.766667,Autumn,5.27
83936,20/5/2017,17.5,99,0,10,19,14.2,205,17.22,16.11,15.0,0.666667,Autumn,0.59
83936,21/5/2017,0,87.75,8.7,4.66667,21.6,9.8,215,15.0,17.78,20.0,0.7,Autumn,10.58
83936,22/5/2017,0,85.75,8.3,3.33333,21.4,8.4,225,18.89,21.11,18.89,2.066667,Autumn,10.69
83936,23/5/2017,0,90.75,0.1,6.66667,17.4,13.6,235,13.89,16.11,15.0,2.3,Autumn,1.41
83936,24/5/2017,11.9,87.25,0.8,8.66667,25,11.4,245,18.89,23.89,22.78,2.233333,Autumn,3.22
83936,25/5/2017,0.2,75.75,5.9,9,31.6,21,255,28.89,31.11,30.0,3.1,Autumn,8.32
83936,26/5/2017,11.2,98.5,0,9.66667,25.8,16.6,265,17.78,17.78,17.22,1.633333,Autumn,0.47
83936,27/5/2017,61.4,97.5,0,10,16.6,14.2,275,15.0,13.89,15.0,3.1,Autumn,0.16
83936,28/5/2017,27.6,93.5,0,10,18,15.4,285,17.22,17.22,17.78,1.466667,Autumn,1.16
83936,29/5/2017,0,89.25,2.5,8.66667,20.6,15.8,295,17.22,17.22,17.78,1.133333,Autumn,5
83936,30/5/2017,0.2,93,0,9,17.4,14.4,305,16.11,16.11,16.11,1.9,Autumn,1.64
83936,31/5/2017,27.9,92,0,10,15.8,14,315,15.0,15.0,16.11,3.566667,Autumn,1.4
83936,1/6/2017,16.3,97.75,0,10,16.2,13.6,16,15.0,16.11,15.0,1.966667,Autumn,3.03
83936,2/6/2017,7.5,89.25,6.4,7.66667,20.4,11.6,26,18.89,18.89,15.0,0.366667,Autumn,7.75
83936,3/6/2017,0,89.5,5,6.66667,20.6,9.4,36,15.0,18.89,20.0,0.866667,Autumn,7.52
83936,4/6/2017,12.2,96.5,0,10,18,15.8,46,17.22,17.22,17.78,1.366667,Autumn,1.74
83936,5/6/2017,2.8,91.75,0,10,16.6,14.6,56,15.0,16.11,16.11,1.866667,Autumn,1.54
83936,6/6/2017,0.4,97,0,10,14.8,13.2,66,13.89,13.89,13.89,1.633333,Autumn,1.11
83936,7/6/2017,0.4,97,0,10,16.4,13.2,76,13.89,17.22,17.22,2.4,Autumn,1.51
83936,8/6/2017,66.4,91,0.2,10,17.8,14.6,86,15.0,15.0,16.11,2.066667,Autumn,2.08
83936,9/6/2017,6.5,85.25,0.3,10,15,9.2,96,10.0,10.0,10.0,2.866667,Autumn,1.54
83936,10/6/2017,0,78,9.1,0.333333,18.4,9.2,106,15.0,16.11,17.78,2.2,Autumn,9.87
83936,11/6/2017,0,88.5,9.1,0,21,5.2,116,13.89,17.22,18.89,0.533333,Autumn,9.53
83936,12/6/2017,0,90.75,8.5,0,18.8,6.6,126,12.78,17.78,17.78,0.9,Autumn,9.63
83936,13/6/2017,0,97.75,0.3,6.66667,16,9.6,136,11.11,12.22,12.78,0.8,Autumn,4.37
83936,14/6/2017,0.1,98.25,0.1,10,14.2,10.4,146,12.22,12.78,13.89,2.133333,Autumn,3.55
83936,15/6/2017,0,89.75,5.1,10,21.2,12.2,156,12.78,17.78,20.0,1.466667,Autumn,7.73
83936,16/6/2017,0,60.25,4.3,9,27.8,17.6,166,25.0,27.22,27.22,3.133333,Autumn,7.05
83936,17/6/2017,0,49,7.9,6.66667,29.4,21.8,176,26.11,27.78,28.89,6.6,Autumn,8.22
83936,18/6/2017,4.7,87.5,0,6.66667,27.4,8.6,186,15.0,12.78,10.0,1.233333,Autumn,0.98
83936,19/6/2017,0,83.5,4,8.33333,13.8,5.6,196,8.89,10.0,11.11,0.966667,Autumn,3.96
83936,20/6/2017,0,83.25,8.8,0,13.2,1,206,6.11,10.0,12.22,1.2,Winter,10.09
83936,21/6/2017,0,87.75,7.8,4.66667,21.4,5.6,216,10.0,17.78,21.11,2,Winter,7.7
83936,22/6/2017,0,66,9.1,2.33333,26.2,11.8,226,20.0,22.78,25.0,3.333333,Winter,8.85
83936,23/6/2017,0,63.5,8.6,1.33333,27.4,18,236,22.22,23.89,27.22,3.233333,Winter,8.99
83936,24/6/2017,0,72.25,8.5,1,28.4,19,246,25.0,27.22,25.0,1.866667,Winter,8.51
83936,25/6/2017,0,77.5,9.1,1,26.2,15.2,256,21.11,23.89,25.0,2.2,Winter,9.06
83936,26/6/2017,0,62.5,5.8,6,25,15,266,22.22,23.89,25.0,2.533333,Winter,8.09
83936,27/6/2017,0,55.75,8.5,5.33333,28.6,17,276,21.11,23.89,27.22,3.3,Winter,8.56
83936,28/6/2017,0,77.5,1.6,5.66667,26.6,18.2,286,23.89,25.0,27.22,0.7,Winter,2.57
83936,29/6/2017,0,79.5,5.1,6,28,15,296,17.22,22.78,27.22,1.333333,Winter,7.99
83936,30/6/2017,6.9,93.75,2,8.66667,21,10.8,306,12.78,13.89,13.89,1.4,Winter,2.67
83936,1/7/2017,0,89,7,1,16,6.6,17,12.22,13.89,16.11,0.666667,Winter,7.84
83936,2/7/2017,0,85.5,7.4,3.33333,16.4,6.6,27,12.22,15.0,16.11,1.866667,Winter,8.27
83936,3/7/2017,0,87.25,8.3,1.33333,18.8,6.2,37,11.11,16.11,17.78,1.533333,Winter,9.3
83936,4/7/2017,0,79.5,7.8,4,21.8,8.6,47,15.0,21.11,21.11,1.733333,Winter,9.13
83936,5/7/2017,0,67.25,9.1,1.33333,24.8,10.6,57,18.89,21.11,23.89,2.833333,Winter,9.16
83936,6/7/2017,0,75.5,9,4,25.2,14.6,67,21.11,22.78,23.89,1.366667,Winter,8.56
83936,7/7/2017,0,75,8.7,10,25.2,10.2,77,22.22,23.89,23.89,1.8,Winter,8.72
83936,8/7/2017,0,70.75,8.8,3.33333,27.2,12.8,87,20.0,22.78,26.11,2.7,Winter,8.81
83936,9/7/2017,0.5,76.5,2,6.33333,25.2,16.6,97,21.11,25.0,23.89,2.066667,Winter,5.17
83936,10/7/2017,0.5,83,8.7,6.33333,27.4,14.4,107,18.89,22.78,26.11,0.433333,Winter,8.04
83936,11/7/2017,8,97.5,0.8,6.33333,20.6,15.4,117,20.0,20.0,18.89,1.3,Winter,2.69
83936,12/7/2017,0,92,6.3,6.66667,23.4,16,127,17.22,18.89,22.22,2.033333,Winter,6.05
83936,13/7/2017,0,70.25,9.2,0.666667,28,15.8,137,22.22,25.0,27.78,2.2,Winter,9.49
83936,14/7/2017,0,57.5,7.9,5.33333,27.6,15.4,147,23.89,26.11,27.22,3.3,Winter,7.09
83936,15/7/2017,0,40.5,8.3,9.33333,28.8,21.8,157,23.89,27.22,28.89,6.233333,Winter,8.6
83936,16/7/2017,0,93.75,0,7.33333,26.4,7,167,12.78,11.11,7.78,1.633333,Winter,0.14
83936,17/7/2017,5.6,71.25,5.4,7.33333,10.8,5.4,177,7.22,7.78,10.0,2.033333,Winter,5.66
83936,18/7/2017,0,73.5,9.2,0,12.6,-0.2,187,7.78,11.11,12.22,0.966667,Winter,7.79
83936,19/7/2017,0,83.5,8.7,0,17.2,-1.2,197,10.0,13.89,16.11,0.6,Winter,10.94
83936,20/7/2017,0,83.5,9,0,20.8,0.8,207,13.89,18.89,21.11,1.366667,Winter,10.8
83936,21/7/2017,0,79,9.2,0,21.2,4.8,217,17.78,20.0,18.89,0.433333,Winter,10.57
83936,22/7/2017,0,83,9.2,6.66667,20.6,4.2,227,17.22,20.0,16.11,1.533333,Winter,10.53
83936,23/7/2017,0,54,9.2,3.33333,28.4,6.8,237,12.22,20.0,25.0,2.633333,Winter,10.11
83936,24/7/2017,0.1,58.25,2.8,4,28.4,15.2,247,37.22,27.78,27.78,3.366667,Winter,3.37
83936,25/7/2017,0,69,5.4,7.66667,28.6,17.2,257,23.89,27.22,27.22,2.033333,Winter,6.81
83936,26/7/2017,0,85.75,7.2,6.66667,27.6,14.2,267,18.89,27.78,25.0,2.066667,Winter,10
83936,27/7/2017,0,86.75,7.1,3.33333,26.2,11,277,20.0,25.0,26.11,1.266667,Winter,9.81
83936,28/7/2017,0,68.75,9.5,0,27.8,12.2,287,20.0,23.89,27.22,3.033333,Winter,10.42
83936,29/7/2017,0,62.5,9.4,0,29.4,16.2,297,21.11,25.0,27.78,3.633333,Winter,10.57
83936,30/7/2017,0,68.25,8.7,2.33333,29.8,15,307,22.78,27.78,28.89,2.133333,Winter,9.73
83936,31/7/2017,0,68.25,7.3,6,29,13.4,317,23.89,27.78,22.78,1.466667,Winter,8.51
83936,1/8/2017,0,70.75,8.7,1.66667,30.2,11.2,18,26.11,28.89,30.0,1.7,Winter,9.57
83936,2/8/2017,30.5,95,0,9.33333,19.8,15.2,28,17.22,17.22,16.11,2.3,Winter,0.76
83936,3/8/2017,0,89.25,1.9,9.66667,18.2,11.4,38,13.89,16.11,17.78,1.633333,Winter,4.58
83936,4/8/2017,0,87,8.2,3.33333,18.4,7.4,48,11.11,16.11,17.22,1.566667,Winter,11.96
83936,5/8/2017,0,79,8.9,2,20.8,9.2,58,17.22,20.0,20.0,2.766667,Winter,11.55
83936,6/8/2017,0,72.75,9.9,0,24.2,10.2,68,17.78,21.11,22.78,2.066667,Winter,11.97
83936,7/8/2017,0,74.75,9.4,2,26.8,8.8,78,17.78,22.22,25.0,0.7,Winter,11.16
83936,8/8/2017,20.4,86.25,1.9,8.33333,24.6,15,88,17.22,20.0,21.11,1.7,Winter,3.25
83936,9/8/2017,2.6,86,2.2,6,16.6,9.2,98,12.78,16.11,16.11,1.233333,Winter,5.91
83936,10/8/2017,0,86,6.2,4.33333,20,11.2,108,17.78,20.0,20.0,4,Winter,9.92
83936,11/8/2017,13.7,92.25,0,10,18.4,15.2,118,17.22,17.78,17.22,2.966667,Winter,2.66
83936,12/8/2017,11.3,98,0,10,22,15.6,128,16.11,16.11,16.11,2.233333,Winter,0.02
83936,13/8/2017,118.7,98.5,0,10,17,13.4,138,16.11,16.11,15.0,1.566667,Winter,1.15
83936,14/8/2017,22.2,85.5,8.5,5.33333,20.6,10.6,148,13.89,17.22,18.89,0.7,Winter,12.28
83936,15/8/2017,0,88.75,8.1,3.33333,19.8,6.8,158,10.0,17.78,20.0,1.2,Winter,13.45
83936,16/8/2017,0.3,89.25,6.6,4.66667,21,10,168,13.89,18.89,20.0,0.7,Winter,9.72
83936,17/8/2017,0,89.75,6.3,3.66667,21,7.4,178,12.22,17.78,21.11,1.466667,Winter,9.82
83936,18/8/2017,0.1,86.75,7.4,3.33333,26,8.8,188,13.89,22.22,25.0,0.833333,Winter,12.55
83936,19/8/2017,0,79.25,2.8,4.66667,25.8,14.6,198,22.22,22.78,25.0,2.2,Winter,7.57
83936,20/8/2017,2.4,75.5,5.1,6.66667,18.6,8.4,208,12.78,13.89,16.11,2.066667,Winter,9.32
83936,21/8/2017,0,73,9.5,1.33333,16,2.4,218,11.11,15.0,16.11,1.7,Winter,14.54
83936,22/8/2017,0,65.75,10.2,0,21.8,4,228,13.89,18.89,21.11,3.8,Winter,14.28
83936,23/8/2017,0,74,9.9,0,26.2,11.4,238,21.11,25.0,26.11,2.733333,Winter,12.75
83936,24/8/2017,0,52.5,9.3,6.66667,32.8,19.4,248,27.22,30.0,32.78,6.1,Winter,12.17
83936,25/8/2017,0,54.25,9.9,0,32.8,23.4,258,28.89,32.22,32.22,3,Winter,12.94
83936,26/8/2017,0,73,6.9,6.66667,28.2,19.2,268,23.89,27.22,27.22,2,Winter,9.96
83936,27/8/2017,24.3,83.75,2.8,9.33333,23.8,18.2,278,21.11,21.11,22.22,1.466667,Winter,3.97
83936,28/8/2017,0,88,4.6,6.66667,26.4,14.4,288,20.0,25.0,26.11,1.266667,Winter,8.78
83936,29/8/2017,0,44,8.7,8.66667,33.8,20.4,298,30.0,32.22,33.89,6.8,Winter,12.12
83936,30/8/2017,0,74,0,6.66667,30,12.2,308,12.78,13.89,12.78,1.366667,Winter,2.02
83936,31/8/2017,0,70.5,9.4,7.66667,20,9.8,318,15.0,17.78,20.0,3.2,Winter,12.93
83936,1/9/2017,0,77.25,9.5,8.33333,27.4,13.4,19,18.89,23.89,27.22,2.3,Winter,12.94
83936,2/9/2017,0,66.25,10.1,0.666667,31.8,18.8,29,25.0,27.78,31.11,2.233333,Winter,13.31
83936,3/9/2017,0,52,9.9,0,33,22.6,39,25.0,30.0,32.22,3.4,Winter,12.68
83936,4/9/2017,0,63.25,6.5,4,33.2,24.2,49,30.0,31.11,28.89,3.866667,Winter,10.34
83936,5/9/2017,18.2,95,0,9.66667,24.4,15,59,17.22,17.78,17.78,2.133333,Winter,1.36
83936,6/9/2017,9.6,87.5,0.6,10,20.8,14.6,69,17.22,17.78,20.0,2.466667,Winter,6.57
83936,7/9/2017,0,75,7.3,8,33.2,16.8,79,22.22,30.0,33.89,1.533333,Winter,12.01
83936,8/9/2017,0,79,3.5,8,26.8,16.8,89,22.78,26.11,27.22,2.366667,Winter,9.9
83936,9/9/2017,0,92,0.1,10,23.8,18.2,99,22.22,22.78,22.78,2.1,Winter,5.1
83936,10/9/2017,0.2,32,4.1,10,35.4,20.8,109,32.22,36.11,32.78,8.733333,Winter,10.72
83936,11/9/2017,9.4,84.25,5.9,6.66667,33.4,14,119,15.0,18.89,22.78,1.233333,Winter,11.12
83936,12/9/2017,1.5,83.25,0,10,17.8,12.2,129,13.89,16.11,17.78,3.1,Winter,5.46
83936,13/9/2017,0.5,88,0.7,10,24.6,14.6,139,21.11,22.78,25.0,3.033333,Winter,7.49
83936,14/9/2017,0,96.5,0,10,20.8,16.8,149,18.89,17.78,17.78,1.333333,Winter,0.19
83936,15/9/2017,32.3,88.75,0,10,18.2,13.6,159,17.22,17.78,17.22,1.8,Winter,5.07
83936,16/9/2017,8.4,86.75,0,10,19.4,13.4,169,15.0,15.0,16.11,2.966667,Winter,2.01
83936,17/9/2017,11.2,84.25,2.3,9.33333,21.6,13.4,179,17.78,20.0,22.22,2.2,Winter,6.97
83936,18/9/2017,0,85.25,9,5,22,12.2,189,17.22,18.89,21.11,1.8,Winter,15.82
83936,19/9/2017,0,86.25,6.5,3.33333,24,14.8,199,20.0,22.22,23.89,2.633333,Winter,14.02
83936,20/9/2017,0,86.75,7.2,3.33333,30.4,17.4,209,18.89,25.0,28.89,1.3,Winter,12.53
83936,21/9/2017,0,62,10.2,0,35,18.2,219,28.89,35.0,35.0,1.1,Winter,14.84
83936,22/9/2017,0,92.75,0,6.66667,24.6,18,229,18.89,20.0,21.11,1.4,Winter,2.29
83936,23/9/2017,7.1,90.75,3.4,9,23,16.4,239,17.22,18.89,20.0,1.4,Spring,6.02
83936,24/9/2017,0,83.25,3.6,7,23,15.4,249,17.78,21.11,22.78,2.7,Spring,8.03
83936,25/9/2017,0,87,4.9,3.33333,28,15.8,259,22.22,25.0,27.22,1.466667,Spring,11.55
83936,26/9/2017,1.8,79.75,8.1,6.33333,30,18,269,22.78,27.22,28.89,2.033333,Spring,13.57
83936,27/9/2017,6.8,87,0.7,10,25.4,17.6,279,20.0,22.78,23.89,1.866667,Spring,6.79
83936,28/9/2017,4.6,76.75,0,10,20.6,16.8,289,18.89,20.0,20.0,3.633333,Spring,6.51
83936,29/9/2017,0.8,97.25,0,10,17.4,14.8,299,15.0,15.0,15.0,3.166667,Spring,2.03
83936,30/9/2017,19.1,87.75,6.9,9,25,15.2,309,18.89,22.22,23.89,0.766667,Spring,10.9
83936,1/10/2017,0.1,71.75,6,6.66667,30.6,15.6,110,16.11,22.78,27.78,3.7,Spring,10.89
83936,2/10/2017,24.9,68.25,4.2,9.33333,20.4,15.4,210,16.11,18.89,20.0,2.466667,Spring,10.25
83936,3/10/2017,0,50.25,10.9,1,24.4,8.8,310,18.89,21.11,22.78,2.566667,Spring,18.59
83936,4/10/2017,0,45.5,10.1,6.33333,29.2,14.8,410,25.0,27.78,30.0,3.4,Spring,15.81
83936,5/10/2017,0,54.75,5.7,8.66667,32.8,19.6,510,27.78,32.22,32.22,3.1,Spring,14.35
83936,6/10/2017,0.6,74.5,0.5,10,26.6,19.2,610,22.78,26.11,25.0,2.966667,Spring,5.33
83936,7/10/2017,0,64.5,8.9,7.33333,23.8,13.8,710,20.0,22.22,23.89,4.3,Spring,17.39
83936,8/10/2017,0,73.75,8.7,8,26.6,15.2,810,22.22,25.0,26.11,3.2,Spring,16.34
83936,9/10/2017,0.6,87,2.9,9,27.6,16.8,910,22.78,23.89,27.22,1.1,Spring,9.01
83936,10/10/2017,0,88.25,1.9,8,24.2,16.8,1010,21.11,22.22,22.78,2.866667,Spring,5.89
83936,11/10/2017,25.2,96.5,0,10,17.2,15.2,1110,16.11,16.11,17.22,3.466667,Spring,1.36
83936,12/10/2017,42.6,97.5,0,10,20.2,16.8,1210,18.89,17.78,20.0,1.7,Spring,2.47
83936,13/10/2017,26,98,0,10,19.4,16.6,1310,17.78,17.78,17.22,1.4,Spring,1.48
83936,14/10/2017,7.1,91,2.7,10,21,13.2,1410,17.22,17.78,20.0,0.966667,Spring,7.35
83936,15/10/2017,0.3,73.5,9.2,4.66667,23,10.6,1510,17.78,22.22,22.78,1.533333,Spring,18.74
83936,16/10/2017,0,73,8,5.66667,26.2,12.8,1610,18.89,23.89,26.11,2.633333,Spring,15.9
83936,17/10/2017,0,68.5,7.6,7,32.8,19.2,1710,25.0,28.89,32.22,2.633333,Spring,14.41
83936,18/10/2017,58.6,85.75,1,10,27.4,20.2,1810,22.22,22.22,25.0,2.066667,Spring,6.68
83936,19/10/2017,0,79,6.3,8.33333,24.2,17.4,1910,21.11,22.22,22.78,1.8,Spring,0
83936,20/10/2017,0,78.75,11.4,4,25.6,15.2,2010,20.0,22.78,25.0,2.3,Spring,0
83936,21/10/2017,5.4,89.75,0.8,6.66667,24.6,19.2,2110,18.89,21.11,22.78,1.533333,Spring,4.06
83936,22/10/2017,5.8,71.5,11.9,6.33333,21,11.2,2210,13.89,17.78,18.89,1.8,Spring,19.61
83936,23/10/2017,0,65,11.5,1.66667,21.4,7.2,2310,16.11,17.78,20.0,1.933333,Spring,20.06
83936,24/10/2017,0,72.75,11.6,5.66667,26.4,10.4,2410,20.0,22.78,25.0,2.9,Spring,18.65
83936,25/10/2017,5.7,79.75,1.7,6,25.4,16.8,2510,20.0,22.78,25.0,1.533333,Spring,10.79
83936,26/10/2017,0,83.25,1.2,8.33333,25.8,14.6,2610,21.11,23.89,25.0,1.366667,Spring,12.35
83936,27/10/2017,7,82.25,5,9,26.8,18.4,2710,25.0,27.22,22.78,1.7,Spring,11.37
83936,28/10/2017,31.8,90.75,2,7.33333,23.2,15.2,2810,15.0,17.22,17.78,1.833333,Spring,7.84
83936,29/10/2017,1.5,77.75,6.9,6.33333,24.8,16.8,2910,20.0,23.89,25.0,3.233333,Spring,15.64
83936,30/10/2017,0,74.25,4.5,9.33333,27.4,16.8,3010,22.78,26.11,27.78,1.966667,Spring,12.67
83936,31/10/2017,0,59.25,12.1,2.66667,24.2,17.4,3110,20.0,21.11,23.89,2.3,Spring,20.35
83936,1/11/2017,0,51.5,12.1,0,26.8,12,111,25.0,27.22,27.22,1.9,Spring,19.92
83936,2/11/2017,0,61.25,12,1.33333,31.6,14.2,211,20.0,25.0,28.89,2.1,Spring,19.25
83936,3/11/2017,16.4,82,0,10,25.6,17.2,311,21.11,22.78,25.0,1.366667,Spring,6.79
83936,4/11/2017,18.6,82.25,5.3,9.33333,23.4,18.2,411,20.0,20.0,22.22,2.2,Spring,9.61
83936,5/11/2017,0.2,70,11.4,3,23.8,13.6,511,20.0,22.78,23.89,3.066667,Spring,19.98
83936,6/11/2017,0,63.75,11.6,0,25.8,13,611,18.89,22.22,23.89,3.166667,Spring,19.8
83936,7/11/2017,0,69,9.1,4,28.2,14.8,711,20.0,25.0,27.78,2.566667,Spring,18.47
83936,8/11/2017,2.5,85,5.9,7.33333,25.4,18.4,811,21.11,22.78,23.89,3.3,Spring,12.04
83936,9/11/2017,0,78.25,9.2,5.33333,30,18.8,911,22.22,25.0,27.78,1.833333,Spring,15.3
83936,10/11/2017,0.5,78.5,4.4,6.66667,27.2,17.6,1011,18.89,21.11,23.89,0.533333,Spring,10.15
83936,11/11/2017,0,49.25,11.9,0,28.6,13.8,1111,25.0,27.22,27.78,2.033333,Spring,20.19
83936,12/11/2017,0,61.75,11.8,0,27.4,11.4,1211,18.89,22.22,23.89,1.4,Spring,21.09
83936,13/11/2017,0,58,12,0,30,11.6,1311,23.89,27.22,28.89,1,Spring,20.26
83936,14/11/2017,0,48.25,12.2,0.666667,33.6,14.2,1411,27.78,31.11,32.78,2.6,Spring,19.86
83936,15/11/2017,0,40.5,12.1,0,36.6,18,1511,27.78,32.78,36.11,3.266667,Spring,19.45
83936,16/11/2017,18.8,88,1.9,6.33333,29.6,16.8,1611,26.11,22.22,17.78,1.666667,Spring,5.13
83936,17/11/2017,0,81.75,3.7,9.33333,25.6,16,1711,17.22,20.0,23.89,1.366667,Spring,11.93
83936,18/11/2017,0,62,11.4,8.66667,26,18,1811,23.89,26.11,26.11,2.1,Spring,19.02
83936,19/11/2017,0,60,11.9,0,27,9,1911,21.11,22.78,26.11,0.866667,Spring,20.9
83936,20/11/2017,0,52.5,12.2,0,29.8,13.2,2011,21.11,26.11,28.89,2.2,Spring,20.44
83936,21/11/2017,0,71.25,2,6,25.8,16.8,2111,20.0,22.78,25.0,6.2,Spring,10.44
83936,22/11/2017,0,58.75,12.1,3.33333,24.2,9.6,2211,17.78,21.11,23.89,1.366667,Spring,21.38
83936,23/11/2017,0,54.25,12.4,0,31.6,9.2,2311,25.0,28.89,31.11,1.066667,Spring,13.56
83936,24/11/2017,0,51.5,12.3,0.333333,33.6,13.2,2411,27.22,31.11,32.22,2.933333,Spring,19.62
83936,25/11/2017,0,91.25,0,6.66667,24,14.8,2511,17.22,17.22,15.0,3.566667,Spring,1.84
83936,26/11/2017,13,86,5,9.33333,25.6,14.8,2611,17.78,20.0,22.22,0.766667,Spring,12.63
83936,27/11/2017,0,66,12.1,0,30,13.4,2711,22.78,26.11,27.78,1.1,Spring,20.61
83936,28/11/2017,0,69.25,11.6,2.66667,28.8,17,2811,22.22,27.22,28.89,3.8,Spring,19.37
83936,29/11/2017,0,67,9.9,2.66667,28.6,17.6,2911,25.0,27.22,27.78,4.066667,Spring,20.3
83936,30/11/2017,0,70.5,10.1,8.33333,27.8,18.4,3011,22.22,25.0,27.22,4.366667,Spring,17.87
83936,1/12/2017,0,64.75,12,0.666667,30.2,17.2,112,22.78,26.11,27.78,3.833333,Spring,19.79
83936,2/12/2017,0,74.75,7.9,3.66667,32.2,18.4,212,23.89,27.78,31.11,2.133333,Spring,14.48
83936,3/12/2017,2.3,85.25,4,9.33333,29.4,21.2,312,27.78,27.22,25.0,1.6,Spring,10.45
83936,4/12/2017,17.8,83.75,0.7,9.33333,23.8,20.8,412,21.11,21.11,22.78,2.766667,Spring,5.15
83936,5/12/2017,1,82,3.9,9,25.8,18.4,512,18.89,22.22,25.0,3.3,Spring,11.85
83936,6/12/2017,0,78.5,10.5,7,32,19.8,612,27.22,28.89,31.11,2.266667,Spring,17.73
83936,7/12/2017,0,66.25,11.1,3.66667,33.2,23.2,712,27.78,30.0,31.11,2.3,Spring,17.73
83936,8/12/2017,0,61.5,11.5,1,31.8,19.4,812,30.0,31.11,32.22,2.2,Spring,20.19
83936,9/12/2017,0,60.5,10.8,0,33.4,17.2,912,22.78,27.78,32.78,1.433333,Spring,19.85
83936,10/12/2017,0,42.25,12.7,1,34.2,18.8,1012,32.22,32.78,32.78,2.166667,Spring,19.09
83936,11/12/2017,0,50.5,12.7,0,27.6,16.4,1112,23.89,25.0,27.22,3.366667,Spring,21.16
83936,12/12/2017,0,57,12.6,0,30,14.2,1212,18.89,22.78,27.22,3.1,Spring,21.12
83936,13/12/2017,0,56.75,10.3,3.66667,36,17,1312,27.78,32.22,35.0,2.233333,Spring,17.52
83936,14/12/2017,0,62.25,1.8,7.33333,32.6,22,1412,32.78,28.89,27.22,2.166667,Spring,7.45
83936,15/12/2017,0,63.5,12.2,0.666667,33.8,17.6,1512,30.0,32.78,33.89,1.333333,Spring,19.43
83936,16/12/2017,0,59.5,12,0.666667,38,19.8,1612,27.22,33.89,37.22,1.3,Spring,19.18
83936,17/12/2017,8.6,74.25,3.3,7.66667,34,20.6,1712,33.89,21.11,27.22,3.133333,Spring,8.38
83936,18/12/2017,0,69.75,7.3,4.33333,24.8,18,1812,22.78,25.0,22.78,4,Spring,17.37
83936,19/12/2017,0,76.25,8,5.33333,28.2,15.8,1912,22.78,26.11,27.78,3.366667,Spring,17.52
83936,20/12/2017,0,81.75,1.1,7.66667,28.6,21,2012,25.0,27.78,27.22,2.566667,Spring,8.45
83936,21/12/2017,0,67,12.3,3.66667,32.4,19.8,2112,27.22,31.11,31.11,2.033333,Spring,17.84
83936,22/12/2017,5.7,87.5,5.9,5.66667,30.8,21.4,2212,27.78,28.89,28.89,2.2,Summer,11.32
83936,23/12/2017,33.5,91,2.8,8,30.6,21.8,2312,30.0,30.0,23.89,2.633333,Summer,8.59
83936,24/12/2017,0,72,8.3,9,27.8,19.6,2412,22.22,23.89,27.22,3.466667,Summer,14.93
83936,25/12/2017,0,70.75,12,0.666667,26.6,15.2,2512,21.11,23.89,26.11,2.933333,Summer,21.37
83936,26/12/2017,0,67.5,12.1,0,31.8,15,2612,21.11,26.11,30.0,1.933333,Summer,19.75
83936,27/12/2017,0,75.75,11.5,4.66667,34,20.6,2712,28.89,31.11,32.22,0.266667,Summer,18.03
83936,28/12/2017,0,75.5,5.2,4.33333,31.2,21.4,2812,28.89,30.0,30.0,2.4,Summer,16.61
83936,29/12/2017,0,82.25,4.5,10,29.6,22.2,2912,25.0,27.78,28.89,1.733333,Summer,13.52
83936,30/12/2017,15,76.5,11.1,4,31.2,21.2,3012,31.11,31.11,28.89,1.2,Summer,19.82
83936,31/12/2017,0,75.25,10.1,2.33333,33.6,20.4,3112,23.89,28.89,31.11,1.466667,Summer,19.89
83936,1/1/2018,0,81.75,1.6,8.33333,28.4,21.6,11,25.0,27.22,27.78,1.566667,Summer,9.76
83936,2/1/2018,6.2,77.75,7.1,9.33333,30,22.4,21,23.89,26.11,27.78,1.8,Summer,12.81
83936,3/1/2018,0,63.75,11.9,3.66667,31.8,18,31,25.0,28.89,30.0,1.133333,Summer,19.53
83936,4/1/2018,0,55.5,12.2,0.666667,34,15.8,41,27.78,31.11,33.89,1.333333,Summer,19.72
83936,5/1/2018,0,53.75,12.5,6,35.6,18.8,51,30.0,32.78,35.0,1.2,Summer,19.29
83936,6/1/2018,1,75.25,5.6,6,27.6,20.8,61,21.11,22.22,22.22,2.733333,Summer,10.8
83936,7/1/2018,0.4,64.75,12.5,1,28,14.2,71,23.89,26.11,27.22,2.266667,Summer,21.39
83936,8/1/2018,0,64,12.3,1.33333,30.4,15.8,81,23.89,27.22,28.89,3.133333,Summer,20.42
83936,9/1/2018,0,64.25,12.4,0,30.8,18,91,22.78,27.22,28.89,2.366667,Summer,20.1
83936,10/1/2018,0,67,9,3,33.4,20,101,27.78,31.11,32.22,1.933333,Summer,14.17
83936,11/1/2018,0,70.25,11.3,5.33333,34,20.6,111,27.22,30.0,32.22,2.366667,Summer,16.8
83936,12/1/2018,0,69,10.9,3.66667,33,20.6,121,27.22,28.89,32.22,1.866667,Summer,14.9
83936,13/1/2018,0,79,6.1,5.66667,32.2,21.4,131,26.11,31.11,30.0,2.633333,Summer,13
83936,14/1/2018,10.3,83.75,3.3,9,30.6,23.4,141,27.22,28.89,30.0,1.2,Summer,11.04
83936,15/1/2018,11.5,85.25,4.2,8.66667,29.4,23,151,22.78,25.0,28.89,1.366667,Summer,10.85
83936,16/1/2018,0.5,76.25,6.9,7.66667,29.8,20.8,161,23.89,26.11,28.89,2.966667,Summer,14.33
83936,17/1/2018,0,84.75,6.6,3.33333,31.2,20.4,171,23.89,27.22,30.0,2.633333,Summer,14.15
83936,18/1/2018,8.1,82,3.2,8.66667,29.8,22.6,181,27.22,28.89,28.89,2.2,Summer,10.7
83936,19/1/2018,1.6,67,12,4,30.8,17.8,191,25.0,27.78,28.89,1.166667,Summer,20.52
83936,20/1/2018,0,75,5.7,3.33333,31.6,16.4,201,27.78,32.22,31.11,1.266667,Summer,16.26
83936,21/1/2018,7.7,90.25,0,10,26,21.8,211,22.22,22.22,22.78,1.3,Summer,2.14
83936,22/1/2018,21.3,88.5,4.2,8.66667,29.2,22,221,22.78,23.89,27.78,2.166667,Summer,7.51
83936,23/1/2018,7.9,82.25,3.5,5,28.4,22.8,231,27.78,27.22,22.78,2.433333,Summer,6.93
83936,24/1/2018,3.7,84.75,3.9,8.66667,31.4,21.4,241,31.11,30.0,28.89,0.6,Summer,11.68
83936,25/1/2018,0,75.5,9.1,9,28.2,20.8,251,22.78,26.11,27.78,2.6,Summer,17.42
83936,26/1/2018,0,73,11.9,2.66667,28,17.6,261,22.22,26.11,27.78,3.233333,Summer,20.09
83936,27/1/2018,0,88.5,5,6,29,18.4,271,27.78,28.89,23.89,2.033333,Summer,8.81
83936,28/1/2018,41.8,88,2.1,9.66667,29.6,22,281,26.11,27.78,28.89,1.066667,Summer,10.75
83936,29/1/2018,0.2,71.75,10.7,7,28.8,21.4,291,25.0,26.11,27.78,2.366667,Summer,16.82
83936,30/1/2018,0,74.5,12,2,29,16.2,301,25.0,27.22,28.89,2.566667,Summer,19.29
83936,31/1/2018,0,74.75,11,0.666667,30.2,19.6,311,25.0,27.78,30.0,2.2,Summer,19.45
83936,1/2/2018,0,77.25,9.7,6.66667,31,19.4,12,22.78,26.11,28.89,2.133333,Summer,18.38
83936,2/2/2018,0,75.75,9.7,4,31.2,18.2,22,20.0,26.11,28.89,1.2,Summer,18.7
83936,3/2/2018,0,72.5,11.9,4.66667,29.8,18.8,32,25.0,27.78,28.89,2.333333,Summer,18.98
83936,4/2/2018,0,72.5,12,4,30.8,18.4,42,22.22,26.11,27.78,2.933333,Summer,19.9
83936,5/2/2018,0,76.25,10.6,3.66667,31.2,17.4,52,27.22,30.0,30.0,2.1,Summer,16.5
83936,6/2/2018,0,72,11.9,1.33333,32,19.2,62,25.0,28.89,32.22,1.7,Summer,19.29
83936,7/2/2018,0,70.75,9.9,4,33.2,20,72,21.11,26.11,31.11,1.933333,Summer,18.88
83936,8/2/2018,2.6,76.25,7.9,2.66667,34,19.2,82,25.0,32.22,33.89,0.933333,Summer,13.52
83936,9/2/2018,46.9,84.5,3.2,6.33333,33.8,21.8,92,32.22,32.78,26.11,1.866667,Summer,9.89
83936,10/2/2018,0,81.75,7.7,6.66667,31.4,20.2,102,25.0,27.78,30.0,2.333333,Summer,14.83
83936,11/2/2018,0,87.75,1.2,10,26.6,16.8,112,23.89,25.0,27.22,2.533333,Summer,8.15
83936,12/2/2018,3.7,75,8.6,5.66667,25.4,15.4,122,17.78,21.11,22.78,1.966667,Summer,14.58
83936,13/2/2018,0,72.5,11.5,0.333333,25.6,14.2,132,18.89,22.22,25.0,2.1,Summer,20.45
83936,14/2/2018,0,72.5,11.6,0.666667,28,16,142,23.89,27.22,27.78,2.4,Summer,19.96
83936,15/2/2018,0,66,11.8,0,28.8,17,152,21.11,25.0,27.22,2.733333,Summer,19.66
83936,16/2/2018,0,73.25,10.2,4.66667,30,17.4,162,23.89,27.78,28.89,2.2,Summer,17.48
83936,17/2/2018,0,79,8.9,5,31.8,18.4,172,22.22,27.78,31.11,1.8,Summer,15.87
83936,18/2/2018,0,79.5,8.2,6,31.6,19,182,27.78,30.0,30.0,1.033333,Summer,13.64
83936,19/2/2018,4,84.5,0.9,7.66667,29.2,22.2,192,26.11,27.78,27.78,1.966667,Summer,9.17
83936,20/2/2018,49.8,94.75,0.8,9.33333,25.8,20.6,202,26.11,25.0,22.22,1.6,Summer,4.67
83936,21/2/2018,1.9,85.5,9,8,29,17.4,212,27.22,28.89,25.0,1.2,Summer,14.25
83936,22/2/2018,0,80.25,11.2,3,27.4,14.4,222,23.89,26.11,26.11,1.233333,Summer,14.78
83936,23/2/2018,0,78.25,9,6.66667,27.8,17.4,232,22.22,25.0,27.22,1.6,Summer,17.75
83936,24/2/2018,0,75.5,9.5,4.33333,29.2,17.8,242,23.89,26.11,27.78,2.633333,Summer,17.18
83936,25/2/2018,0,79.5,9.7,4.33333,29.8,19.6,252,23.89,26.11,28.89,1.633333,Summer,16.01
83936,26/2/2018,0,78.5,9.1,7,30.6,19.2,262,23.89,27.78,30.0,2.1,Summer,17.48
83936,27/2/2018,0,77.75,7.6,8.66667,31.4,20.6,272,23.89,27.78,30.0,1.8,Summer,14.22
83936,28/2/2018,0,89.25,5.3,8,30,18.8,282,22.78,27.78,30.0,1.366667,Summer,13.21
83936,1/3/2018,21.9,84.25,6.4,9.33333,31.2,21,13,22.22,26.11,28.89,1.633333,Summer,11.03
83936,2/3/2018,0,81.75,8.2,6.33333,30.8,20.8,23,23.89,27.78,30.0,1.6,Summer,17.09
83936,3/3/2018,0,82.75,5.3,6.66667,28.6,19.2,33,22.78,27.22,28.89,2.2,Summer,11.92
83936,4/3/2018,0,77.25,9.3,7.66667,32.8,19.2,43,25.0,28.89,32.22,1.1,Summer,15.87
83936,5/3/2018,0,76.75,9.3,3.33333,33,19,53,26.11,22.22,22.22,1.366667,Summer,16.07
83936,6/3/2018,0,76.75,6.1,7.33333,30.2,20.2,63,27.22,27.78,30.0,1.066667,Summer,12.12
83936,7/3/2018,0,68.5,11.4,1.66667,26.4,15.6,73,18.89,22.78,23.89,1.133333,Summer,18.59
83936,8/3/2018,0,71,10.9,0,27.6,13.4,83,12.78,17.78,22.22,1.9,Summer,18.48
83936,9/3/2018,0,78.75,9.2,2.66667,29.8,15.6,93,20.0,25.0,27.78,1.966667,Summer,16.41
83936,10/3/2018,0,77.25,8.8,3.66667,34.8,17.6,103,22.22,27.78,33.89,1.633333,Summer,16.73
83936,11/3/2018,0,65,10,2,34.6,17.4,113,32.22,33.89,32.78,0.966667,Summer,16.41
83936,12/3/2018,0,73.75,10.9,3.33333,25.6,14.2,123,20.0,22.22,23.89,0.866667,Summer,18.52
83936,13/3/2018,0,71.25,9.4,3.33333,29.8,10.8,133,23.89,26.11,27.78,1.466667,Summer,15.66
83936,14/3/2018,0,67.75,10,3.33333,33,17.6,143,23.89,30.0,32.22,2.333333,Summer,14.51
83936,15/3/2018,59.2,81.25,1.6,8.33333,28.4,19.8,153,25.0,26.11,27.78,1.366667,Summer,4.81
83936,16/3/2018,0,75.25,10.9,0,27.8,12,163,20.0,22.78,26.11,0.966667,Summer,17.84
83936,17/3/2018,0,77.5,10,3,32.2,18.2,173,23.89,28.89,31.11,1.2,Summer,15.52
83936,18/3/2018,0,64.5,10.7,1,36.8,22.6,183,32.78,35.0,37.22,1.566667,Summer,15.31
83936,19/3/2018,9.2,79,7.2,8,31.6,18.4,193,20.0,22.22,23.89,0.766667,Summer,11.86
83936,20/3/2018,11.9,87,3.3,7.66667,23,15.8,203,17.22,18.89,22.22,1.2,Autumn,7.97
83936,21/3/2018,0,78.25,7.6,4.33333,25,15,213,17.78,22.78,25.0,1.8,Autumn,13.29
83936,22/3/2018,0,77.5,6.9,2.66667,25.6,12.2,223,20.0,22.78,26.11,1.866667,Autumn,14.73
83936,23/3/2018,0,84.5,8.9,6.33333,30.8,16.6,233,20.0,25.0,28.89,1.8,Autumn,12.65
83936,24/3/2018,64.8,89.5,0,8.66667,27.4,18.8,243,23.89,20.0,18.89,2.233333,Autumn,0.61
83936,25/3/2018,0,82.5,4.1,9.66667,21.6,16.4,253,18.89,20.0,20.0,3.033333,Autumn,8.13
83936,26/3/2018,0,78,6.9,4,22,10.8,263,17.78,21.11,22.22,2.2,Autumn,15.27
83936,27/3/2018,0,86,1.9,9,24.8,18.2,273,22.78,23.89,25.0,3.033333,Autumn,9.19
83936,28/3/2018,0,84.5,4.9,8,28.4,20,283,22.78,25.0,27.22,1.666667,Autumn,11
83936,29/3/2018,0,86,5.4,9,29.2,20.8,293,22.22,26.11,27.78,1.8,Autumn,12.31
83936,30/3/2018,0,85.75,5.4,6.33333,28.8,19.8,303,22.78,26.11,27.78,1.8,Autumn,9.49
83936,31/3/2018,0.6,95.75,0,10,24.6,20.6,313,21.11,22.22,22.22,1.533333,Autumn,1.69
83936,1/4/2018,22.5,90.25,3.1,9.33333,27.4,20.4,14,22.22,25.0,27.22,1.233333,Autumn,6.22
83936,2/4/2018,11.2,86.25,6.2,9,26.2,19.6,24,22.22,23.89,25.0,1.7,Autumn,10.65
83936,3/4/2018,0,86.25,7.6,3.33333,28.6,17.8,34,23.89,26.11,26.11,1,Autumn,13.87
83936,4/4/2018,3.1,90.25,6.2,8,26.8,18.2,44,21.11,25.0,26.11,0.7,Autumn,10.7
83936,5/4/2018,0,88,6.7,4.66667,27.4,17.8,54,18.89,23.89,27.78,1.533333,Autumn,11.72
83936,6/4/2018,0,83.75,7.2,4,27.4,16,64,17.78,23.89,27.22,0.833333,Autumn,14.79
83936,7/4/2018,0,81,8.7,5,31,15.8,74,20.0,27.22,30.0,0.966667,Autumn,14.48
83936,8/4/2018,0,76,7.6,2.66667,31.2,17.4,84,23.89,28.89,31.11,1.6,Autumn,13.86
83936,9/4/2018,0,79.25,8.4,6.33333,31.2,19.6,94,26.11,30.0,31.11,1.933333,Autumn,13.2
83936,10/4/2018,0,70.75,8.6,6.66667,33.4,20,104,26.11,32.22,32.78,2.2,Autumn,13
83936,11/4/2018,0,64,10.4,3,35.4,20.2,114,28.89,32.22,35.0,3.866667,Autumn,13.68
83936,12/4/2018,0,66.75,10.3,2.66667,35,23.4,124,31.11,33.89,35.0,2.366667,Autumn,13.37
83936,13/4/2018,8.9,90.5,0,9.33333,26.2,17.8,134,17.78,17.78,18.89,3.566667,Autumn,1.53
83936,14/4/2018,2.3,89.5,0,10,19.6,16.6,144,17.22,17.78,17.78,1.7,Autumn,2.22
83936,15/4/2018,0.1,80.75,9.3,5,25.2,14.8,154,18.89,23.89,25.0,2.166667,Autumn,13.86
83936,16/4/2018,0,79,9.8,0,26.6,16.6,164,22.22,25.0,27.22,2,Autumn,14.03
83936,17/4/2018,0,72.5,10,1.33333,28.6,16,174,23.89,26.11,27.78,2.266667,Autumn,13.63
83936,18/4/2018,0,75.75,9.9,2.66667,31.4,15.8,184,26.11,27.78,31.11,0.933333,Autumn,12.75
83936,19/4/2018,0,73.25,9.8,2,32.2,17.6,194,27.22,30.0,32.22,1,Autumn,12.8
83936,20/4/2018,18.2,79.5,7.2,4.33333,32.4,17.8,204,27.22,31.11,31.11,2.2,Autumn,9.6
83936,21/4/2018,100.4,96.25,0.1,9.33333,23.8,19.8,214,20.0,20.0,21.11,0.766667,Autumn,1.79
83936,22/4/2018,0,86.5,8.9,4.33333,31.4,19,224,26.11,28.89,30.0,0.6,Autumn,12.26
83936,23/4/2018,0,92.5,0.5,6.66667,26.8,20.6,234,22.22,22.78,25.0,0.7,Autumn,3.85
83936,24/4/2018,0,93,2.2,7.66667,26.8,20.2,244,22.78,25.0,27.22,0.933333,Autumn,5.04
83936,25/4/2018,0,94,1.2,9.33333,27.2,20.8,254,22.22,25.0,27.22,0.6,Autumn,6.3
83936,26/4/2018,0,91.25,4.1,9,26,19.8,264,22.22,22.22,26.11,1.366667,Autumn,6.12
83936,27/4/2018,0,89.75,1.3,10,29.2,20,274,21.11,26.11,28.89,0.766667,Autumn,6.05
83936,28/4/2018,0,86.75,8.3,4.33333,31.4,17.8,284,23.89,28.89,32.22,0.766667,Autumn,10.65
83936,29/4/2018,0,81.5,7,6.66667,32.8,18.2,294,23.89,28.89,32.22,1.233333,Autumn,11.14
83936,30/4/2018,0.9,90.25,0,10,24.4,20,304,21.11,22.22,22.22,2.033333,Autumn,1.38
83936,1/5/2018,0.4,90.75,0,10,20.6,18.6,15,20.0,20.0,18.89,2.8,Autumn,1.84
83936,2/5/2018,0,90,0,10,22.4,17.2,25,20.0,22.22,22.78,1.966667,Autumn,5.27
83936,3/5/2018,4.1,94,0,6.66667,21.6,19,35,20.0,22.22,21.11,1.233333,Autumn,1.43
83936,4/5/2018,5.2,89.25,3.9,9.66667,26.8,17.8,45,22.78,26.11,26.11,1.033333,Autumn,8.53
83936,5/5/2018,0,90.5,0.2,8.33333,23.8,19.4,55,21.11,22.22,23.89,2.533333,Autumn,5.02
83936,6/5/2018,0,86.75,5.2,9,25.8,20.2,65,22.78,25.0,26.11,2.533333,Autumn,7.62
83936,7/5/2018,0,84.5,7.5,6,25.8,18.4,75,22.22,25.0,26.11,2.966667,Autumn,9.59
83936,8/5/2018,0,85.75,2.8,6.66667,26,17.8,85,21.11,25.0,26.11,1.8,Autumn,8.39
83936,9/5/2018,0,85.25,0,6.66667,25.2,18,95,22.78,23.89,25.0,0.866667,Autumn,3.66
83936,10/5/2018,2.7,79,0.4,10,25.8,19.6,105,25.0,26.11,26.11,1.833333,Autumn,6.08
83936,11/5/2018,12.4,86,3.6,9,22.2,17.8,115,20.0,22.22,22.22,1.733333,Autumn,4.78
83936,12/5/2018,1.7,87.25,6.9,4.33333,22,14.4,125,20.0,20.0,22.22,0.6,Autumn,8.19
83936,13/5/2018,0,84.5,8,3.66667,21.2,9.8,135,16.11,18.89,21.11,0.933333,Autumn,11.14
83936,14/5/2018,0,81.75,5.3,6.66667,26.8,11.8,145,17.22,25.0,27.22,2.2,Autumn,8.86
83936,15/5/2018,1,95.25,0,6.66667,21.8,15.8,155,20.0,22.22,21.11,0.166667,Autumn,1.75
83936,16/5/2018,0,82.5,7.5,8.66667,19.8,14.2,165,17.78,18.89,18.89,2.033333,Autumn,10.34
83936,17/5/2018,0,83.5,3.5,7.66667,19.4,7.4,175,12.22,16.11,18.89,1.9,Autumn,8.99
83936,18/5/2018,4.6,99,0,10,17,13.4,185,13.89,15.0,15.0,3.133333,Autumn,0.63
83936,19/5/2018,23.8,91.5,1.7,9.66667,16,11.4,195,12.78,13.89,16.11,2.466667,Autumn,2.71
83936,20/5/2018,4,89.5,0.6,6.66667,14.2,10,205,12.22,13.89,15.0,1.5,Autumn,4.2
83936,21/5/2018,0,91.5,6.7,3.33333,17,5.8,215,12.78,15.0,16.11,0.433333,Autumn,8.99
83936,22/5/2018,0,91.75,8.9,2.66667,17.8,5.8,225,13.89,16.11,16.11,0.833333,Autumn,9.31
83936,23/5/2018,0,84.5,9,0,17.6,3.8,235,12.22,15.0,17.22,0.533333,Autumn,10.66
83936,24/5/2018,0,87,8.9,0,17,2.4,245,10.0,15.0,17.22,0.833333,Autumn,10.76
83936,25/5/2018,0,88,8.4,0,18.4,2.6,255,12.22,16.11,18.89,1.3,Autumn,10.49
83936,26/5/2018,0,93.5,4.6,3.33333,21,8.2,265,10.0,12.22,17.78,1.2,Autumn,6.86
83936,27/5/2018,0,86.75,8.3,4.66667,27,11.8,275,18.89,22.78,27.22,0.7,Autumn,8.48
83936,28/5/2018,0,63.25,9,0.666667,29.8,18,285,23.89,27.78,28.89,3.766667,Autumn,9.3
83936,29/5/2018,0,71.75,8.9,2,26.2,17.8,295,22.78,26.11,27.22,3.3,Autumn,9.79
83936,30/5/2018,0,73,6.5,6,29.2,15.8,305,22.22,26.11,27.78,1.833333,Autumn,8.77
83936,31/5/2018,8.5,86,0,8.33333,22,17.2,315,18.89,17.78,17.22,1.3,Autumn,0.83
83936,1/6/2018,15.1,97.5,0,10,20,14.4,16,17.78,18.89,17.22,1.6,Autumn,0.97
83936,2/6/2018,0,91.5,1.4,9,14.4,8.2,26,11.11,12.22,12.22,1.766667,Autumn,3.16
83936,3/6/2018,0,95,2.7,3.66667,12.8,4.2,36,8.89,10.0,12.22,0.766667,Autumn,3.76
83936,4/6/2018,0,94,0.1,7.66667,15,7.2,46,12.22,15.0,15.0,1.866667,Autumn,3.09
83936,5/6/2018,0,90.25,2.7,9,16,11,56,12.78,13.89,15.0,1.4,Autumn,3.89
83936,6/6/2018,0,88.5,4.3,9,14.8,7.8,66,10.0,12.22,15.0,0.966667,Autumn,7.82
83936,7/6/2018,0,73,8.8,0.666667,17.2,4.2,76,12.22,16.11,17.22,1.266667,Autumn,10.27
83936,8/6/2018,0,85.5,8.9,0,19,3,86,12.22,16.11,17.22,0.966667,Autumn,10.18
83936,9/6/2018,0,76.5,7.9,2.33333,22.2,3,96,12.78,18.89,22.22,1.366667,Autumn,9.28
83936,10/6/2018,0,55.75,5.8,7,30.2,15,106,22.78,25.0,28.89,5.133333,Autumn,6.62
83936,11/6/2018,0.7,79.75,5.9,10,30,19.6,116,27.22,28.89,30.0,4.133333,Autumn,4.33
83936,12/6/2018,19.8,89.5,0.1,10,19.6,14.8,126,17.22,17.22,16.11,2.266667,Autumn,1.32
83936,13/6/2018,0.7,83.25,3.6,8.66667,14.8,7.8,136,11.11,12.78,12.22,1.5,Autumn,3.85
83936,14/6/2018,0,88.75,1.4,8.33333,10.4,2.4,146,7.78,8.89,10.0,0.766667,Autumn,3.35
83936,15/6/2018,0,91.75,3.8,8.66667,11,1.2,156,6.11,7.78,10.0,0.966667,Autumn,6.12
83936,16/6/2018,0,83.75,8.6,0,12.2,-0.6,166,10.0,12.22,12.22,1,Autumn,10.1
83936,17/6/2018,0,88.75,8.6,0,12.8,-1,176,7.22,11.11,12.22,1,Autumn,10.22
83936,18/6/2018,0,96.25,3.2,4.33333,13.4,0,186,5.0,8.89,12.78,0.833333,Autumn,5.63
83936,19/6/2018,0,96,3.3,9.33333,18.2,6.8,196,7.78,11.11,17.78,1.633333,Autumn,4.64
83936,20/6/2018,0,88,8.4,3.33333,24.2,5.8,206,12.78,18.89,23.89,0.866667,Autumn,9.19
83936,21/6/2018,0,78.25,5.1,9.33333,27.2,12,216,23.89,26.11,27.22,1.333333,Autumn,7.4
83936,22/6/2018,0,84.75,8.3,5,18.6,5.6,226,11.11,13.89,17.22,1.5,Winter,9.95
83936,23/6/2018,0,80,1.6,6,25.4,9.4,236,25.0,25.0,22.22,5.466667,Winter,3.29
83936,24/6/2018,27.7,92.5,0,10,17.4,10,246,11.11,10.0,11.11,2.066667,Winter,1
83936,25/6/2018,3.6,97.75,0,10,11.4,9.6,256,11.11,11.11,11.11,1.033333,Winter,1.29
83936,26/6/2018,3.5,90.25,6.6,5.66667,16.2,9.6,266,12.22,13.89,16.11,0.966667,Winter,0.16
83936,27/6/2018,0,98.25,0.1,6.66667,14.2,5.4,276,7.78,12.78,13.89,1.4,Winter,0.16
83936,28/6/2018,1.5,97.25,0,10,17,11.6,286,12.78,13.89,13.89,1.033333,Winter,0.16
83936,29/6/2018,37.2,98.5,0,10,16.4,15.2,296,16.11,17.22,17.22,0.833333,Winter,0.16
83936,30/6/2018,32.3,97,1.4,8.33333,18.2,12.8,306,15.0,16.11,17.78,1.466667,Winter,0.16
83936,1/7/2018,0.1,94.25,4.6,9.33333,21.8,14.4,17,15.0,17.78,21.11,1.2,Winter,5.56
83936,2/7/2018,0,80,3.6,6.66667,25.6,15.2,27,22.22,22.22,23.89,2.266667,Winter,4.43
83936,3/7/2018,16.2,75.75,5,10,16.8,9.6,37,10.0,12.22,12.22,2.966667,Winter,7.46
83936,4/7/2018,0,88,0,10,10.6,7.4,47,8.89,10.0,10.0,3.466667,Winter,2.44
83936,5/7/2018,1.5,97.75,0,10,12.8,9.8,57,12.22,12.78,12.78,1.766667,Winter,1.67
83936,6/7/2018,0.5,95.25,0,10,15,11.6,67,12.78,15.0,15.0,2.966667,Winter,1.43
83936,7/7/2018,0.2,97.5,1.4,9.33333,20.4,14,77,16.11,20.0,21.11,2.033333,Winter,1.97
83936,8/7/2018,0.3,91.75,0,10,15.2,10.2,87,12.22,12.78,12.78,1.5,Winter,2.86
83936,9/7/2018,2.9,89,0,9.33333,13,9.8,97,11.11,12.22,12.22,1.533333,Winter,2.2
83936,10/7/2018,0.5,93,1.3,9.33333,13.6,7.4,107,10.0,11.11,12.22,0.866667,Winter,3.37
83936,11/7/2018,0,90.75,6.5,8.33333,15.4,3.6,117,7.78,13.89,15.0,1.3,Winter,7.63
83936,12/7/2018,0.1,96.5,3.5,3.66667,15.2,4.4,127,7.22,10.0,15.0,0.5,Winter,6.15
83936,13/7/2018,0,89.25,8.7,0.666667,19.4,3.6,137,11.11,17.22,18.89,0.533333,Winter,9.36
83936,14/7/2018,0,72.5,9.1,0,27.2,7.4,147,18.89,22.78,27.22,1.8,Winter,9.19
83936,15/7/2018,0,77.75,6.6,2.33333,29,15.2,157,26.11,27.22,28.89,1.366667,Winter,7.65
83936,16/7/2018,5,93,0,6.66667,20.4,14,167,15.0,16.11,16.11,3.8,Winter,2.71
83936,17/7/2018,29.5,95,0,10,21.4,14.2,177,17.22,17.22,18.89,2.066667,Winter,1.7
83936,18/7/2018,28.5,81.5,8.6,4.66667,29.6,16,187,25.0,28.89,30.0,2.033333,Winter,8.74
83936,19/7/2018,0,49.5,7.6,3,29.4,18.8,197,26.11,28.89,28.89,4.133333,Winter,9.33
83936,20/7/2018,0,95.25,0,8,27,9.2,207,13.89,12.22,12.22,2.033333,Winter,0.16
83936,21/7/2018,16.2,79.5,9.4,3.33333,14.8,6.4,217,10.0,12.22,13.89,1.466667,Winter,11.21
83936,22/7/2018,0,91.75,0,6.33333,13.6,3.8,227,7.78,10.0,12.78,1.366667,Winter,5.04
83936,23/7/2018,0.5,87.25,0,10,12.6,10.6,237,12.78,12.78,12.78,2.633333,Winter,1.48
83936,24/7/2018,0,88,0,10,12.6,9,247,10.0,11.11,12.22,2.566667,Winter,1.71
83936,25/7/2018,17.8,98.75,0,10,15,12.2,257,13.89,15.0,15.0,2.7,Winter,0.71
83936,26/7/2018,20.8,90.25,0.2,10,15.4,11.4,267,12.78,13.89,15.0,0.866667,Winter,2.8
83936,27/7/2018,0.5,90.5,0.9,7.66667,14.4,6.6,277,11.11,12.22,13.89,1.2,Winter,3.89
83936,28/7/2018,5.9,99,0,10,13.6,10.6,287,12.78,11.11,12.22,0.833333,Winter,1.3
83936,29/7/2018,0,83.5,6.6,5.66667,16.2,9.2,297,12.78,15.0,16.11,2.1,Winter,8.69
83936,30/7/2018,0,90.5,5.1,7.66667,17,8,307,12.78,15.0,17.22,0.8,Winter,7.83
83936,31/7/2018,0,87.75,8.3,2.33333,16,4,317,11.11,13.89,15.0,1.2,Winter,10.57
83936,1/8/2018,0,86.75,6.7,6,13.8,4.8,18,11.11,12.78,13.89,2.266667,Winter,9.08
83936,2/8/2018,0,89.25,5,6,17,6.4,28,8.89,12.78,17.22,1.666667,Winter,7.87
83936,3/8/2018,0,94,0.3,6.66667,17,11.6,38,12.78,16.11,17.22,1.066667,Winter,3.35
83936,4/8/2018,0,89,3.1,5.66667,16.4,10,48,15.0,13.89,16.11,1.6,Winter,4.09
83936,5/8/2018,0,91,3.7,3.33333,15.2,6.6,58,10.0,12.22,12.78,1.6,Winter,4.02
83936,6/8/2018,0,88.25,8.3,3.33333,19,3.4,68,13.89,17.78,18.89,1.1,Winter,12
83936,7/8/2018,0.8,80.25,9.3,0,24.4,6.4,78,12.78,18.89,23.89,2.566667,Winter,11.9
83936,8/8/2018,4.9,87.25,0.8,6.66667,19.2,11.6,88,17.78,17.22,16.11,1.733333,Winter,2.37
83936,9/8/2018,2.5,92.75,0,6.66667,13,8.2,98,8.89,8.89,10.0,3.3,Winter,1.92
83936,10/8/2018,0,82.5,5.1,7.33333,13.4,6.4,108,7.78,10.0,12.22,2.033333,Winter,8.3
83936,11/8/2018,0,93.25,0.1,10,15,9,118,15.0,15.0,11.11,1,Winter,5.32
83936,12/8/2018,0,88.5,8.8,2.66667,19.8,5.4,128,13.89,17.78,20.0,1.766667,Winter,12.52
83936,13/8/2018,0,87,7,3.33333,24,11.2,138,12.22,12.78,22.22,1.466667,Winter,11.3
83936,14/8/2018,0,84.75,3.8,6.66667,23.8,9.2,148,17.22,22.78,22.78,1.366667,Winter,9.03
83936,15/8/2018,0,81.75,8,7,18,11.4,158,13.89,16.11,17.22,2.1,Winter,10.42
83936,16/8/2018,0,86,7.9,6.66667,18.6,8.6,168,12.78,16.11,18.89,2.9,Winter,11.09
83936,17/8/2018,0,87.75,6.7,3.33333,23,10.2,178,10.0,12.22,17.22,0.8,Winter,11.55
83936,18/8/2018,0,71.25,9.9,0.333333,27.2,10.4,188,20.0,25.0,27.78,2,Winter,12.39
83936,19/8/2018,17.2,92.25,2.6,5.66667,23.2,10.2,198,22.78,21.11,17.78,2.4,Winter,4.46
83936,20/8/2018,2.6,87,0.8,10,12.2,7,208,7.22,8.89,8.89,0.6,Winter,5.2
83936,21/8/2018,7.9,87.5,1.7,6.66667,11,5.4,218,8.89,10.0,11.11,1.266667,Winter,5.82
83936,22/8/2018,0.6,91,0,10,11.6,9.6,228,11.11,12.22,11.11,3.533333,Winter,4.11
83936,23/8/2018,7.5,84.75,5.3,7.66667,18.4,9.8,238,12.78,16.11,17.78,2.2,Winter,10.9
83936,24/8/2018,34.1,91.5,0,9.66667,23.2,13,248,15.0,16.11,17.78,3,Winter,1.07
83936,25/8/2018,0,72.75,10,4.66667,15.4,7.8,258,13.89,15.0,8.89,1.766667,Winter,14.57
83936,26/8/2018,0,80.25,10,0,17,1,268,11.11,12.78,15.0,0.6,Winter,14.89
83936,27/8/2018,0,77.75,10.1,0,19.6,2,278,8.89,9.2,10.0,1.966667,Winter,14.8
83936,28/8/2018,0,68.75,10.2,0,24.4,5.8,288,22.22,23.89,25.0,1.733333,Winter,14.22
83936,29/8/2018,0,89.25,0.6,6.33333,21.2,13,298,17.78,17.22,21.11,1.2,Winter,4.32
83936,30/8/2018,2.9,92,1,8,26.8,17,308,18.89,17.78,17.78,2.066667,Winter,3.15
83936,31/8/2018,47.1,97,0,9.66667,20,15,318,18.89,20.0,20.0,1.466667,Winter,1.49
83936,1/9/2018,33.6,98.5,0,10,16.2,14.6,19,15.0,16.11,16.11,2.433333,Winter,0.94
83936,2/9/2018,21.8,96.5,0,10,18.2,15,29,17.22,17.22,17.22,0.433333,Winter,2.21
83936,3/9/2018,7.9,90.5,0.7,10,19.6,14.8,39,16.11,18.89,18.89,3.266667,Winter,4.53
83936,4/9/2018,3.4,89.5,4.4,7.66667,19.6,9.4,49,12.78,15.0,17.22,0.866667,Winter,9.27
83936,5/9/2018,0,83.5,9.9,0,20.8,8.2,59,15.0,20.0,21.11,1.8,Winter,15.68
83936,6/9/2018,0,75.75,10.5,0,27.2,9.6,69,20.0,23.89,27.22,0.433333,Winter,15.22
83936,7/9/2018,0,77,10.2,0,26.2,9.6,79,12.22,22.78,25.0,1.4,Winter,15.11
83936,8/9/2018,0,72,10.1,0,24.2,10.6,89,17.78,22.78,25.0,2.866667,Winter,15.59
83936,9/9/2018,0,78.25,8.3,4.66667,20.2,13.1,99,17.78,20.0,20.0,4.133333,Winter,15.56
83936,10/9/2018,0,77.25,7.9,6.33333,22.8,15.8,109,16.11,17.78,22.22,4.7,Winter,9.88
83936,11/9/2018,0,78.25,2.3,9.33333,20.2,13.2,119,17.22,20.0,20.0,3.766667,Winter,7.07
83936,12/9/2018,0,80.5,9.8,5.66667,24,12.8,129,17.78,21.11,22.78,3.1,Winter,14.52
83936,13/9/2018,4.5,88.5,0,6.66667,24,14,139,17.22,21.11,23.89,1.7,Winter,5.75
83936,14/9/2018,7.4,92.75,0,9.66667,20.4,17.8,149,17.78,17.78,20.0,2,Winter,2.95
83936,15/9/2018,3.9,90.5,2.3,9,22.2,16.2,159,17.22,21.11,22.78,2.8,Winter,8.33
83936,16/9/2018,2,87,3.3,9.33333,23,16.2,169,20.0,22.78,22.78,2.3,Winter,10.98
83936,17/9/2018,6.3,95,0,10,20,16.6,179,17.78,18.89,20.0,1.5,Winter,3.35
83936,18/9/2018,0.1,86.25,4.8,9.33333,24,16.8,189,18.89,21.11,23.89,1.133333,Winter,8.11
83936,19/9/2018,0,71.25,9,3.33333,30.2,14.2,199,23.89,27.78,28.89,2.333333,Winter,14.76
83936,20/9/2018,0,83.75,6.2,8,22.4,16.4,209,20.0,22.78,22.22,3.433333,Winter,11.15
83936,21/9/2018,1.7,84,10.1,1.33333,28.2,14.4,219,21.11,25.0,27.78,1.233333,Winter,13.61
83936,22/9/2018,0,65.75,10.2,0,33.2,16.8,229,28.89,32.78,33.89,1.466667,Spring,15.57
83936,23/9/2018,9,89.5,1,6.66667,30.2,18.4,239,21.11,22.78,18.89,3.333333,Spring,3.04
83936,24/9/2018,75,93.5,0.3,8.33333,21,17.6,249,18.89,20.0,21.11,3.133333,Spring,1.96
83936,25/9/2018,8.8,96,0,10,19,16.8,259,17.22,17.78,17.78,2.8,Spring,1.58
83936,26/9/2018,7.9,93.25,0,9.66667,23.6,17.8,269,18.89,21.11,22.22,0.9,Spring,6.36
83936,27/9/2018,0,90.75,1,9,24,19.2,279,21.11,22.78,23.89,2.066667,Spring,6.9
83936,28/9/2018,0,86,5.8,6.33333,26.2,19.6,289,21.11,23.89,26.11,2.566667,Spring,11.11
83936,29/9/2018,0,64.75,9.6,4.33333,33.4,19.6,299,27.78,32.22,32.78,2.933333,Spring,14.29
83936,30/9/2018,46.8,81.25,0.8,8.66667,28.4,17.6,309,25.0,22.78,22.78,2.466667,Spring,5.36
83936,1/10/2018,0,87.75,0.9,10,22.6,17.6,110,17.22,21.11,22.22,3.066667,Spring,4.04
83936,2/10/2018,39.1,91.25,0,10,17.6,12.6,210,12.78,16.11,16.11,3.7,Spring,3.63
83936,3/10/2018,5.3,84.5,5.2,8.66667,20.8,13,310,16.11,17.78,20.0,2.5,Spring,10.68
83936,4/10/2018,0,81.25,8.2,5,22.8,10.8,410,17.22,20.0,22.78,1.433333,Spring,16.01
83936,5/10/2018,0,70.75,10.3,4.66667,20.6,10.6,510,17.22,21.11,21.11,1.5,Spring,18.13
83936,6/10/2018,0,72,9.3,4,21.6,10.4,610,16.11,20.0,22.22,3.866667,Spring,15.86
83936,7/10/2018,0,77,8.8,5,28,13.4,710,21.11,26.11,27.78,1.366667,Spring,14.51
83936,8/10/2018,0,81,9.6,5.33333,30.8,18,810,25.0,27.78,28.89,1.133333,Spring,14.15
83936,9/10/2018,0,81.5,2.4,5.33333,28.2,21,910,28.89,21.11,22.78,1.066667,Spring,6.35
83936,10/10/2018,12.9,77.75,0.6,9.66667,22.4,18.2,1010,21.11,22.22,22.22,3.4,Spring,5.36
83936,11/10/2018,0,68.5,5.2,5.33333,22,13.4,1110,17.78,20.0,22.22,5.066667,Spring,11.89
83936,12/10/2018,0,93,1.4,10,25.4,16,1210,20.0,26.11,22.78,1.3,Spring,5.37
83936,13/10/2018,27.6,79.75,1,9.66667,21,16,1310,17.22,17.78,20.0,3.033333,Spring,5.99
83936,14/10/2018,0,79.75,10.6,5.33333,22.8,11.4,1410,21.11,22.22,22.78,2.2,Spring,17.58
83936,15/10/2018,0,81.75,9.5,3.66667,25,12,1510,18.89,22.22,25.0,2.033333,Spring,17.88
83936,16/10/2018,0,75.75,10.8,0.666667,28.2,15.8,1610,22.78,26.11,27.22,1.9,Spring,17.37
83936,17/10/2018,0,70.75,6.6,3.33333,29.4,20,1710,27.78,27.22,27.78,3.533333,Spring,9.84
83936,18/10/2018,0,83.25,1.6,9.33333,28.8,20.2,1810,22.78,27.22,28.89,1.533333,Spring,8.21
83936,19/10/2018,0,69,6.4,7,25,19,1910,22.22,25.0,25.0,3.933333,Spring,11.97
83936,20/10/2018,0,63.75,11.6,2.33333,23.2,12.2,2010,18.89,22.22,22.78,4.3,Spring,19.13
83936,21/10/2018,0,66.25,11.7,1.66667,26,12.4,2110,20.0,22.78,25.0,3.033333,Spring,18.69
83936,22/10/2018,0,65,9.2,3.33333,30.6,14.6,2210,23.89,27.22,28.89,2.1,Spring,16.22
83936,23/10/2018,0,69,1.9,9.33333,25,18.8,2310,18.89,20.0,22.22,4.166667,Spring,13.04
83936,24/10/2018,0,67.75,9.8,7,25.8,14.8,2410,22.78,25.0,26.11,4.566667,Spring,17.96
83936,25/10/2018,0,74.25,9.8,8,28.4,16.4,2510,23.89,27.22,27.78,1.9,Spring,16.65
83936,26/10/2018,0,81.5,2,7.33333,25.8,17.8,2610,20.0,23.89,26.11,4.366667,Spring,8.7
83936,27/10/2018,0.8,81.5,8.5,8.66667,25,15.4,2710,17.78,21.11,23.89,1.933333,Spring,11.24
83936,28/10/2018,1.8,65.75,11.1,6,24.8,13.6,2810,22.22,25.0,23.89,2.733333,Spring,18.26
83936,29/10/2018,0,68.5,11.3,7,27.4,14.4,2910,22.78,27.22,27.22,2.166667,Spring,17.81
83936,30/10/2018,0,66,9.8,2.66667,34.8,16,3010,22.78,32.22,35.0,2.533333,Spring,15.64
83936,31/10/2018,14,78.5,0,10,27.4,20,3110,22.78,23.89,23.89,2.2,Spring,4.5
83936,1/11/2018,1.2,78.5,7.4,8.66667,24,17.8,111,22.22,22.78,23.89,1.4,Spring,13.01
83936,2/11/2018,0,72.75,9.9,2.33333,27.6,14.8,211,21.11,23.89,27.22,2.9,Spring,18.43
83936,3/11/2018,16.4,93.75,0,8.66667,23.4,17.8,311,20.0,22.22,22.78,0.866667,Spring,4.45
83936,4/11/2018,0,75,10.6,3.33333,25,15.4,411,17.22,20.0,22.78,2.7,Spring,17.85
83936,5/11/2018,0,74.5,11.6,0.333333,29.2,15.2,511,21.11,25.0,28.89,2.866667,Spring,18.81
83936,6/11/2018,0,68.25,7.2,6,29.2,18,611,25.0,27.78,30.0,2.6,Spring,16.69
83936,7/11/2018,0,70.5,4.9,9,27,19.2,711,21.11,22.22,23.89,3.7,Spring,9.93
83936,8/11/2018,0,62.5,12,0,29.2,17.2,811,22.78,26.11,27.78,3.466667,Spring,19.21
83936,9/11/2018,0,58,12.1,1,32,20,911,26.11,28.89,32.22,1.966667,Spring,16.13
83936,10/11/2018,0,56.5,11.5,3.66667,34.8,22.4,1011,27.78,31.11,32.78,1.9,Spring,18.57
83936,11/11/2018,0,62.25,6.7,5.66667,33.6,23,1111,30.0,32.22,32.78,1.033333,Spring,13.22
83936,12/11/2018,0,59.5,0.3,8,35,22,1211,28.89,32.22,35.0,1.6,Spring,12.55
83936,13/11/2018,0,82.5,0,10,30.6,22.2,1311,27.22,28.89,31.11,1.866667,Spring,2.42
83936,14/11/2018,23.8,73.5,8.2,8,27.4,21.4,1411,23.89,27.22,27.78,2.133333,Spring,14.55
83936,15/11/2018,0,65,11.9,0,29.8,14.4,1511,23.89,26.11,27.78,0.966667,Spring,19.64
83936,16/11/2018,0,59,12,0,30.2,14,1611,23.89,27.22,28.89,3.4,Spring,19.71
83936,17/11/2018,44.6,91.75,0.3,6.66667,24.2,18.8,1711,22.78,18.89,20.0,2.4,Spring,1.09
83936,18/11/2018,0,74.75,4.1,8,24.4,17.8,1811,20.0,20.0,22.22,2.133333,Spring,8.54
83936,19/11/2018,0,62.5,12.2,2,24.2,11.8,1911,18.89,21.11,22.22,2.1,Spring,20.79
83936,20/11/2018,0,65.5,12,0,29.4,10.8,2011,22.22,27.78,28.89,2.133333,Spring,20.04
83936,21/11/2018,0,63,12,0,33,15,2111,26.11,30.0,32.22,2.033333,Spring,18.81
83936,22/11/2018,0,56.5,11.8,2.33333,34.6,18.6,2211,28.89,32.78,33.89,2.1,Spring,18.08
83936,23/11/2018,115.4,91.75,0,7.66667,27.6,18.8,2311,23.89,27.22,27.78,2.8,Spring,4.05
83936,24/11/2018,0,77.5,8.6,9,28.6,17.6,2411,21.11,26.11,27.78,1.7,Spring,13.72
83936,25/11/2018,0,71,12,2.33333,26.2,16.2,2511,21.11,22.78,25.0,1.666667,Spring,19.54
83936,26/11/2018,0,54.25,10,3.33333,26.2,16,2611,22.78,25.0,27.22,3.966667,Spring,19.44
83936,27/11/2018,0,82.75,5.4,7.66667,26,17.2,2711,21.11,23.89,25.0,3.133333,Spring,12.62
83936,28/11/2018,1.3,88,3.8,9.33333,28.4,19,2811,22.78,23.89,26.11,1.566667,Spring,10.65
83936,29/11/2018,1.6,79.25,9.5,7.66667,32.4,19.8,2911,25.0,27.22,28.89,0.8,Spring,12.95
83936,30/11/2018,40.8,76.5,10.3,5.33333,31.4,20,3011,25.0,27.22,28.89,1.366667,Spring,14.16
83936,1/12/2018,0,70.75,10.4,6,27.8,20.8,112,26.11,27.22,27.22,3.8,Spring,15.42
83936,2/12/2018,0,64,12,5.66667,22.4,12.6,212,17.78,21.11,20.0,3.7,Spring,18.49
83936,3/12/2018,0,61.75,12.1,0,25.6,10.2,312,17.78,21.11,22.78,0.7,Spring,20.51
83936,4/12/2018,0,51.5,12.5,0.666667,29,11.8,412,23.89,26.11,27.78,2.533333,Spring,20.4
83936,5/12/2018,0,64,11.7,2.33333,28.2,15.4,512,21.11,23.89,26.11,2.7,Spring,18.76
83936,6/12/2018,0,61.75,10,7.33333,25.8,14.8,612,18.89,20.0,21.11,2.366667,Spring,17.64
83936,7/12/2018,0,57.25,12.4,4,25.4,13.2,712,17.78,20.0,21.11,2,Spring,20
83936,8/12/2018,0,53.25,12.4,0,25.8,11,812,17.22,21.11,22.78,1.933333,Spring,19.96
83936,9/12/2018,0,57.5,9.2,4.66667,31.8,14,912,25.0,27.78,31.11,1.6,Spring,14.75
83936,10/12/2018,0,57.75,12.6,2.33333,34.4,17,1012,27.78,32.22,32.78,1.533333,Spring,18.27
83936,11/12/2018,0,61,7.3,4.33333,38.4,20.4,1112,27.78,35.0,38.89,1.533333,Spring,16.32
83936,12/12/2018,2.5,81.75,0,9.33333,30,21.2,1212,28.89,28.89,28.89,0.833333,Spring,9.77
83936,13/12/2018,0,77.5,11.5,5,33.2,21.8,1312,26.11,32.22,32.22,3.533333,Spring,16.29
83936,14/12/2018,0,73.25,0.3,8.66667,32.8,22.8,1412,31.11,31.11,32.78,2.566667,Spring,7.73
83936,15/12/2018,2.3,86.5,1,6.66667,26,20,1512,25.0,25.0,25.0,1.066667,Spring,7.66
83936,16/12/2018,0,74.5,10.2,9,34.4,20.8,1612,25.0,30.0,32.22,1.333333,Spring,16.48
83936,17/12/2018,3.3,70,8.3,3,37.4,21.2,1712,32.78,36.11,37.78,2.2,Spring,14.31
83936,18/12/2018,18.4,95,0,9,23.2,20.4,1812,22.22,22.22,21.11,2.133333,Spring,3.26
83936,19/12/2018,36.1,85.75,0.9,10,26.6,20.2,1912,23.89,26.11,23.89,2.233333,Spring,8.21
83936,20/12/2018,107.4,92,0,10,25.6,21.2,2012,22.22,22.22,22.22,2.866667,Spring,0.57
83936,21/12/2018,3.7,86,2.7,9.33333,27.4,21,2112,21.11,22.78,26.11,1.433333,Spring,7.16
83936,22/12/2018,0,79.5,12,6,30.6,19.2,2212,25.0,27.22,28.89,1.2,Summer,17.64
83936,23/12/2018,0,71.5,10.7,3,30.8,19.4,2312,23.89,27.22,28.89,2.5,Summer,17.49
83936,24/12/2018,0,71,12,4.33333,28.4,19,2412,22.78,26.11,27.78,3.466667,Summer,19.15
83936,25/12/2018,0,81.75,8,4,29.8,19.6,2512,23.89,27.22,28.89,2.366667,Summer,14.29
83936,26/12/2018,2.5,74.25,11,3.33333,31.2,19.4,2612,22.78,27.22,30.0,1.533333,Summer,17.91
83936,27/12/2018,0,74,11.4,4.33333,32.8,19.8,2712,27.22,30.0,32.22,1.266667,Summer,18.42
83936,28/12/2018,0,72.5,8.2,1.33333,34.2,22.4,2812,30.0,31.11,32.78,1.966667,Summer,15.11
83936,29/12/2018,0,67.25,12.4,5,35,22.6,2912,27.78,31.11,32.78,1.566667,Summer,18.05
83936,30/12/2018,0,75.5,8.9,4.66667,35,22.6,3012,28.89,32.78,30.0,2.166667,Summer,15.24
83936,31/12/2018,0,73.75,5.7,8.66667,32,24,3112,27.22,28.89,31.11,2.1,Summer,15.6
83936,1/1/2019,0,71,8.3,6.66667,36.4,24.2,11,27.78,31.11,35.0,2.166667,Summer,15.19
83936,2/1/2019,0,72.25,8.5,8,38,25.6,21,28.89,35.0,37.78,2.1,Summer,15.92
83936,3/1/2019,19.6,90.25,0.1,7.66667,30.8,20,31,23.89,23.89,26.11,1.3,Summer,6.36
83936,4/1/2019,6,84.75,1.6,10,26.6,18.8,41,20.0,22.22,23.89,2.333333,Summer,8.63
83936,5/1/2019,0,82.75,3.5,7.66667,27.8,19.8,51,22.22,23.89,25.0,2.8,Summer,11.76
83936,6/1/2019,0.2,72,7.3,4.66667,32.8,20.6,61,30.0,32.22,32.78,1.433333,Summer,13.97
83936,7/1/2019,10.7,71.75,1,10,30.6,23.4,71,30.0,31.11,26.11,4.5,Summer,2.09
83936,8/1/2019,42.6,88.25,3.2,7,28.4,20,81,25.0,27.78,26.11,1.666667,Summer,8.06
83936,9/1/2019,29.2,96.75,0,8,27.8,20.4,91,21.11,21.11,22.78,1.566667,Summer,2.61
83936,10/1/2019,0,82,3.4,9.66667,29,21.4,101,26.11,27.22,27.78,1.266667,Summer,11.46
83936,11/1/2019,0,85.25,0,10,25,22.2,111,22.78,23.89,23.89,2.733333,Summer,5.53
83936,12/1/2019,11.5,94.25,0.4,10,25,21,121,22.78,23.89,25.0,2.1,Summer,7.21
83936,13/1/2019,11.2,90,6.5,5.66667,31.2,22,131,26.11,28.89,31.11,3.166667,Summer,15.12
83936,14/1/2019,14.8,87.25,5.4,9.33333,33.4,22.2,141,26.11,28.89,32.22,1.1,Summer,13.77
83936,15/1/2019,20.6,81.5,5.2,9.66667,33.8,24,151,27.78,32.22,33.89,3.166667,Summer,14.23
83936,16/1/2019,1.4,85.5,2.4,10,29,23.8,161,27.22,27.22,27.78,2.266667,Summer,6.91
83936,17/1/2019,65.4,97,0.1,9.33333,27,20.4,171,25.0,23.89,23.89,2.433333,Summer,1.61
83936,18/1/2019,30.1,95.5,0,10,26.4,20.4,181,22.22,21.11,22.78,1.5,Summer,3.94
83936,19/1/2019,0,93.25,0.3,10,24,18.2,191,18.89,22.22,21.11,2.966667,Summer,12.13
83936,20/1/2019,2,81.75,6,8.33333,27,19,201,21.11,22.78,25.0,2.266667,Summer,11.1
83936,21/1/2019,0,81.75,7.6,6,28.8,20.4,211,22.78,25.0,27.22,1.6,Summer,12.45
83936,22/1/2019,0,80.5,11.6,2.66667,32.2,19.4,221,23.89,27.78,31.11,1.166667,Summer,17.53
83936,23/1/2019,0,84.5,1.4,6.66667,31.4,22.4,231,27.22,27.78,31.11,2.1,Summer,11.17
83936,24/1/2019,0.8,77.5,9.1,8,31.2,23.2,241,25.0,28.89,31.11,2.666667,Summer,15.7
83936,25/1/2019,0,75.25,12.1,3.33333,31.6,22.6,251,26.11,27.78,30.0,3.133333,Summer,18.47
83936,26/1/2019,0,75.75,9.7,6.66667,34,22,261,27.78,31.11,32.78,1.7,Summer,15.39
83936,27/1/2019,0,73,9.5,3.33333,35.6,23,271,28.89,32.22,35.0,2.3,Summer,16.75
83936,28/1/2019,0,63.25,11.8,2,34.4,24.8,281,31.11,32.78,35.0,2.266667,Summer,18.56
83936,29/1/2019,0,63.75,12.2,3.33333,35.8,24.8,291,32.22,33.89,35.0,2.7,Summer,17.71
83936,30/1/2019,0,64.75,8.8,4.66667,36,24.8,301,32.22,32.78,35.0,2.033333,Summer,16.01
83936,31/1/2019,0,84.5,6.9,3.66667,35,23.8,311,31.11,32.78,33.89,1.5,Summer,12.44
83936,1/2/2019,3.8,78.25,7.3,9,32.2,22.1,12,32.22,30.0,32.22,1.433333,Summer,12.93
83936,2/2/2019,0,75.75,1.9,9,30.4,23.2,22,26.11,27.78,30.0,2.033333,Summer,11.09
83936,3/2/2019,0,75.25,4.8,8.66667,26.4,19.6,32,22.22,22.78,23.89,3.633333,Summer,12.9
83936,4/2/2019,0,70.5,11.5,6,27,17.8,42,21.11,23.89,26.11,2.9,Summer,14.15
83936,5/2/2019,0,71,10.4,3.33333,27.8,17.2,52,22.78,26.11,27.22,2.533333,Summer,18.05
83936,6/2/2019,0,72,12,3.33333,30.4,17.2,62,21.11,26.11,28.89,1.966667,Summer,15.92
83936,7/2/2019,0,72.75,10,3,32,19.2,72,22.22,27.22,30.0,1.766667,Summer,16.49
83936,8/2/2019,0,72.75,9.1,6.33333,33,20,82,25.0,31.11,32.22,1.033333,Summer,14.17
83936,9/2/2019,0,70.25,8.4,6.66667,37,20.8,92,27.78,32.78,36.11,1.7,Summer,15.26
83936,10/2/2019,3.1,80.5,3.1,8.33333,31.2,22,102,22.78,27.78,31.11,2.733333,Summer,9.42
83936,11/2/2019,0.3,83,4,4.33333,33.4,21.4,112,30.0,32.22,32.78,1.133333,Summer,9.93
83936,12/2/2019,22.8,73.25,3.5,9.66667,24.8,18.8,122,22.22,21.11,22.78,2.466667,Summer,6.1
83936,13/2/2019,0,75,11.1,3,25.6,13.8,132,18.89,22.22,23.89,1.766667,Summer,17.69
83936,14/2/2019,0,82.5,9.4,4,29.6,16.4,142,21.11,27.22,28.89,2.333333,Summer,15.66
83936,15/2/2019,17.4,95,0,10,24.6,18.6,152,18.89,20.0,22.22,1.7,Summer,4.15
83936,16/2/2019,20.1,81.5,8.7,8,29,19.6,162,22.78,26.11,27.78,2.766667,Summer,15.4
83936,17/2/2019,1,78,11,2.33333,28.6,19.2,172,25.0,27.22,27.78,2.233333,Summer,17.65
83936,18/2/2019,0,80.25,11.3,3,30.8,19.6,182,26.11,27.78,30.0,1.966667,Summer,16.01
83936,19/2/2019,0,78.25,11.5,3.33333,32.6,20,192,27.22,28.89,31.11,0.866667,Summer,17.36
83936,20/2/2019,0,75.25,11.3,1.33333,33,21.4,202,28.89,31.11,32.22,0.866667,Summer,17.52
83936,21/2/2019,0,71,11.2,0,34.2,19.8,212,27.22,31.11,33.89,1.433333,Summer,17.86
83936,22/2/2019,0,73.5,11.1,0.666667,34,19.4,222,28.89,32.22,32.78,1.266667,Summer,17.39
83936,23/2/2019,0,69.25,10.5,3.66667,36.4,22.2,232,32.22,35.0,36.11,1.166667,Summer,16.01
83936,24/2/2019,13.5,77.25,3.4,5.66667,31.4,22.4,242,26.11,25.0,23.89,2.666667,Summer,5.77
83936,25/2/2019,1.4,94.5,0,9.33333,23.2,19,252,20.0,20.0,21.11,0.866667,Summer,2.48
83936,26/2/2019,0,77.75,8.1,8,26.6,18.4,262,21.11,22.78,26.11,1.7,Summer,14.22
83936,27/2/2019,0,76,10.5,2.33333,26,14.4,272,20.0,22.78,25.0,1.4,Summer,18.19
83936,28/2/2019,0,74.5,11,0.333333,27.6,12.6,282,22.22,25.0,26.11,1.633333,Summer,19.02
83936,1/3/2019,0,74.5,11.2,0,29.2,13.4,13,23.89,27.78,28.89,1.6,Summer,18.5
83936,2/3/2019,0,67.25,11.1,0,32,14.4,23,27.22,28.89,31.11,0.866667,Summer,18.41
83936,3/3/2019,0,76.5,10.8,1,31.2,17.8,33,23.89,27.78,30.0,1.633333,Summer,17.34
83936,4/3/2019,0,69,10.8,2,36.2,18.6,43,28.89,32.78,33.89,1.533333,Summer,17.58
83936,5/3/2019,0.7,70.75,6.6,6.66667,33,23.2,53,30.0,32.22,30.0,1.933333,Summer,12.84
83936,6/3/2019,0,82.75,2.4,9.66667,31.4,22.4,63,25.0,27.78,28.89,2.966667,Summer,9.24
83936,7/3/2019,0,71,6.5,6,33.6,21.8,73,28.89,32.22,32.78,2.433333,Summer,14.21
83936,8/3/2019,3.6,93,0.7,9.33333,26.4,21.4,83,26.11,25.0,22.78,2.7,Summer,3.03
83936,9/3/2019,32.7,85.75,0,10,22,17.8,93,20.0,20.0,22.22,2.8,Summer,3.7
83936,10/3/2019,0,68,9.2,7.33333,25.2,15,103,20.0,23.89,25.0,3.333333,Summer,13.42
83936,11/3/2019,0.5,77.25,9.8,4.66667,27,15.4,113,22.22,25.0,26.11,2.7,Summer,16.54
83936,12/3/2019,22.8,95.5,0.2,9.33333,25,19.4,123,21.11,23.89,22.78,0.766667,Summer,3.3
83936,13/3/2019,0,79.25,7.9,8.66667,28.2,20,133,22.78,25.0,26.11,0.6,Summer,13.01
83936,14/3/2019,0,81.75,10.7,1.33333,27.4,16,143,22.78,25.0,26.11,0.866667,Summer,15.54
83936,15/3/2019,0,81,10.8,1,28.2,14.8,153,22.78,26.11,27.22,0.633333,Summer,17.35
83936,16/3/2019,0,81.5,5.6,5.66667,29.6,19.2,163,22.78,27.78,30.0,2.866667,Summer,12.22
83936,17/3/2019,59.6,96.75,0,10,24.8,21,173,22.22,22.22,22.78,1.933333,Summer,4.47
83936,18/3/2019,9.8,87.75,5.9,9,29.2,21.2,183,22.22,25.0,27.22,1.3,Summer,9.66
83936,19/3/2019,3.9,79,6.5,6,30,19.6,193,25.0,27.78,27.78,1.366667,Summer,12.52
83936,20/3/2019,2.7,79.25,4.6,10,24.2,16.8,203,18.89,22.78,22.22,1.233333,Autumn,9.38
83936,21/3/2019,0,76.25,10.5,2.66667,22.6,12,213,17.78,21.11,22.22,2.033333,Autumn,17.62
83936,22/3/2019,0,78.25,10.3,2.33333,26,11,223,18.89,22.78,23.89,1.2,Autumn,15.9
83936,23/3/2019,0,79.25,7.8,3.66667,27.2,13.2,233,17.22,22.78,25.0,0.7,Autumn,16.79
83936,24/3/2019,0,74.25,10.5,2,29.6,14.2,243,22.22,26.11,27.78,1.333333,Autumn,16
83936,25/3/2019,0,67.5,10.5,1,24.8,12.6,253,18.89,21.11,22.78,1.533333,Autumn,17.09
83936,26/3/2019,0,78,9.5,2.66667,24.2,11,263,18.89,22.22,22.78,1.366667,Autumn,14.82
83936,27/3/2019,0,78.25,5,5.66667,25,16,273,18.89,22.22,25.0,2.866667,Autumn,8.95
83936,28/3/2019,0,76.25,8.4,3.66667,26.8,17.6,283,22.22,23.89,27.22,4,Autumn,14.37
83936,29/3/2019,0,77.5,9,5.33333,29.4,17.8,293,22.78,26.11,27.78,1.966667,Autumn,12.45
83936,30/3/2019,0,71.75,6.7,3.33333,32.6,18,303,27.78,31.11,32.22,2.166667,Autumn,12.27
83936,31/3/2019,0,86,3.2,10,30,20.8,313,23.89,26.11,27.78,1.366667,Autumn,8.07
83936,1/4/2019,0,78.75,10.2,3.66667,30.8,20,14,21.11,23.89,27.22,1.8,Autumn,13.87
83936,2/4/2019,0,78.5,7.6,4.66667,33.8,20.6,24,25.0,30.0,32.78,1.233333,Autumn,11.45
83936,3/4/2019,0,82.25,6.2,6.66667,32.6,22.8,34,26.11,27.78,30.0,0.6,Autumn,9.99
83936,4/4/2019,108.6,95,1,8.66667,29.2,22.4,44,27.78,27.78,26.11,1.033333,Autumn,3.85
83936,5/4/2019,0,82.5,0.7,9.66667,23.6,17.2,54,17.78,18.89,22.22,2.433333,Autumn,5.02
83936,6/4/2019,0,81.5,2.1,8.66667,24,17,64,18.89,21.11,22.78,2.3,Autumn,9.07
83936,7/4/2019,1.6,86.75,0.8,9,23.8,18.8,74,21.11,22.78,23.89,1.633333,Autumn,6.99
83936,8/4/2019,0,80,10.1,5.66667,25.6,15.2,84,21.11,23.89,25.0,2.233333,Autumn,13.6
83936,9/4/2019,0,82.5,8.3,3.33333,25.4,13.8,94,17.78,22.78,25.0,2.166667,Autumn,13.58
83936,10/4/2019,0,77,10.2,0.666667,30,15,104,22.78,27.22,27.78,1.633333,Autumn,14.12
83936,11/4/2019,0,81.25,4.9,6.66667,28.8,17.2,114,25.0,28.89,27.78,1.5,Autumn,9.11
83936,12/4/2019,0.5,88.5,5.5,4.66667,26.8,14.8,124,18.89,22.22,25.0,0.333333,Autumn,8.45
83936,13/4/2019,0,88.5,6.6,6,28.8,17.2,134,21.11,23.89,27.22,1.166667,Autumn,8.95
83936,14/4/2019,0,88,5.2,6,31,19.4,144,21.11,27.78,28.89,0.4,Autumn,9.77
83936,15/4/2019,0,79.25,5.8,4.66667,27.8,17,154,23.89,27.22,27.78,3.066667,Autumn,10.77
83936,16/4/2019,27,87.25,0,10,21,18,164,18.89,20.0,20.0,3.2,Autumn,2.8
83936,17/4/2019,0.5,84.5,7.7,8,24.4,15,174,20.0,21.11,22.78,0.966667,Autumn,10.4
83936,18/4/2019,0,86.5,7.2,6.33333,25.2,12.8,184,17.22,22.78,26.11,1.066667,Autumn,12.79
83936,19/4/2019,0,84,9.7,6.66667,29.2,13.6,194,22.22,27.22,27.22,0.866667,Autumn,12.53
83936,20/4/2019,0,85.75,1.2,6.66667,26.8,17.2,204,21.11,22.78,25.0,0,Autumn,5.07
83936,21/4/2019,0,90.5,0,10,23,19.2,214,20.0,21.11,22.22,1.466667,Autumn,2.39
83936,22/4/2019,0,81,6.3,6.66667,22.6,15.6,224,18.89,20.0,22.22,2.566667,Autumn,10.96
83936,23/4/2019,0,84.25,6.5,5.33333,24.4,16.2,234,18.89,23.89,23.89,2.2,Autumn,10.47
83936,24/4/2019,0,84.75,6.3,6.66667,27.4,18.6,244,22.78,26.11,27.78,2.8,Autumn,10.98
83936,25/4/2019,2.7,94.25,0.2,10,22,20,254,21.11,21.11,22.22,2.8,Autumn,1.7
83936,26/4/2019,14.5,93.25,1.9,10,27,20.6,264,22.22,27.22,26.11,1.533333,Autumn,5.91
83936,27/4/2019,46,95.75,0,10,22.4,19.6,274,20.0,21.11,22.22,1.3,Autumn,1.29
83936,28/4/2019,9,89,6.5,7.66667,24.4,16.8,284,20.0,21.11,22.78,1.266667,Autumn,8.46
83936,29/4/2019,0,90,8.1,4.66667,25.4,12.4,294,17.22,22.22,23.89,0.833333,Autumn,11.65
83936,30/4/2019,0,84.5,5.1,5,23.8,13.6,304,17.22,22.78,23.89,2,Autumn,9.91
83936,1/5/2019,3.1,87.75,7.3,8.66667,24,16.4,15,18.89,20.0,22.22,0.8,Autumn,8.36
83936,2/5/2019,0,84.25,7.7,3.33333,28.2,11.8,25,22.22,25.0,27.22,0.766667,Autumn,11.55
83936,3/5/2019,0,94.25,1.1,6.33333,28,18.2,35,27.22,25.0,26.11,0.7,Autumn,5.05
83936,4/5/2019,47.2,88.25,2.9,9.66667,32,21.8,45,23.89,28.89,31.11,0.766667,Autumn,7.06
83936,5/5/2019,0.3,95.25,0,6.66667,25.6,21.8,55,23.89,25.0,23.89,2.6,Autumn,2.7
83936,6/5/2019,20.3,92.5,0.4,9.66667,24.2,19.2,65,21.11,21.11,22.78,1.433333,Autumn,1.9
83936,7/5/2019,2.8,82.75,2.2,10,21,16.6,75,17.22,18.89,20.0,3.033333,Autumn,5.17
83936,8/5/2019,0,87.75,5.5,6.66667,22,13.6,85,18.89,21.11,22.22,2.366667,Autumn,9.2
83936,9/5/2019,20.5,93.5,0.6,10,25,17.2,95,18.89,22.78,25.0,1.6,Autumn,4.91
83936,10/5/2019,36,95,0,10,26.2,19.8,105,23.89,21.11,21.11,1.633333,Autumn,2.15
83936,11/5/2019,5.1,87.5,5.4,9.33333,25.6,15,115,16.11,17.78,20.0,1.54296,Autumn,5.09
83936,12/5/2019,0,91.75,1.5,8.66667,18.4,10,125,13.89,16.11,17.78,1.166667,Autumn,4.33
83936,13/5/2019,21.4,98,0,9.33333,16.6,13.6,135,16.11,16.11,17.22,2.133333,Autumn,2.03
83936,14/5/2019,10.6,86.5,5.2,7.33333,22.4,12.6,145,15.0,17.78,18.89,1.366667,Autumn,6.33
83936,15/5/2019,1.6,90.5,3.1,9,21,15.8,155,17.22,17.78,20.0,1.466667,Autumn,4.35
83936,16/5/2019,0,85,8.1,5.66667,23.2,16.4,165,20.0,22.22,22.78,2.7,Autumn,8.38
83936,17/5/2019,0,87,9.1,0,22.6,13,175,17.78,21.11,22.22,1.8,Autumn,10.29
83936,18/5/2019,0,87,7.3,3.66667,29.4,15,185,21.11,22.78,26.11,1.88592,Autumn,9.49
83936,19/5/2019,0,85,5.7,6.66667,20.4,16.8,195,22.78,26.11,26.11,0.566667,Autumn,8.59
83936,20/5/2019,29.4,90.75,4.3,8.66667,24.8,15.8,205,17.78,20.0,23.89,1.166667,Autumn,6.96
83936,21/5/2019,0.2,89,0.3,9.33333,22.6,18.2,215,20.0,22.22,22.22,1.633333,Autumn,3.19
83936,22/5/2019,10.7,96.75,0,9.33333,19.8,17.8,225,18.89,20.0,20.0,1.8,Autumn,1.45
83936,23/5/2019,17.6,87.5,1.8,10,20,15.4,235,17.22,18.89,18.89,2.633333,Autumn,6.45
83936,24/5/2019,7,94,0.1,9.33333,17.4,13.6,245,13.89,13.89,15.0,1.166667,Autumn,3
83936,25/5/2019,0,89.75,7.5,6,20.6,8.4,255,15.0,17.78,20.0,1,Autumn,10.19
83936,26/5/2019,0,90.75,6.5,8.66667,22.2,10.2,265,16.11,20.0,22.22,1.266667,Autumn,8.93
83936,27/5/2019,1.4,92,1.7,10,23.4,16.2,275,18.89,22.78,22.78,2.3,Autumn,3.91
83936,28/5/2019,14,95.5,0.5,10,19,14.8,285,16.11,17.78,18.89,1.1,Autumn,2.14
83936,29/5/2019,0.3,88.25,5.6,5.66667,21,13.2,295,16.11,17.22,16.11,2.233333,Autumn,8.39
83936,30/5/2019,0,95,0,6.66667,15.4,14,305,15.0,15.0,15.0,3.966667,Autumn,0.53
83936,31/5/2019,10.7,96.75,9.5,10,16.4,14.4,315,15.0,16.11,16.11,2.3,Autumn,1.55
83936,1/6/2019,2.2,91.75,0,10,17.6,14.2,16,16.11,16.11,17.22,1.633333,Autumn,2.13
83936,2/6/2019,0,97.5,1.4,9.66667,19.2,14.4,26,15.0,16.11,17.78,1.033333,Autumn,3.42
83936,3/6/2019,0.5,90.75,3.5,8.33333,21.2,12.4,36,15.0,17.22,18.89,0.866667,Autumn,4.37
83936,4/6/2019,0,89.75,6.1,4.66667,20.2,10,46,12.78,15.0,18.89,1.1,Autumn,8.68
83936,5/6/2019,0.1,82.25,7.7,6,22,8.4,56,16.11,20.0,21.11,1.9,Autumn,8.96
83936,6/6/2019,0,76,8.2,5.66667,25,10.8,66,18.89,22.22,23.89,3.1,Autumn,9.17
83936,7/6/2019,0,77.5,5.2,6.66667,26.2,14.4,76,22.22,25.0,26.11,2.433333,Autumn,7.59
83936,8/6/2019,4.3,98.5,0,9,16.6,15.2,86,16.11,16.11,16.11,1.533333,Autumn,1.05
83936,9/6/2019,1.1,92.5,3.2,8.33333,22.8,15.6,96,16.11,18.89,22.22,1.6,Autumn,5.59
83936,10/6/2019,0,75.25,2.2,6,26.2,16.2,106,22.22,23.89,25.0,1.7,Autumn,4.84
83936,11/6/2019,0,84.25,5.4,9.66667,25.6,14.2,116,17.78,22.22,25.0,1.266667,Autumn,7.29
83936,12/6/2019,0,71,0.1,10,28,16.4,126,22.22,23.89,27.22,1.066667,Autumn,3.83
83936,13/6/2019,0,57.5,3.8,9,29,22.8,136,27.22,28.89,28.89,4.566667,Autumn,2.15
83936,14/6/2019,0,70.25,0.3,10,30,22.8,146,25.0,27.78,30.0,1.4,Autumn,5.85
83936,15/6/2019,0,62.5,3.4,9,31.2,20.8,156,27.22,28.89,30.0,1.7,Autumn,5.68
83936,16/6/2019,0,83.25,0.8,9.33333,28.2,20.4,166,22.78,26.11,27.22,0.466667,Autumn,3.03
83936,17/6/2019,0,91.25,4,8.66667,25.6,18.4,176,18.89,20.0,25.0,1.466667,Autumn,6.23
83936,18/6/2019,0,81.5,7.3,4.66667,29.4,17.4,186,23.89,27.22,28.89,2.133333,Autumn,7.02
83936,19/6/2019,5.8,70.75,8.1,3.33333,20.4,11.4,196,15.0,17.78,20.0,1.466667,Autumn,9.44
83936,20/6/2019,0,86.75,8.4,0,20,7.4,206,15.0,17.78,18.89,0.933333,Autumn,9.26
83936,21/6/2019,0,90,4.2,8.33333,20.6,8.6,216,11.11,15.0,20.0,1.3,Autumn,7.75
83936,22/6/2019,0,83.5,7.9,8.33333,29,13,226,22.78,26.11,28.89,2.266667,Winter,7.87
83936,23/6/2019,0,70,8.9,3.66667,28,15.6,236,25.0,27.22,27.78,2.033333,Winter,8.27
83936,24/6/2019,0,54,6,6.33333,27.8,19.6,246,23.89,27.22,27.22,3.7,Winter,7.45
83936,25/6/2019,0,77.75,0.9,10,26.2,10,256,25.0,26.11,16.11,4.566667,Winter,1.6
83936,26/6/2019,4.7,85.5,8.1,5.66667,13,3.4,266,8.89,11.11,12.22,0.433333,Winter,9.22
83936,27/6/2019,0,89,4.2,3.33333,16.8,1,276,5.0,8.89,15.0,1.433333,Winter,6.64
83936,28/6/2019,0,71.5,3.1,5.33333,26.6,10.4,286,22.22,21.11,23.89,3.9,Winter,3.44
83936,29/6/2019,4,54,7.7,6.66667,30.2,25.8,296,28.89,28.89,30.0,5.666667,Winter,7.26
83936,30/6/2019,11.6,95,0,10,28,13.6,306,17.22,15.0,15.0,1.1,Winter,0.84
83936,01/09/2019,0,80.5,7.4,5.33333,18.8,10.2,19,15.0,17.22,17.78,0.533333,Winter,11.5
83936,02/09/2019,0,78.75,10,1,19.4,3.8,29,12.78,17.78,18.89,0.766667,Winter,14.84
83936,03/09/2019,0,74.5,9.9,3.66667,17.6,6.4,39,12.78,16.11,17.22,1.033333,Winter,14.49
83936,04/09/2019,0,70.5,10.2,0,16.4,3.6,49,11.11,13.89,15.0,0.866667,Winter,15.29
83936,05/09/2019,0,67.75,7.2,6.66667,15,5,59,10.0,12.78,15.0,3.3,Winter,12.71
83936,06/09/2019,0,92.5,0,10,14.6,10.2,69,12.78,13.89,12.78,2.3,Winter,3.14
83936,07/09/2019,5.9,95.5,0.1,7.66667,19.8,13.2,79,18.89,18.89,18.89,1.3,Winter,2.23
83936,08/09/2019,14,82.5,0.3,10,30.6,17.4,89,22.78,31.11,27.78,1.033333,Winter,5.23
83936,09/09/2019,1.7,55.5,4.2,9.66667,34.2,20,99,30.0,33.89,33.89,6.833333,Winter,9.86
83936,10/09/2019,0,89.75,0.4,9.66667,23.8,16.6,109,17.78,20.0,20.0,2.233333,Winter,5.05
83936,11/09/2019,23.8,97.25,0,10,18.6,14.2,119,16.11,17.22,18.89,1.866667,Winter,0.98
83936,12/09/2019,31.4,89.75,2.5,9,21.4,15.6,129,16.11,17.78,21.11,1.333333,Winter,5.27
83936,13/09/2019,1.6,82,3.6,7.33333,17.6,14.4,139,16.11,17.22,17.78,2.9,Winter,8.47
83936,14/09/2019,0,91.75,0.6,7.66667,18.6,12.4,149,17.22,17.78,17.78,2.6,Winter,5.28
83936,15/09/2019,0.8,85.75,6.9,2.33333,29.2,15.2,159,21.11,26.11,28.89,1.5,Winter,11.8
83936,16/09/2019,0,79,0,6,32,15.8,169,27.78,21.11,22.78,5.433333,Winter,4.47
83936,17/09/2019,3,91.75,0,10,16,11.4,179,12.78,15.0,16.11,3.2,Winter,2.49
83936,18/09/2019,7.6,81.75,6,7.66667,22.2,12.6,189,15.0,17.78,20.0,0.533333,Winter,11.28
83936,19/09/2019,0,84.25,7.3,3.33333,24.2,8.6,199,16.11,20.0,23.89,1.5,Winter,14.36
83936,20/09/2019,0,67.5,8.3,3.33333,19,11.8,209,13.89,17.22,17.78,3.033333,Winter,13.9
83936,21/09/2019,0,72,10.3,0,19.2,5.2,219,12.78,16.11,17.78,1.3,Winter,17.03
83936,22/09/2019,0,71.25,10.6,0,21.8,5,229,16.11,21.11,22.22,1.966667,Spring,16.29
83936,23/09/2019,0,64.25,7.8,2.66667,20.4,5.6,239,13.89,17.22,20.0,3.3,Spring,16.09
83936,24/09/2019,0,70,10.3,6.33333,24.6,9.2,249,12.22,17.22,22.22,1.666667,Spring,15.84
83936,25/09/2019,0,77.25,10.5,0,24.4,9,259,17.22,22.22,25.0,1.1,Spring,16.15
83936,26/09/2019,0,75,10.4,0.333333,26.8,8.8,269,18.89,23.89,26.11,1.366667,Spring,15.77
83936,27/09/2019,0,65,9.4,3.33333,22,11.6,279,17.22,18.89,21.11,3.7,Spring,16.35
83936,28/09/2019,0,73.75,10,1.33333,25,12.2,289,18.89,22.22,23.89,2.533333,Spring,15.74
83936,29/09/2019,0,72.5,10.5,0,27.6,11.6,299,18.89,23.89,26.11,2.2,Spring,15.99
83936,30/09/2019,0,51,10.6,0,35.4,12.8,309,27.78,32.78,36.11,4.4,Spring,15.33
83936,01/10/2019,0,35.75,10.6,0,37.22,24.8,110,31.11,35.0,37.22,5.633333,Spring,14.25
83936,02/10/2019,6.6,96.75,0,6.66667,34,17.6,210,20.0,17.22,17.78,1.033333,Spring,0.94
83936,03/10/2019,34,93,0,10,18.8,16.4,310,17.22,17.78,17.78,2.966667,Spring,2.16
83936,04/10/2019,58.4,96,0.7,10,25,16.2,410,17.78,20.0,23.89,1.3,Spring,4.69
83936,05/10/2019,33.5,94,0,10,20.4,16.2,510,17.22,17.78,17.78,0.833333,Spring,2.21
83936,06/10/2019,1.4,90,0,10,18.8,13.8,610,15.0,17.22,17.78,1.7,Spring,4.2
83936,07/10/2019,0,86.25,8,7,26,12.4,710,17.22,21.11,23.89,0.966667,Spring,14.27
83936,08/10/2019,0,77,10.9,1.33333,27,12,810,22.78,25.0,27.22,0.533333,Spring,16.87
83936,09/10/2019,0,71.25,11.1,1.33333,28.8,13.2,910,21.11,26.11,27.78,1.433333,Spring,16.65
83936,10/10/2019,0,77,9.8,2.33333,30.8,15,1010,21.11,27.22,30.0,1.833333,Spring,15.7
83936,11/10/2019,0,53.5,10.9,4,37.22,19.4,1110,32.22,36.11,37.22,2.366667,Spring,15.43
83936,12/10/2019,0,47,10.3,4.33333,37.6,20.4,1210,33.89,37.22,37.78,2.8,Spring,15.09
83936,13/10/2019,0,78,6,4,36.2,21.8,1310,35.0,32.78,32.22,3.566667,Spring,10.7
83936,14/10/2019,9.4,95,0,8.33333,22,12.6,1410,16.11,15.0,13.89,4,Spring,0.97
83936,15/10/2019,22.8,84.5,0.5,10,19,13,1510,16.11,17.22,17.78,4.4,Spring,7.23
83936,16/10/2019,46,95.5,0,10,20,16.11,1610,17.22,17.78,20.0,2.033333,Spring,3.3
83936,17/10/2019,3.8,99,0,9.66667,21.2,18,1710,18.89,22.22,20.0,1.766667,Spring,2.3
83936,18/10/2019,29.2,85.5,3.5,8.66667,24.8,19,1810,20.0,22.78,25.0,1.8,Spring,8.58
83936,19/10/2019,0,68.25,10,4.33333,23.2,15,1910,20.0,21.11,22.78,2.266667,Spring,17.87
83936,20/10/2019,0,77,0.6,6.33333,19,13,2010,16.11,17.22,17.78,4.066667,Spring,10.03
83936,21/10/2019,18.6,95.5,0.2,9.66667,18.8,13.4,2110,15.0,16.11,17.22,2.833333,Spring,5
83936,22/10/2019,3.9,81.75,9,7.66667,22.6,13.4,2210,16.11,18.89,21.11,1.3,Spring,15.91
83936,23/10/2019,0,74.75,11.2,2.66667,25.2,11.4,2310,16.11,20.0,23.89,1.433333,Spring,17.95
83936,24/10/2019,0,70.75,11.2,1.33333,26.8,11.4,2410,22.78,26.11,26.11,1.1,Spring,18.14
83936,25/10/2019,0,65.5,11.2,0,26.6,11,2510,21.11,23.89,26.11,1.866667,Spring,18.33
83936,26/10/2019,0,68.25,11.3,0,30.6,11.4,2610,22.78,27.22,30.0,2.466667,Spring,18.28
83936,27/10/2019,20.6,93.75,0,6.66667,24,19,2710,18.89,18.89,20.0,1.866667,Spring,0.32
83936,28/10/2019,35.7,73,7.7,6.66667,34,18.4,2810,25.0,28.89,32.22,1.766667,Spring,13.46
83936,29/10/2019,0,80.75,1.2,6.66667,30.2,18.8,2910,18.89,20.0,20.0,4.666667,Spring,2.91
83936,30/10/2019,79.8,92.5,0,6.66667,24.4,19,3010,18.89,18.89,20.0,3.733333,Spring,2.67
83936,31/10/2019,56.6,91.25,0,10,21.6,18.4,3110,18.89,20.0,20.0,3.066667,Spring,2.63
83936,01/11/2019,1.3,85.5,9.2,9.33333,25.8,18.4,111,22.22,23.89,25.0,3.066667,Spring,15.15
83936,02/11/2019,0,81.5,0.6,6.66667,32.2,19,211,28.89,31.11,27.78,1.6,Spring,8.19
83936,03/11/2019,3.4,92.5,0,10,23.2,19.8,311,21.11,21.11,22.22,2.433333,Spring,2.49
83936,04/11/2019,5.6,98.5,0,9.33333,20.8,17.4,411,17.78,17.78,17.78,2.766667,Spring,0.84
83936,05/11/2019,53.9,83,2.5,9.66667,24.8,19.6,511,22.22,22.22,25.0,2.133333,Spring,9.92
83936,06/11/2019,0,64,11.3,2.66667,25.6,16.2,611,21.11,22.78,25.0,3.866667,Spring,19.18
83936,07/11/2019,30.4,90.75,5.3,4,27.4,16.4,711,20.0,21.11,23.89,1.266667,Spring,10.14
83936,08/11/2019,0,77,9.2,3.33333,27.8,17.8,811,20.0,23.89,26.11,2.033333,Spring,16.03
83936,09/11/2019,0,88.5,5,4.66667,27.2,19.8,911,22.78,23.89,27.22,2.6,Spring,12.94
83936,10/11/2019,2,73,9.6,8.33333,28.6,21,1011,23.89,27.22,27.78,3.566667,Spring,14.91
83936,11/11/2019,0,76.25,5.7,6.33333,25.4,18.6,1111,21.11,22.22,25.0,4.233333,Spring,14.42
83936,12/11/2019,0,75.5,6.2,10,30.2,18.2,1211,22.22,27.78,30.0,2.233333,Spring,15.19
83936,13/11/2019,0,79.75,0,10,28.2,21.4,1311,26.11,27.78,27.78,2.366667,Spring,6.21
83936,14/11/2019,4.6,78.25,6.8,8.66667,29.6,20,1411,22.22,23.89,27.22,1.633333,Spring,11.24
83936,15/11/2019,0,59.5,10.6,5,26.8,19.8,1511,22.22,25.0,25.0,1.6,Spring,17.9
83936,16/11/2019,0,66,12,0.666667,26.6,14.8,1611,21.11,22.78,26.11,1.766667,Spring,19.25
83936,17/11/2019,0,58.75,11.8,5,30.4,13.8,1711,21.11,26.11,28.89,1.333333,Spring,18.6
83936,18/11/2019,0,58.75,10.3,3.33333,32.2,15.2,1811,22.22,27.78,31.11,2.266667,Spring,17.87
83936,19/11/2019,0,65.25,10.1,3.33333,32,16.4,1911,22.22,26.11,30.0,2.366667,Spring,17.89
83936,20/11/2019,0,66.5,11.5,1.33333,33.6,19.2,2011,20.0,23.89,27.22,2.333333,Spring,18.73
83936,21/11/2019,0,75,6.4,4.66667,36.4,21.8,2111,23.89,30.0,35.0,3.066667,Spring,13.04
83936,22/11/2019,2.8,90.5,4.2,6,33.2,20.8,2211,28.89,32.78,23.89,2.666667,Spring,8.81
83936,23/11/2019,41.2,65.5,4.9,8.66667,25.8,19,2311,20.0,22.22,23.89,4.066667,Spring,11.63
83936,24/11/2019,0,60.75,12,0,25,13.6,2411,17.78,22.22,22.78,3.733333,Spring,21.23
83936,25/11/2019,0,63,8.7,2.33333,29.4,14.6,2511,21.11,25.0,27.78,3.766667,Spring,19.54
83936,26/11/2019,0,89.5,0,10,24.6,18.6,2611,23.89,23.89,20.0,2,Spring,1.47
83936,27/11/2019,16.2,75.25,5.1,9.33333,26.8,19.4,2711,20.0,23.89,25.0,2.266667,Spring,11.93
83936,28/11/2019,0,60.75,12,0,27,13.6,2811,18.89,22.78,25.0,2.133333,Spring,20.84
83936,29/11/2019,0,67,12.1,1,34.6,14.6,2911,12.78,17.22,25.0,1.366667,Spring,19.59
83936,30/11/2019,0,74.75,1.6,8.66667,28.4,21,3011,25.0,25.0,25.0,0.966667,Spring,5.08
83936,01/12/2019,0,56,12.4,5,28.8,18.2,112,25.0,27.22,27.78,1.866667,Spring,19.98
83936,02/12/2019,0,57.75,8.8,3,24.8,14.4,212,18.89,22.22,22.78,1.8,Spring,19.76
83936,03/12/2019,0,46.75,12,2.33333,29.4,13,312,22.22,25.0,27.78,2.633333,Spring,20.58
83936,04/12/2019,0,60,7.4,4.66667,32.4,15.2,412,23.89,28.89,32.22,2.166667,Spring,15.83
83936,05/12/2019,0,63,10.2,6.66667,27.6,17.4,512,20.0,22.78,26.11,2.166667,Spring,18.57
83936,06/12/2019,0,53.25,12.1,0,30.2,12,612,16.11,22.22,25.0,0.766667,Spring,20.68
83936,07/12/2019,0,54.5,12.4,0.666667,30.6,15,712,22.78,27.22,27.78,1.8,Spring,19.88
83936,08/12/2019,0,56.75,11.2,1.33333,32.6,16.2,812,22.78,27.22,30.0,1.7,Spring,19.48
83936,09/12/2019,0,54.5,11.7,5,33,18,912,27.22,30.0,32.22,1.866667,Spring,19.06
83936,10/12/2019,0,52,12.5,0,34.8,18.8,1012,27.78,32.22,35.0,1.366667,Spring,19.17
83936,11/12/2019,0,66,12.7,0.666667,35.8,17.4,1112,27.22,32.22,35.0,1.733333,Spring,19.16
83936,12/12/2019,0,67.25,3.1,6.33333,31.4,19.2,1212,31.11,27.78,27.22,2.433333,Spring,8.66
83936,13/12/2019,0,57.25,12.5,2.66667,28,16.8,1312,22.22,23.89,26.11,2.533333,Spring,20.44
83936,14/12/2019,0,69.25,4.9,5,31.2,15.6,1412,17.78,21.11,25.0,2.633333,Spring,11.2
83936,15/12/2019,7.5,78.5,1.1,9,32.6,22.2,1512,28.89,31.11,32.78,4.766667,Spring,8.97
83936,16/12/2019,7.2,74.25,3.5,10,27.2,19.2,1612,21.11,22.78,23.89,1.9,Spring,12.29
83936,17/12/2019,0,62.75,9.5,4.33333,28.8,17.2,1712,20.0,25.0,27.22,2.3,Spring,17.37
83936,18/12/2019,0,55,12.3,0,29,16,1812,22.22,26.11,27.78,2.9,Spring,21.14
83936,19/12/2019,0,61.5,12,2.66667,32.6,18,1912,23.89,27.78,31.11,2.4,Spring,16.63
83936,20/12/2019,0,63.75,9.9,6,36.6,21.8,2012,30.0,33.89,35.0,3.233333,Spring,16.49
83936,21/12/2019,53.8,75.75,4.7,9.33333,29.8,20.8,2112,23.89,23.89,23.89,2.3,Spring,11.86
83936,22/12/2019,0,78.25,12.6,3.66667,25,15.4,2212,20.0,22.22,23.89,2.5,Summer,20.53
83936,23/12/2019,0,69.25,11.9,1.33333,29,12.6,2312,22.22,23.89,26.11,0.8,Summer,20.93
83936,24/12/2019,0,59,12.4,0,32,12.4,2412,22.78,28.89,31.11,1.533333,Summer,20.21
83936,25/12/2019,0,59.5,11.9,1.33333,36.2,16.4,2512,27.78,32.22,35.0,0.933333,Summer,19.02
83936,26/12/2019,0,65.5,5.9,6.66667,35.4,19.2,2612,27.78,32.22,35.0,1.633333,Summer,15.48
83936,27/12/2019,0,66,10.7,4.66667,37.4,22.4,2712,30.0,35.0,37.78,2.433333,Summer,15.98
83936,28/12/2019,0,62,9.8,2.33333,37.6,23,2812,28.89,35.0,37.22,1.333333,Summer,16.66
83936,29/12/2019,0,60.75,11.8,6.33333,38.2,22.4,2912,27.78,32.22,36.11,2.133333,Summer,18.8
83936,30/12/2019,4.5,60.5,12,7,36.4,23,3012,28.89,33.89,36.11,2.533333,Summer,18.41
83936,31/12/2019,0,70,10.4,5.66667,35,23.6,3112,28.89,32.22,27.78,1.633333,Summer,14.93
83936,01/01/2020,5.2,73.5,6.8,6,31.6,24.8,11,27.22,28.89,30.0,3.166667,Summer,10.89
83936,02/01/2020,0,62.75,9.6,7.66667,29,20.6,21,25.0,26.11,27.78,5.466667,Summer,15.39
83936,03/01/2020,0,65.5,11.3,5.33333,29.2,18.8,31,23.89,25.0,27.78,4.5,Summer,17.42
83936,04/01/2020,0,64.5,11.5,3,30.4,20,41,23.89,27.22,30.0,4.133333,Summer,19.13
83936,05/01/2020,0,63.5,9.6,3,32.6,19.2,51,23.89,28.89,31.11,1.866667,Summer,17
83936,06/01/2020,0,69,7,6.33333,35.8,22,61,31.11,32.22,36.11,2.033333,Summer,13.9
83936,07/01/2020,4,65,12.2,7.33333,31.2,21,71,25.0,27.22,27.78,1.2,Summer,19.5
83936,08/01/2020,0,60.5,11.6,1.33333,33,17.4,81,23.89,27.22,30.0,2.6,Summer,19.28
83936,09/01/2020,0,80.25,8.5,3.66667,36.2,20,91,27.78,32.78,36.11,1.533333,Summer,13.46
83936,10/01/2020,42.5,90.75,5.5,7.33333,33,21.6,101,30.0,31.11,32.22,1.533333,Summer,8.66
83936,11/01/2020,94.4,83.25,8.7,8.66667,30.6,21.8,111,25.0,27.22,28.89,0.866667,Summer,14.31
83936,12/01/2020,0,75.25,10.4,3.66667,31,23,121,26.11,27.78,31.11,2.1,Summer,18.23
83936,13/01/2020,0,64.25,12.3,2.66667,31,19.8,131,23.89,27.22,28.89,4.166667,Summer,20.07
83936,14/01/2020,0,82.5,8.6,3,34,19.2,141,25.0,28.89,32.22,1.8,Summer,15.59
83936,15/01/2020,8.4,86.5,6.3,8,34.2,23.8,151,30.0,32.78,35.0,2.3,Summer,12.41
83936,16/01/2020,49.1,78,2.9,10,24.8,19.8,161,20.0,22.22,22.78,2.733333,Summer,11.83
83936,17/01/2020,0,72.25,11.1,3.33333,25.2,13.4,171,18.89,22.78,23.89,2.3,Summer,20.28
83936,18/01/2020,0,76.25,11.8,2.66667,29,16,181,20.0,23.89,27.22,2.3,Summer,19.74
83936,19/01/2020,0,68.75,9.5,4.33333,33,20.2,191,22.78,27.78,31.11,1.966667,Summer,16.98
83936,20/01/2020,0,86.25,3.4,7.33333,33,22.2,201,27.22,31.11,32.78,1.566667,Summer,12.79
83936,21/01/2020,12,91.75,0.9,7,30.4,21.8,211,25.0,27.78,23.89,1.633333,Summer,7.89
83936,22/01/2020,56.6,85.75,1.8,9.33333,26,20.4,221,21.11,21.11,22.78,2.433333,Summer,8.52
83936,23/01/2020,5,75.25,10.5,3.66667,28.2,19,231,22.78,25.0,27.22,3.966667,Summer,16.84
83936,24/01/2020,0,79,11.6,3,28.2,17.8,241,22.22,25.0,27.22,1.633333,Summer,20.34
83936,25/01/2020,0,67.25,11.5,0.666667,32,16.6,251,22.78,27.78,28.89,1.2,Summer,19.55
83936,26/01/2020,0,71.75,10.7,2.66667,34,19.2,261,28.89,30.0,31.11,1.133333,Summer,15.69
83936,27/01/2020,0,64.25,8.4,6,32,22.6,271,26.11,28.89,31.11,2.2,Summer,16.25
83936,28/01/2020,0,78,11.3,7,29.8,19.8,281,22.78,26.11,27.78,2.333333,Summer,18.16
83936,29/01/2020,1.9,81.25,4.4,7,30,21.6,291,22.78,23.89,27.78,0.833333,Summer,9.28
83936,30/01/2020,1,81.5,3.4,8,30,22.8,301,26.11,27.22,27.78,1.4,Summer,10.31
83936,31/01/2020,5.1,81.75,8.8,9,30.6,21.6,311,22.78,27.22,28.89,1.481107,Summer,14.37
83936,01/02/2020,0,77.25,9.3,5.5,29.8,19.4,12,23.89,27.22,30.0,1.966667,Summer,18.59
83936,02/02/2020,0,72.5,9.5,6,30.6,19.4,22,23.89,27.78,31.11,2.366667,Summer,19.23
83936,03/02/2020,0,78.25,8.8,5,31,21.6,32,25.0,27.78,30.0,2.566667,Summer,16.53
83936,04/02/2020,0,72,11.9,1.66667,31.8,20.8,42,27.22,28.89,31.11,3.2,Summer,19
83936,05/02/2020,0,70.75,11.9,2.33333,33.8,21.4,52,30.0,32.22,32.78,2.466667,Summer,14.71
83936,06/02/2020,0,71.25,11.6,2.33333,34,22,62,30.0,32.78,33.89,1.3,Summer,15.82
83936,07/02/2020,0,75.75,10.9,2.33333,33.4,23.2,72,28.89,31.11,32.22,1.366667,Summer,18.06
83936,08/02/2020,0,80.5,9.9,3.66667,34.8,23.2,82,31.11,32.22,33.89,1.9,Summer,17.45
83936,09/02/2020,14,69.25,8.3,5.66667,29.2,21.6,92,23.89,26.11,28.89,3.033333,Summer,14.9
83936,10/02/2020,0,69.75,11.7,6.33333,27.6,17.4,102,22.22,25.0,26.11,2.9,Summer,17.25
83936,11/02/2020,0,66.75,11.3,5.66667,28.8,16.4,112,22.22,25.0,28.89,3.266667,Summer,18.71
83936,12/02/2020,0,78,11.5,1,29.6,17.6,122,23.89,27.22,28.89,3.033333,Summer,19
83936,13/02/2020,0,71.25,9.9,1.33333,33.4,19,132,27.22,31.11,32.78,1.966667,Summer,16.53
83936,14/02/2020,0,69.25,1,7.66667,29.8,20.2,142,27.22,30.0,30.0,2.366667,Summer,6.74
83936,15/02/2020,0.1,78.25,4.5,8.33333,32.2,22,152,25.0,28.89,31.11,1.1,Summer,10.88
83936,16/02/2020,0,74.25,7.5,4,33.2,24.6,162,28.89,32.22,33.89,1.8,Summer,14.78
83936,17/02/2020,19.1,83.75,0.8,10,32.4,23.2,172,28.89,32.78,30.0,1.766667,Summer,6.29
83936,18/02/2020,5.6,89,0.2,6.66667,30.8,20.6,182,21.11,22.22,25.0,1.9,Summer,3.55
83936,19/02/2020,15,76,11.3,6,28.8,19,192,23.89,27.22,28.89,1,Summer,18.89
83936,20/02/2020,0,71.5,11.2,3,29.8,16.2,202,26.11,27.22,28.89,1.533333,Summer,17.34
83936,21/02/2020,0,61,11.8,1.33333,24.2,14.8,212,20.0,22.22,22.78,2.633333,Summer,17.83
83936,22/02/2020,0,70.75,11,0,23,9.8,222,18.89,20.0,22.22,1.666667,Summer,18.95
83936,23/02/2020,0,72.5,1,2,26.4,12,232,23.89,26.11,27.22,2.366667,Summer,19.32
83936,24/02/2020,0,70.5,10,2.66667,32.8,15.6,242,23.89,28.89,32.22,1.733333,Summer,14.65
83936,25/02/2020,0,74.25,8.8,2.33333,33,21,252,27.78,31.11,32.78,1.566667,Summer,15.7
83936,26/02/2020,3.4,70.75,9.5,6.66667,27.8,18.4,262,22.22,25.0,27.22,3.466667,Summer,17.14
83936,27/02/2020,0,70.75,11,2,28.2,13.4,272,25.0,27.22,27.78,0.5,Summer,18.34
83936,28/02/2020,0,69.25,11,0.666667,29.8,14.6,282,27.22,28.89,30.0,1,Summer,18.09
83936,29/02/2020,0,61,10.9,1,31,14.2,292,25.0,27.78,30.0,1.966667,Summer,18.37
83936,01/03/2020,0,58.75,10.9,0,31,14,13,23.89,27.78,30.0,1.766667,Summer,18.24
83936,02/03/2020,0,66,11.1,0,30.4,17.4,23,26.11,27.78,30.0,2.866667,Summer,18.15
83936,03/03/2020,0,68,11.1,0,30.6,16.8,33,23.89,27.78,31.11,2.033333,Summer,17.78
83936,04/03/2020,0,66.5,7.5,5,29.4,16.4,43,18.89,22.78,27.78,1.766667,Summer,15.43
83936,05/03/2020,0,61.5,10.9,0,28.8,16.2,53,22.22,26.11,27.78,2.533333,Summer,18.38
83936,06/03/2020,0,65,11.1,1.33333,32,17.4,63,23.89,27.78,31.11,2.966667,Summer,17.72
83936,07/03/2020,0,67.5,9,5.33333,32.6,17.8,73,23.89,27.78,31.11,1.8,Summer,14.29
83936,08/03/2020,0,60.5,10.3,0.666667,35,18.8,83,27.78,32.22,33.89,0.866667,Summer,16.24
83936,09/03/2020,0,61.75,10.4,1,36,17,93,28.89,35.0,36.11,1.333333,Summer,16.29
83936,10/03/2020,0,66.75,10.2,1.66667,35.2,17.6,103,32.22,35.0,35.0,3.1,Summer,15.64
83936,11/03/2020,0,66,9.5,6,34.4,20.4,113,28.89,32.78,32.22,2.966667,Summer,15.62
83936,12/03/2020,0,61,9.5,2,38.6,20,123,30.0,36.11,38.89,1.333333,Summer,14.74
83936,13/03/2020,0,54.5,10.8,4.33333,38.4,19.6,133,35.0,37.78,37.22,2.266667,Summer,15.43
83936,14/03/2020,0,62.5,8.9,1,40,22,143,33.89,37.78,40.0,1.533333,Summer,15.17
83936,15/03/2020,0,85.5,2.3,10,31,22.4,153,28.89,31.11,28.89,1.566667,Summer,7.66
83936,16/03/2020,27.9,87.75,0,8,23.6,20.4,163,21.11,22.78,22.78,3,Summer,4.57
83936,17/03/2020,0,79,7.1,6,30,18,173,22.78,27.22,30.0,3,Summer,13.91
83936,18/03/2020,6.8,83.25,5.4,4.33333,29.8,20.6,183,27.22,28.89,28.89,1.2,Summer,11.48
83936,19/03/2020,0,68.75,9.6,7,29.4,21.6,193,26.11,28.89,28.89,1.633333,Summer,12.51
83936,20/03/2020,0,77.5,7.4,4.66667,25.8,16.6,203,22.78,25.0,23.89,1.666667,Autumn,13.81
83936,21/03/2020,0,74.25,10,1,28.6,14.2,213,26.11,27.78,28.89,0.866667,Autumn,16.58
83936,22/03/2020,0,67.75,8.6,4,30.6,15,223,27.78,30.0,31.11,2.3,Autumn,15.96
83936,23/03/2020,0,67,9.3,2.33333,32.6,18.4,233,31.11,32.22,22.22,2.733333,Autumn,15.39
83936,24/03/2020,0,57.5,10.3,1.33333,34.4,13.4,243,32.22,32.78,27.78,1.833333,Autumn,14.61
83936,25/03/2020,0,61.75,8.5,2.33333,34,17,253,32.22,32.78,30.0,1.233333,Autumn,13.11
83936,26/03/2020,0,62.25,7.6,7.66667,32.6,16.8,263,28.89,32.22,32.22,1.466667,Autumn,13.36
83936,27/03/2020,0,63.75,6.8,7.33333,32.4,19.8,273,23.89,31.11,32.78,2,Autumn,13.43
83936,28/03/2020,0,65.75,7.4,7.66667,34.2,20,283,27.78,32.22,32.78,2.033333,Autumn,11.59
83936,29/03/2020,5.1,83.5,5.8,9,30.4,20.4,293,23.89,27.78,31.11,0.766667,Autumn,9.44
83936,30/03/2020,0,79.5,8.6,4,33.8,20.2,303,30.0,31.11,27.78,0.866667,Autumn,12.34
83936,31/03/2020,0,66.5,9.9,4.33333,33,20.2,313,32.22,30.0,27.22,3.3,Autumn,14.46
83936,01/04/2020,0,71.5,9,4,32.6,21,14,28.89,32.22,27.78,2.22924,Autumn,12.82
83936,02/04/2020,0,65.25,4.5,7.33333,27.6,19.2,24,22.78,25.0,27.22,2.5722,Autumn,6.74
83936,03/04/2020,0,77,5.2,5,24,13.2,34,18.89,21.11,23.89,1.7148,Autumn,7.75
83936,04/04/2020,0,70,10.1,1.33333,27,10,44,22.78,25.0,26.11,0.51444,Autumn,15.31
83936,05/04/2020,0,61,9.5,1.66667,30.2,10.4,54,27.22,30.0,28.89,2.05776,Autumn,14.92
83936,06/04/2020,24.8,88.5,3.9,8,26.4,16.2,64,20.0,25.0,20.0,1.20036,Autumn,6.11
83936,07/04/2020,0,70.75,10.2,0,21.6,9.2,74,17.78,20.0,21.11,1.88628,Autumn,16.31
83936,08/04/2020,0,79,10.1,0,21.8,6.8,84,21.11,21.11,13.89,1.54332,Autumn,15.78
83936,09/04/2020,0,79.75,8,2,23,8,94,22.78,16.11,15.0,0.51444,Autumn,11.4
83936,10/04/2020,0,82,8.5,7,23.2,10,104,20.0,21.11,22.78,1.54332,Autumn,12.24
83936,11/04/2020,0,81,8.3,4.66667,24.2,10.6,114,18.89,23.89,13.89,1.7148,Autumn,11.79
83936,12/04/2020,0,76,6.5,3.33333,25.6,10.2,124,16.11,23.89,20.0,1.88628,Autumn,11.03
83936,13/04/2020,0,69.5,5.4,6.33333,31,14.8,134,31.11,23.89,22.22,1.54332,Autumn,11.22
83936,14/04/2020,0,82.5,1,10,22.2,13.8,144,16.11,17.22,16.11,1.54332,Autumn,3.47
83936,15/04/2020,0,53.25,10.2,1.66667,23.2,11.4,154,17.78,21.11,22.22,1.88628,Autumn,15.3
83936,16/04/2020,0,69.5,8.5,0,24,8.8,164,21.11,22.78,20.0,1.37184,Autumn,14.44
83936,17/04/2020,0,77.75,9.3,3,24.8,11.2,174,22.22,16.11,17.77,1.88628,Autumn,13.16
83936,18/04/2020,0,76.5,7.2,4,25.2,14.4,184,18.89,18.89,18.88,2.22924,Autumn,10.92
83936,19/04/2020,0,71.25,9.4,0,29.2,14.8,194,25.0,28.89,27.78,0.68592,Autumn,13.31
83936,20/04/2020,0,68.75,9.8,0,30.2,11.2,204,26.11,28.89,26.11,0.8574,Autumn,12.97
83936,21/04/2020,0,69.5,9.8,0,30.4,12,214,22.22,28.89,30.0,1.20036,Autumn,12.63
83936,22/04/2020,0,67.5,9.3,2.33333,30.2,11.6,224,21.11,27.22,26.11,0.17148,Autumn,11.93
83936,23/04/2020,0,65,8.4,4.66667,30,12.2,234,30.0,30.0,22.22,2.22924,Autumn,12.3
83936,24/04/2020,0,57.25,9.9,0,32.2,15,244,26.11,32.22,32.22,2.91516,Autumn,12.29
83936,25/04/2020,0,62,10,6.66667,34.2,13.8,254,25.0,32.22,33.89,1.88628,Autumn,11.71
83936,26/04/2020,10,89.25,10,7.66667,23.6,18,264,21.11,22.22,21.11,1.7148,Autumn,1.98
83936,27/04/2020,0.9,85.25,1.2,9,24,19.6,274,22.22,22.78,22.22,2.74368,Autumn,5.96
83936,28/04/2020,0,60.5,8.7,8,32,19.2,284,25.0,27.78,32.22,2.74368,Autumn,10.55
83936,29/04/2020,0,76.75,5.7,8,27.2,16,294,22.22,25.0,26.11,1.37184,Autumn,6.27
83936,30/04/2020,0,70.25,9.5,0,25.6,9.8,304,22.22,23.89,23.89,1.37184,Autumn,11.88
83936,01/05/2020,0,66,9.4,4.33333,25,13.8,15,22.78,25.0,25.0,1.20036,Autumn,11.83
83936,02/05/2020,0,71.25,9.6,0,22,9.2,25,18.89,21.11,22.22,2.05776,Autumn,12.5
83936,03/05/2020,0,69.25,9.4,0,23.6,10,35,21.11,22.78,23.89,2.05776,Autumn,12.34
83936,04/05/2020,0,93.75,0,6.66667,18.4,8.8,45,18.89,17.78,16.11,1.7148,Autumn,3.28
83936,05/05/2020,18.6,92,0,10,20.4,15,55,18.89,17.78,18.89,0.68592,Autumn,1.42
83936,06/05/2020,1.6,72.5,8.2,6.66667,18,8.8,65,13.89,16.11,13.89,1.88628,Autumn,7.98
83936,07/05/2020,0,84.75,9.4,3,18.2,4.8,75,17.22,17.78,15.0,1.20036,Autumn,12.13
83936,08/05/2020,0,88.25,9.5,0,21.6,4.2,85,17.78,21.11,13.89,0.68592,Autumn,11.56
83936,09/05/2020,0,80,9.3,3.66667,25.2,5.2,95,20.0,22.78,25.0,0.51444,Autumn,11.38
83936,10/05/2020,0,54.75,6,4.66667,28.8,9,105,26.11,27.78,25.0,2.22924,Autumn,8.94
83936,11/05/2020,0,74.25,4.2,6,30.4,19.4,115,28.89,23.89,20.0,2.5722,Autumn,6.25
83936,12/05/2020,43.7,97,0,10,20.2,17.8,125,17.78,18.89,18.89,1.7148,Autumn,0
83936,13/05/2020,44.4,94,0,10,19.4,15.8,135,17.78,18.89,18.89,2.05776,Autumn,1.41
83936,14/05/2020,1.4,86.25,8.7,2,18.8,7.6,145,13.89,17.22,17.78,0.68592,Autumn,11.4
83937,14/05/2021,0,82,8.4,3.33333,19.6,4.6,155,18.89,18.89,13.89,0.938784,Autumn,11.63
83938,14/05/2022,0,81,9.4,0,24.4,6.6,165,22.78,23.89,22.78,2.293315,Autumn,10.76
83939,14/05/2023,0,79,9.2,0,27.4,8.4,175,25.0,26.11,21.11,1.29642,Autumn,10.31
83940,14/05/2024,0,81,9.1,0,25.4,9.4,185,25.0,23.89,16.11,3.08458,Autumn,10.58
83941,14/05/2025,0,78,7.7,3.33333,28.6,13.6,195,27.22,27.78,26.11,3.66573,Autumn,10.02
83942,14/05/2026,0,64,8.5,3.33333,30,14.6,205,28.89,30.0,22.22,4.69392,Autumn,10.02
83943,14/05/2027,0,90,0,10,25.4,19.6,215,17.78,17.78,17.78,4.02336,Autumn,0.13
83944,14/05/2028,80.2,98,0,10,19.2,17.2,225,17.78,17.78,17.78,1.43053,Autumn,1.05
83945,14/05/2029,16.6,92,0.5,9,17.6,13.2,235,12.78,13.89,13.89,3.26339,Autumn,2.01
83946,14/05/2030,16.3,78,2.9,10,17.8,11.8,245,17.22,17.78,13.89,3.08458,Autumn,5.77
83947,14/05/2031,0,68,9.3,2,20,11,255,20.0,17.22,15.0,6.7056,Autumn,10.5
83948,14/05/2032,0,82,8.3,6.33333,18.2,10.6,265,17.22,17.22,12.78,4.4704,Autumn,7.4
83949,14/05/2033,0,89,9.2,0,20.2,6.2,275,18.89,20.0,15.0,1.87757,Autumn,10.22
83950,14/05/2034,0,86,8.5,0.666667,24.2,7.4,285,20.0,22.78,25.0,2.32461,Autumn,10.09
83951,14/05/2035,0,81,8.3,1,27.4,8,295,26.11,26.11,15.0,2.68224,Autumn,9.71
83952,14/05/2036,0,85,8.2,5,26.8,9.2,305,22.22,26.11,18.89,0.938784,Autumn,9.1
83953,14/05/2037,0,90,0.2,6.66667,15.8,12,315,15.0,13.89,12.22,3.08458,Autumn,3.01
83936,01/06/2020,0.6,80.25,5.8,6.41667,14.4,6.4,16,12.22,12.78,13.89,1.02888,Autumn,8.7
83936,02/06/2020,0,90.5,7.3,5.83333,13.6,3.8,26,12.78,15.0,7.78,0.8574,Autumn,8.67
83936,03/06/2020,0,85.75,7.1,1.25,18,4.4,36,11.11,16.11,17.78,1.20036,Autumn,9.78
83936,04/06/2020,0,84,5.8,4.58333,20,9.6,46,16.11,17.78,20.0,2.22924,Autumn,5.86
83936,05/06/2020,20.6,96.5,0,10,17.8,14.8,56,17.22,17.22,17.22,1.7148,Autumn,0.93
83936,06/06/2020,25.2,93,0,10,15.8,12.2,66,16.11,16.11,13.89,2.5722,Autumn,2.81
83936,07/06/2020,8.4,89.5,3.3,10,18.2,13.6,76,17.78,12.22,10.0,1.02888,Autumn,4.74
83936,08/06/2020,0,92.75,4.1,4.58333,19.4,6.8,86,16.11,18.89,15.0,0.34296,Autumn,6.54
83936,09/06/2020,0,95,0.5,8.33333,16.4,13.8,96,15.0,16.11,17.22,1.88628,Autumn,2.7
83936,10/06/2020,0,95.75,0,9.16667,16.2,12.6,106,16.11,16.11,16.11,2.22924,Autumn,2.32
83936,11/06/2020,0.7,95.75,1.3,9.16667,21.8,15,116,18.89,21.11,20.0,1.54332,Autumn,3.41
83936,12/06/2020,0,66.25,5.5,9.3750,30.4,16.4,126,30.0,30.0,28.89,2.5722,Autumn,6.4
83936,13/06/2020,4.9,79.5,4.2,8.75,25.4,14.6,136,16.11,16.11,16.11,0.8574,Autumn,6.84
83936,14/06/2020,0,82,8.8,0,12.8,1.6,146,11.11,12.78,12.22,1.37184,Autumn,9.91
83936,15/06/2020,0,96,0.6,5.83333,12.4,4.8,156,11.11,11.11,11.11,2.40072,Autumn,1.91
83936,16/06/2020,3,85,7.3,4.16667,25.4,11,166,22.78,22.22,20.0,1.54332,Autumn,7.88
83936,17/06/2020,0,64,7.2,5.83333,27.4,18.6,176,25.0,27.22,22.78,3.4296,Autumn,8.35
83936,18/06/2020,0,71.25,4.6,7.08333,27.4,21,186,27.22,26.11,22.22,5.1444,Autumn,5.18
83936,19/06/2020,0,76.5,3.1,7.91667,26.2,14.4,196,21.11,22.78,25.0,3.77256,Autumn,5.17
83936,20/06/2020,0,58.5,5.3,7.08333,30.2,25.4,206,25.0,28.89,28.89,3.25812,Autumn,4.96
83936,21/06/2020,0,60.5,8.9,1.66667,30.4,24,216,28.89,31.11,30.0,4.80144,Autumn,8.33
83936,22/06/2020,0,91,4.3,5.83333,24.8,18.8,226,21.11,22.78,22.78,2.22924,Winter,6.41
83936,23/06/2020,0,57.25,3.9,3.33333,29.4,17.4,236,27.78,30.0,27.78,3.4296,Winter,3.72
83936,24/06/2020,0,48.5,7.3,4.58333,29.6,20.8,246,28.89,22.78,26.11,4.11552,Winter,8.28
83936,25/06/2020,22,92.75,0.3,9.16667,27.6,16,256,16.11,13.89,13.89,1.54332,Winter,1.48
83936,26/06/2020,2.5,85.75,4.5,5.41667,12.6,5.2,266,11.11,12.22,7.22,0.68592,Winter,5.97
83936,27/06/2020,0,83.25,8.5,2.91667,14.6,5,276,13.89,11.11,7.22,1.7148,Winter,9.64
83936,28/06/2020,0,88,7.7,1.25,16,3.6,286,13.89,16.11,15.0,2.22924,Winter,9.58
83936,29/06/2020,0,99.5,0,6.66667,11.6,7.8,296,8.89,12.22,11.11,2.5722,Winter,0.81
83936,30/06/2020,79.8,94.5,0,10,15.6,11.2,306,13.88,15.0,15.0,2.74368,Winter,0.66
