194,17.78,17.78,20.0,22.22,23.89,25.0,17,17,20,22,23,25
204,22.78,22.78,22.22,22.78,22.78,23.89,22,22,22,22,22,23
214,21.11,21.11,17.78,17.78,20.0,16.11,21,21,17,17,20,16
224,16.11,20.0,22.22,22.22,22.22,22.78,16,20,22,22,22,22
234,16.11,17.78,21.11,22.22,22.78,23.89,16,17,21,22,22,23
244,16.11,16.11,17.22,18.89,18.89,17.78,16,16,17,18,18,17
254,18.89,20.0,20.0,21.11,21.11,21.11,18,20,20,21,21,21
264,13.89,13.89,16.11,16.11,16.11,17.78,13,13,16,16,16,17
274,16.11,17.22,18.89,18.89,17.22,12.78,16,17,18,18,17,12
284,7.78,12.22,18.89,20.0,21.11,21.11,7,12,18,20,21,21
294,12.22,16.11,17.78,21.11,22.22,22.78,12,16,17,21,22,22
304,17.22,22.22,23.89,25.0,23.89,20.0,17,22,23,25,23,20
15,12.22,12.78,13.89,16.11,18.89,21.11,12,12,13,16,18,21
25,17.22,20.0,22.78,26.11,27.22,26.11,17,20,22,26,27,26
35,17.22,20.0,22.78,22.78,23.89,25.0,17,20,22,22,23,25
45,17.78,17.78,17.78,20.0,22.78,26.11,17,17,17,20,22,26
55,17.22,20.0,21.11,22.22,23.89,20.0,17,20,21,22,23,20
65,15.0,17.22,21.11,22.78,23.89,25.0,15,17,21,22,23,25
75,18.89,22.78,27.22,27.78,27.78,27.22,18,22,27,27,27,27
85,22.22,22.22,22.78,22.78,22.22,20.0,22,22,22,22,22,20
95,17.78,18.89,20.0,20.0,20.0,21.11,17,18,20,20,20,21
105,13.89,16.11,17.22,18.89,18.89,17.22,13,16,17,15,15,15
115,16.11,17.78,17.22,15.0,13.89,13.89,15,13,13,12,12,12
125,13.89,18.89,17.78,17.78,18.89,18.89,13,18,17,17,18,18
135,17.22,17.22,17.22,17.22,17.22,17.22,17,17,17,17,17,17
145,17.22,17.22,16.11,17.78,17.22,17.22,17,17,16,17,17,17
155,17.22,17.78,18.89,18.89,18.89,18.89,17,17,18,18,18,18
165,13.89,13.89,15.0,16.11,17.78,18.89,13,13,15,16,17,18
175,12.78,15.0,16.11,17.78,20.0,20.0,12,15,16,17,20,20
185,20.0,21.11,22.22,21.11,22.22,21.11,20,21,22,21,22,21
195,17.78,18.89,20.0,20.0,20.0,21.11,17,18,20,20,20,21
205,17.22,17.22,17.22,16.11,16.11,15.0,17,17,17,16,16,15
215,13.89,15.0,17.22,17.78,18.89,20.0,13,15,17,17,18,20
225,17.22,18.89,21.11,21.11,21.11,18.89,17,18,21,21,21,18
235,13.89,13.89,13.89,16.11,16.11,15.0,13,13,13,16,16,15
245,17.78,18.89,21.11,23.89,25.0,22.78,17,18,21,23,25,22
255,25.0,28.89,30.0,31.11,31.11,30.0,25,28,30,31,31,30
265,17.78,17.78,17.22,17.78,17.78,17.22,17,17,17,17,17,17
275,15.0,15.0,13.89,13.89,13.89,15.0,15,15,13,13,13,15
285,17.22,17.22,17.22,17.22,17.22,17.78,17,17,17,17,17,17
295,16.11,17.22,16.11,17.22,17.22,17.78,16,17,16,17,17,17
305,15.0,16.11,16.11,16.11,16.11,16.11,15,16,16,16,16,16
315,15.0,15.0,15.0,15.0,16.11,16.11,15,15,15,15,16,16
16,13.89,15.0,16.11,16.11,16.11,15.0,13,15,16,16,16,15
26,17.78,18.89,17.78,18.89,17.78,15.0,17,18,17,18,17,15
36,13.89,15.0,17.22,18.89,18.89,20.0,13,15,17,18,18,20
46,17.22,17.22,17.22,17.22,17.78,17.78,17,17,17,17,17,17
56,15.0,15.0,16.11,16.11,16.11,16.11,15,15,16,16,16,16
66,12.78,13.89,13.89,13.89,13.89,13.89,12,13,13,13,13,13
76,12.78,13.89,16.11,17.22,16.11,17.22,12,13,16,17,16,17
86,16.11,15.0,15.0,15.0,15.0,16.11,16,15,15,15,15,16
96,10.0,10.0,10.0,10.0,10.0,10.0,10,10,10,10,10,10
106,12.22,15.0,16.11,16.11,17.22,17.78,12,15,16,16,17,17
116,10.0,13.89,15.0,17.22,17.78,18.89,10,13,15,17,17,18
126,11.11,12.78,12.78,17.78,17.78,17.78,11,12,12,17,17,17
136,11.11,11.11,11.11,12.22,12.22,12.78,11,11,11,12,12,12
146,11.11,12.22,12.78,12.78,12.78,13.89,11,12,12,12,12,13
156,12.78,12.78,15.0,17.78,20.0,20.0,12,12,15,17,20,20
166,22.78,25.0,26.11,27.22,27.22,27.22,22,25,26,27,27,27
176,22.78,26.11,27.22,27.78,28.89,28.89,22,26,27,27,28,28
186,17.22,15.0,16.11,12.78,10.0,10.0,17,15,16,12,10,10
196,7.78,8.89,10.0,10.0,11.11,11.11,7,8,10,10,11,11
206,2.78,6.11,8.89,10.0,11.11,12.22,2,6,8,10,11,12
216,7.78,10.0,12.78,17.78,18.89,21.11,7,10,12,17,18,21
226,17.78,20.0,20.0,22.78,25.0,25.0,17,20,15,22,25,25
236,20.0,22.22,22.78,23.89,26.11,27.22,20,22,22,23,26,27
246,22.22,25.0,27.22,27.22,27.22,25.0,22,25,27,27,27,25
256,20.0,21.11,22.78,23.89,25.0,25.0,20,21,22,23,25,25
266,20.0,22.22,22.78,23.89,25.0,25.0,20,22,22,23,25,25
276,20.0,21.11,22.78,23.89,26.11,27.22,20,21,22,23,26,27
286,23.89,23.89,23.89,25.0,26.11,27.22,23,23,23,25,26,27
296,17.22,17.22,20.0,22.78,25.0,27.22,17,17,20,22,25,27
306,12.78,12.78,13.89,13.89,15.0,13.89,12,12,13,13,15,13
17,8.89,12.22,12.22,13.89,15.0,16.11,8,12,12,13,15,16
27,7.78,12.22,12.78,15.0,15.0,16.11,7,12,12,15,15,16
37,7.78,11.11,12.78,16.11,17.78,17.78,7,11,12,16,17,17
47,12.78,15.0,17.22,21.11,21.11,21.11,12,15,17,21,21,21
57,17.78,18.89,20.0,21.11,22.22,23.89,17,18,20,21,22,23
67,17.22,21.11,22.22,22.78,23.89,23.89,17,21,22,22,23,23
77,18.89,22.22,23.89,23.89,25.0,23.89,18,22,23,23,25,23
87,18.89,20.0,22.22,22.78,25.0,26.11,18,20,22,22,25,26
97,20.0,21.11,22.78,25.0,25.0,23.89,20,21,22,25,25,23
107,16.11,18.89,22.22,22.78,23.89,26.11,16,18,22,22,23,26
117,18.89,20.0,20.0,20.0,18.89,18.89,18,20,20,20,18,18
127,16.11,17.22,17.78,18.89,21.11,22.22,16,17,17,18,21,22
137,21.11,22.22,23.89,25.0,27.22,27.78,21,22,23,25,27,27
147,22.78,23.89,25.0,26.11,26.11,27.22,22,23,25,26,26,27
157,22.78,23.89,25.0,27.22,27.78,28.89,22,23,25,27,27,28
167,12.78,12.78,12.22,11.11,8.89,7.78,12,12,12,11,8,7
177,6.11,7.22,7.78,7.78,8.89,10.0,6,7,7,7,8,10
187,7.22,7.78,8.89,11.11,11.11,12.22,7,7,8,11,11,12
197,7.78,10.0,12.22,13.89,13.89,16.11,7,10,12,13,13,16
207,8.89,13.89,16.11,18.89,20.0,21.11,8,13,16,18,20,21
217,15.0,17.78,20.0,20.0,20.0,18.89,15,17,20,20,20,18
227,12.78,17.22,20.0,20.0,18.89,16.11,12,17,20,20,18,16
237,11.11,12.22,17.78,20.0,22.22,25.0,11,12,17,20,22,25
247,26.11,37.22,27.22,27.78,27.78,27.78,26,37,27,27,27,27
257,21.11,23.89,25.0,27.22,27.22,27.22,21,23,25,27,27,27
267,15.0,18.89,22.78,27.78,26.11,25.0,15,18,22,27,26,25
277,13.89,20.0,22.78,25.0,26.11,26.11,13,20,22,25,26,26
287,17.78,20.0,22.22,23.89,26.11,27.22,17,20,22,23,26,27
297,18.89,21.11,23.89,25.0,27.22,27.78,18,21,23,25,27,27
307,21.11,22.78,25.0,27.78,27.78,28.89,21,22,25,27,27,28
317,22.78,23.89,27.78,27.78,27.78,22.78,22,23,27,27,27,22
18,22.78,26.11,27.78,28.89,30.0,30.0,22,26,27,28,30,30
28,17.22,17.22,17.22,17.22,17.22,16.11,17,17,17,17,17,16
38,12.78,13.89,15.0,16.11,17.22,17.78,12,13,15,16,17,17
48,10.0,11.11,13.89,16.11,17.22,17.22,10,11,13,16,17,17
58,13.89,17.22,18.89,20.0,21.11,20.0,13,17,18,20,21,20
68,16.11,17.78,18.89,21.11,22.22,22.78,16,17,18,21,22,22
78,13.89,17.78,20.0,22.22,23.89,25.0,13,17,20,22,23,25
88,16.11,17.22,18.89,20.0,21.11,21.11,16,17,18,20,21,21
98,12.22,12.78,12.78,16.11,16.11,16.11,12,12,12,16,16,16
108,16.11,17.78,18.89,20.0,20.0,20.0,16,17,18,20,20,20
118,16.11,17.22,17.78,17.78,17.78,17.22,16,17,17,17,17,17
128,16.11,16.11,16.11,16.11,16.11,16.11,16,16,16,16,16,16
138,17.22,16.11,16.11,16.11,15.0,15.0,17,16,16,16,15,15
148,13.89,13.89,16.11,17.22,17.78,18.89,13,13,16,17,17,18
158,10.0,10.0,12.22,17.78,18.89,20.0,10,10,12,17,18,20
168,12.78,13.89,15.0,18.89,18.89,20.0,12,13,15,18,18,20
178,11.11,12.22,15.0,17.78,18.89,21.11,11,12,15,17,18,21
188,12.78,13.89,18.89,22.22,23.89,25.0,12,13,18,22,23,25
198,21.11,22.22,22.78,22.78,22.78,25.0,21,22,22,22,22,25
208,12.22,12.78,13.89,13.89,16.11,16.11,12,12,13,13,16,16
218,8.89,11.11,13.89,15.0,16.11,16.11,8,11,13,15,16,16
228,12.78,13.89,17.22,18.89,20.0,21.11,12,13,17,18,20,21
238,18.89,21.11,22.78,25.0,26.11,26.11,18,21,22,25,26,26
248,25.0,27.22,28.89,30.0,31.11,32.78,25,27,28,30,31,32
258,27.22,28.89,32.22,32.22,32.78,32.22,27,28,32,32,32,32
268,22.78,23.89,26.11,27.22,27.22,27.22,22,23,26,27,27,27
278,20.0,21.11,20.0,21.11,21.11,22.22,20,21,20,21,21,22
288,18.89,20.0,22.78,25.0,26.11,26.11,18,20,22,25,26,26
298,27.78,30.0,30.0,32.22,32.78,33.89,27,30,30,32,32,33
308,12.22,12.78,12.78,13.89,12.78,12.78,12,12,12,13,12,12
318,13.89,15.0,17.22,17.78,18.89,20.0,13,15,17,17,18,20
19,16.11,18.89,22.22,23.89,26.11,27.22,16,18,22,23,26,27
29,22.78,25.0,27.22,27.78,28.89,31.11,22,25,27,27,28,31
39,23.89,25.0,27.78,30.0,31.11,32.22,23,25,27,30,31,32
49,28.89,30.0,30.0,31.11,32.22,28.89,28,30,30,31,32,28
59,17.22,17.22,17.78,17.78,17.22,17.78,17,17,17,17,17,17
69,16.11,17.22,17.78,17.78,20.0,20.0,16,17,17,17,20,20
79,18.89,22.22,26.11,30.0,32.78,33.89,18,22,26,30,32,33
89,21.11,22.78,25.0,26.11,27.22,27.22,21,22,25,26,27,27
99,20.0,22.22,22.22,22.78,23.89,22.78,20,22,22,22,23,22
109,30.0,32.22,36.11,36.11,35.0,32.78,30,32,36,36,35,32
119,15.0,15.0,17.22,18.89,20.0,22.78,15,15,17,18,20,22
129,13.89,13.89,16.11,16.11,17.22,17.78,13,13,16,16,17,17
139,18.89,21.11,22.22,22.78,23.89,25.0,18,21,22,22,23,25
149,18.89,18.89,17.78,17.78,17.78,17.78,18,18,17,17,17,17
159,16.11,17.22,17.78,17.78,17.78,17.22,16,17,17,17,17,17
169,13.89,15.0,15.0,15.0,16.11,16.11,13,15,15,15,16,16
179,17.22,17.78,18.89,20.0,21.11,22.22,17,17,18,20,21,22
189,15.0,17.22,17.78,18.89,20.0,21.11,15,17,17,18,20,21
199,17.78,20.0,21.11,22.22,22.78,23.89,17,20,21,22,22,23
209,17.78,18.89,22.22,25.0,27.22,28.89,17,18,22,25,27,28
219,27.78,28.89,31.11,35.0,35.0,35.0,27,28,31,35,35,35
229,18.89,18.89,18.89,20.0,20.0,21.11,18,18,18,20,20,21
239,17.22,17.22,17.78,18.89,18.89,20.0,17,17,17,18,18,20
249,16.11,17.78,20.0,21.11,22.22,22.78,16,17,20,21,22,22
259,18.89,22.22,23.89,25.0,27.22,27.22,18,22,23,25,27,27
269,22.22,22.78,25.0,27.22,28.89,28.89,22,22,25,27,28,28
279,17.78,20.0,21.11,22.78,23.89,23.89,17,20,21,22,23,23
289,17.78,18.89,18.89,20.0,18.89,20.0,17,18,18,20,18,20
299,15.0,15.0,16.11,15.0,16.11,15.0,15,15,16,15,16,15
309,17.78,18.89,20.0,22.22,22.78,23.89,17,18,20,22,22,23
110,16.11,16.11,20.0,22.78,25.0,27.78,16,16,20,22,25,27
210,16.11,16.11,17.22,18.89,18.89,20.0,16,16,17,18,18,20
310,17.78,18.89,21.11,21.11,22.22,22.78,17,18,21,21,22,22
410,22.78,25.0,27.22,27.78,30.0,30.0,22,25,27,27,30,30
510,26.11,27.78,32.22,32.22,32.22,32.22,26,27,32,32,32,32
610,22.78,22.78,25.0,26.11,26.11,25.0,22,22,25,26,26,25
710,17.78,20.0,21.11,22.22,22.78,23.89,17,20,21,22,22,23
810,21.11,22.22,23.89,25.0,26.11,26.11,21,22,23,25,26,26
910,20.0,22.78,23.89,23.89,25.0,27.22,20,22,23,23,25,27
1010,18.89,21.11,21.11,22.22,22.78,22.78,18,21,21,22,22,22
1110,15.0,16.11,16.11,16.11,17.78,17.22,15,16,16,16,17,17
1210,17.78,18.89,17.78,17.78,18.89,20.0,17,18,17,17,18,20
1310,17.78,17.78,17.22,17.78,17.78,17.22,17,17,17,17,17,17
1410,15.0,17.22,17.78,17.78,18.89,20.0,15,17,17,17,18,20
1510,13.89,17.78,20.0,22.22,22.22,22.78,13,17,20,22,22,22
1610,16.11,18.89,20.0,23.89,23.89,26.11,16,18,20,23,23,26
1710,22.78,25.0,27.78,28.89,31.11,32.22,22,25,27,28,31,32
1810,22.22,22.22,21.11,22.22,22.78,25.0,22,22,21,22,22,25
1910,18.89,21.11,21.11,22.22,22.78,22.78,18,21,21,22,22,22
2010,18.89,20.0,22.22,22.78,23.89,25.0,18,20,22,22,23,25
2110,18.89,18.89,20.0,21.11,22.22,22.78,18,18,20,21,22,22
2210,13.89,13.89,16.11,17.78,17.78,18.89,13,13,16,17,17,18
2310,12.78,16.11,17.78,17.78,18.89,20.0,12,16,17,17,18,20
2410,17.22,20.0,21.11,22.78,25.0,25.0,17,20,21,22,25,25
2510,20.0,20.0,22.22,22.78,25.0,25.0,20,20,22,22,25,25
2610,18.89,21.11,22.78,23.89,25.0,25.0,18,21,22,23,25,25
2710,23.89,25.0,26.11,27.22,26.11,22.78,23,25,26,27,26,22
2810,15.0,15.0,16.11,17.22,17.22,17.78,15,15,16,17,17,17
2910,18.89,20.0,22.22,23.89,25.0,25.0,18,20,22,23,25,25
3010,20.0,22.78,22.78,26.11,26.11,27.78,20,22,22,26,26,27
3110,17.78,20.0,21.11,21.11,22.78,23.89,17,20,21,21,22,23
111,21.11,25.0,26.11,27.22,27.22,27.22,21,25,26,27,27,27
211,17.22,20.0,22.22,25.0,27.22,28.89,17,20,22,25,27,28
311,18.89,21.11,22.22,22.78,25.0,25.0,18,21,22,22,25,25
411,18.89,20.0,20.0,20.0,21.11,22.22,18,20,20,20,21,22
511,17.22,20.0,22.22,22.78,22.78,23.89,17,20,22,22,22,23
611,16.11,18.89,21.11,22.22,22.78,23.89,16,18,21,22,22,23
711,17.78,20.0,22.78,25.0,26.11,27.78,17,20,22,25,26,27
811,20.0,21.11,22.22,22.78,23.89,23.89,20,21,22,22,23,23
911,18.89,22.22,23.89,25.0,27.22,27.78,18,22,23,25,27,27
1011,17.78,18.89,20.0,21.11,22.78,23.89,17,18,20,21,22,23
1111,22.78,25.0,26.11,27.22,27.78,27.78,22,25,26,27,27,27
1211,18.89,18.89,20.0,22.22,22.78,23.89,18,18,20,22,22,23
1311,22.22,23.89,26.11,27.22,27.78,28.89,22,23,26,27,27,28
1411,20.0,27.78,31.11,31.11,32.22,32.78,20,27,31,31,32,32
1511,27.22,27.78,31.11,32.78,35.0,36.11,27,27,31,32,35,36
1611,25.0,26.11,23.89,22.22,17.78,17.78,25,26,23,22,17,17
1711,17.22,17.22,18.89,20.0,22.22,23.89,17,17,18,20,22,23
1811,25.0,23.89,25.0,26.11,26.11,26.11,25,23,25,26,26,26
1911,16.11,21.11,22.22,22.78,25.0,26.11,16,21,22,22,25,26
2011,18.89,21.11,23.89,26.11,27.22,28.89,18,21,23,26,27,28
2111,20.0,20.0,22.22,22.78,23.89,25.0,20,20,22,22,23,25
2211,16.11,17.78,18.89,21.11,22.22,23.89,16,17,18,21,22,23
2311,22.22,25.0,27.78,28.89,30.0,31.11,22,25,27,28,30,31
2411,22.78,27.22,28.89,31.11,31.11,32.22,22,27,28,31,31,32
2511,17.22,17.22,17.22,17.22,16.11,15.0,17,17,17,17,16,15
2611,17.22,17.78,18.89,20.0,21.11,22.22,17,17,18,20,21,22
2711,20.0,22.78,25.0,26.11,27.22,27.78,20,22,25,26,27,27
2811,20.0,22.22,25.0,27.22,27.78,28.89,20,22,25,27,27,28
2911,22.22,25.0,26.11,27.22,27.78,27.78,22,25,26,27,27,27
3011,20.0,22.22,23.89,25.0,26.11,27.22,20,22,23,25,26,27
112,21.11,22.78,23.89,26.11,27.78,27.78,21,22,23,26,27,27
212,22.22,23.89,26.11,27.78,28.89,31.11,22,23,26,27,28,31
312,26.11,27.78,28.89,27.22,27.22,25.0,26,27,28,27,27,25
412,21.11,21.11,21.11,21.11,22.22,22.78,21,21,21,21,22,22
512,18.89,18.89,20.0,22.22,25.0,25.0,18,18,20,22,25,25
612,23.89,27.22,27.78,28.89,31.11,31.11,23,27,27,28,31,31
712,26.11,27.78,28.89,30.0,30.0,31.11,26,27,28,30,30,31
812,27.78,30.0,30.0,31.11,32.22,32.22,27,30,30,31,32,32
912,18.89,22.78,26.11,27.78,31.11,32.78,18,22,26,27,31,32
1012,25.0,32.22,32.78,32.78,33.89,32.78,25,32,32,32,33,32
1112,23.89,23.89,25.0,25.0,27.22,27.22,23,23,25,25,27,27
1212,16.11,18.89,22.22,22.78,25.0,27.22,16,18,22,22,25,27
1312,22.78,27.78,30.0,32.22,33.89,35.0,22,27,30,32,33,35
1412,31.11,32.78,32.22,28.89,28.89,27.22,31,32,32,28,28,27
1512,28.89,30.0,31.11,32.78,32.78,33.89,28,30,31,32,32,33
1612,23.89,27.22,31.11,33.89,36.11,37.22,23,27,31,33,36,37
1712,33.89,33.89,21.11,21.11,23.89,27.22,33,33,21,21,23,27
1812,21.11,22.78,23.89,25.0,25.0,22.78,21,22,23,25,25,22
1912,21.11,22.78,25.0,26.11,27.78,27.78,21,22,25,26,27,27
2012,22.22,25.0,27.22,27.78,26.11,27.22,22,25,27,27,26,27
2112,25.0,27.22,27.78,31.11,31.11,31.11,25,27,27,31,31,31
2212,25.0,27.78,30.0,28.89,28.89,28.89,25,27,30,28,28,28
2312,28.89,30.0,30.0,30.0,23.89,23.89,28,30,30,30,23,23
2412,21.11,22.22,22.78,23.89,25.0,27.22,21,22,22,23,25,27
2512,17.78,21.11,22.22,23.89,25.0,26.11,17,21,22,23,25,26
2612,18.89,21.11,23.89,26.11,27.78,30.0,18,21,23,26,27,30
2712,27.22,28.89,31.11,31.11,32.22,32.22,27,28,31,31,32,32
2812,27.22,28.89,28.89,30.0,30.0,30.0,27,28,28,30,30,30
2912,22.78,25.0,26.11,27.78,28.89,28.89,22,25,26,27,28,28
3012,28.89,31.11,31.11,31.11,30.0,28.89,28,31,31,31,30,28
3112,22.22,23.89,27.22,28.89,30.0,31.11,22,23,27,28,30,31
11,25.0,25.0,26.11,27.22,27.78,27.78,25,25,26,27,27,27
21,22.78,23.89,25.0,26.11,27.22,27.78,22,23,25,26,27,27
31,22.22,25.0,27.78,28.89,30.0,30.0,22,25,27,28,30,30
41,25.0,27.78,30.0,31.11,32.78,33.89,25,27,30,31,32,33
51,27.22,30.0,32.22,32.78,33.89,35.0,27,30,32,32,33,35
61,20.0,21.11,21.11,22.22,22.22,22.22,20,21,21,22,22,22
71,21.11,23.89,25.0,26.11,27.22,27.22,21,23,25,26,27,27
81,22.22,23.89,25.0,27.22,27.78,28.89,22,23,25,27,27,28
91,21.11,22.78,25.0,27.22,27.78,28.89,21,22,25,27,27,28
101,25.0,27.78,30.0,31.11,31.11,32.22,25,27,30,31,31,32
111,25.0,27.22,27.78,30.0,31.11,32.22,25,27,27,30,31,32
121,26.11,27.22,27.78,28.89,32.22,32.22,26,27,27,28,32,32
131,23.89,26.11,27.78,31.11,31.11,30.0,23,26,27,31,31,30
141,26.11,27.22,27.22,28.89,27.78,30.0,26,27,27,28,27,30
151,22.78,22.78,23.89,25.0,27.78,28.89,22,22,23,25,27,28
161,22.78,23.89,25.0,26.11,27.78,28.89,22,23,25,26,27,28
171,22.78,23.89,27.22,27.22,28.89,30.0,22,23,27,27,28,30
181,25.0,27.22,27.78,28.89,30.0,28.89,25,27,27,28,30,28
191,22.78,25.0,27.22,27.78,28.89,28.89,22,25,27,27,28,28
201,26.11,27.78,31.11,32.22,31.11,31.11,26,27,31,32,31,31
211,22.22,22.22,22.22,22.22,22.22,22.78,22,22,22,22,22,22
221,22.78,22.78,23.89,23.89,25.0,27.78,22,22,23,23,25,27
231,26.11,27.78,27.22,27.22,25.0,22.78,26,27,27,27,25,22
241,28.89,31.11,31.11,30.0,30.0,28.89,28,31,31,30,30,28
251,21.11,22.78,26.11,26.11,27.22,27.78,21,22,26,26,27,27
261,20.0,22.22,23.89,26.11,27.22,27.78,20,22,23,26,27,27
271,22.78,27.78,27.78,28.89,27.78,23.89,22,27,27,28,27,23
281,25.0,26.11,27.22,27.78,27.78,28.89,25,26,27,27,27,28
291,22.78,25.0,25.0,26.11,27.78,27.78,22,25,25,26,27,27
301,22.22,25.0,26.11,27.22,27.78,28.89,22,25,26,27,27,28
311,23.89,25.0,27.22,27.78,28.89,30.0,23,25,27,27,28,30
12,21.11,22.78,25.0,26.11,27.78,28.89,21,22,25,26,27,28
22,20.0,20.0,22.78,26.11,27.78,28.89,20,20,22,26,27,28
32,23.89,25.0,26.11,27.78,28.89,28.89,23,25,26,27,28,28
42,20.0,22.22,25.0,26.11,27.22,27.78,20,22,25,26,27,27
52,25.0,27.22,28.89,30.0,28.89,30.0,25,27,28,30,28,30
62,22.22,25.0,27.22,28.89,31.11,32.22,22,25,27,28,31,32
72,21.11,21.11,25.0,26.11,28.89,31.11,21,21,25,26,28,31
82,22.22,25.0,31.11,32.22,33.89,33.89,22,25,31,32,33,33
92,28.89,32.22,32.22,32.78,36.11,26.11,28,32,32,32,36,26
102,22.78,25.0,26.11,27.78,28.89,30.0,22,25,26,27,28,30
112,22.78,23.89,25.0,25.0,26.11,27.22,22,23,25,25,26,27
122,17.78,17.78,20.0,21.11,22.78,22.78,17,17,20,21,22,22
132,17.22,18.89,21.11,22.22,23.89,25.0,17,18,21,22,23,25
142,22.78,23.89,26.11,27.22,27.22,27.78,22,23,26,27,27,27
152,18.89,21.11,22.78,25.0,26.11,27.22,18,21,22,25,26,27
162,18.89,23.89,26.11,27.78,28.89,28.89,18,23,26,27,28,28
172,18.89,22.22,26.11,27.78,30.0,31.11,18,22,26,27,30,31
182,25.0,27.78,28.89,30.0,31.11,30.0,25,27,28,30,31,30
192,25.0,26.11,27.22,27.78,27.78,27.78,25,26,27,27,27,27
202,25.0,26.11,25.0,25.0,22.22,22.22,25,26,25,25,22,22
212,26.11,27.22,27.78,28.89,25.0,25.0,26,27,27,28,25,25
222,22.22,23.89,25.0,26.11,26.11,26.11,22,23,25,26,26,26
232,20.0,22.22,23.89,25.0,26.11,27.22,20,22,23,25,26,27
242,21.11,23.89,25.0,26.11,27.78,27.78,21,23,25,26,27,27
252,22.78,23.89,26.11,26.11,27.78,28.89,22,23,26,26,27,28
262,22.78,23.89,26.11,27.78,28.89,30.0,22,23,26,27,28,30
272,22.78,23.89,26.11,27.78,28.89,30.0,22,23,26,27,28,30
282,20.0,22.78,26.11,27.78,28.89,30.0,20,22,26,27,28,30
13,22.22,22.22,23.89,26.11,27.22,28.89,22,22,23,26,27,28
23,22.22,23.89,27.22,27.78,30.0,30.0,22,23,27,27,30,30
33,22.22,22.78,26.11,27.22,27.78,28.89,22,22,26,27,27,28
43,22.78,25.0,27.78,28.89,30.0,32.22,22,25,27,28,30,32
53,27.78,26.11,23.89,22.22,22.78,22.22,27,26,23,22,22,22
63,25.0,27.22,27.78,27.78,27.78,30.0,25,27,27,27,27,30
73,17.78,18.89,21.11,22.78,23.89,23.89,17,18,21,22,23,23
83,12.78,12.78,12.78,17.78,20.0,22.22,12,12,12,17,20,22
93,17.78,20.0,22.22,25.0,27.22,27.78,17,20,22,25,27,27
103,18.89,22.22,26.11,27.78,32.22,33.89,18,22,26,27,32,33
113,27.22,32.22,32.78,33.89,33.89,32.78,27,32,32,33,33,32
123,18.89,20.0,21.11,22.22,22.78,23.89,18,20,21,22,22,23
133,21.11,23.89,23.89,26.11,27.78,27.78,21,23,23,26,27,27
143,21.11,23.89,27.22,30.0,31.11,32.22,21,23,27,30,31,32
153,23.89,25.0,25.0,26.11,27.22,27.78,23,25,25,26,27,27
163,17.22,20.0,22.22,22.78,25.0,26.11,17,20,22,22,25,26
173,21.11,23.89,27.22,28.89,31.11,31.11,21,23,27,28,31,31
183,31.11,32.78,35.0,35.0,37.22,37.22,31,32,35,35,37,37
193,18.89,20.0,21.11,22.22,22.78,23.89,18,20,21,22,22,23
203,17.22,17.22,17.78,18.89,20.0,22.22,17,17,17,18,20,22
213,17.22,17.78,21.11,22.78,22.78,25.0,17,17,21,22,22,25
223,17.22,20.0,22.22,22.78,25.0,26.11,17,20,22,22,25,26
233,17.78,20.0,22.22,25.0,27.78,28.89,17,20,22,25,27,28
243,26.11,23.89,20.0,20.0,18.89,18.89,26,23,20,20,18,18
253,18.89,18.89,18.89,20.0,20.0,20.0,18,18,18,20,20,20
263,15.0,17.78,18.89,21.11,21.11,22.22,15,17,18,21,21,22
273,22.22,22.78,25.0,23.89,25.0,25.0,22,22,25,23,25,25
283,22.22,22.78,23.89,25.0,26.11,27.22,22,22,23,25,26,27
293,21.11,22.22,23.89,26.11,27.22,27.78,21,22,23,26,27,27
303,22.22,22.78,23.89,26.11,27.22,27.78,22,22,23,26,27,27
313,22.22,21.11,21.11,22.22,22.78,22.22,22,21,21,22,22,22
14,21.11,22.22,22.78,25.0,26.11,27.22,21,22,22,25,26,27
24,20.0,22.22,22.78,23.89,26.11,25.0,20,22,22,23,26,25
34,22.78,23.89,25.0,26.11,26.11,26.11,22,23,25,26,26,26
44,20.0,21.11,21.11,25.0,26.11,26.11,20,21,21,25,26,26
54,17.78,18.89,21.11,23.89,26.11,27.78,17,18,21,23,26,27
64,17.22,17.78,18.89,23.89,26.11,27.22,17,17,18,23,26,27
74,17.78,20.0,23.89,27.22,28.89,30.0,17,20,23,27,28,30
84,18.89,23.89,27.22,28.89,31.11,31.11,18,23,27,28,31,31
94,23.89,26.11,27.78,30.0,30.0,31.11,23,26,27,30,30,31
104,23.89,26.11,27.78,32.22,32.78,32.78,23,26,27,32,32,32
114,26.11,28.89,31.11,32.22,33.89,35.0,26,28,31,32,33,35
124,28.89,31.11,32.22,33.89,33.89,35.0,28,31,32,33,33,35
134,17.78,17.78,17.78,17.78,18.89,18.89,17,17,17,17,18,18
144,17.22,17.22,17.78,17.78,17.78,17.78,17,17,17,17,17,17
154,17.78,18.89,22.22,23.89,25.0,25.0,17,18,22,23,25,25
164,18.89,22.22,23.89,25.0,26.11,27.22,18,22,23,25,26,27
174,22.22,23.89,25.0,26.11,27.78,27.78,22,23,25,26,27,27
184,22.78,26.11,27.78,27.78,30.0,31.11,22,26,27,27,30,31
194,23.89,27.22,28.89,30.0,31.11,32.22,23,27,28,30,31,32
204,25.0,27.22,31.11,31.11,32.22,31.11,25,27,31,31,32,31
214,20.0,20.0,20.0,20.0,21.11,21.11,20,20,20,20,21,21
224,23.89,26.11,27.78,28.89,30.0,30.0,23,26,27,28,30,30
234,23.89,22.22,22.22,22.78,23.89,25.0,23,22,22,22,23,25
244,22.22,22.78,23.89,25.0,25.0,27.22,22,22,23,25,25,27
254,21.11,22.22,22.78,25.0,27.22,27.22,21,22,22,25,27,27
264,21.11,22.22,22.22,22.22,25.0,26.11,21,22,22,22,25,26
274,20.0,21.11,22.22,26.11,27.78,28.89,20,21,22,26,27,28
284,22.22,23.89,27.22,28.89,30.0,32.22,22,23,27,28,30,32
294,20.0,23.89,27.22,28.89,31.11,32.22,20,23,27,28,31,32
304,21.11,21.11,22.22,22.22,22.22,22.22,21,21,22,22,22,22
15,20.0,20.0,20.0,20.0,20.0,18.89,20,20,20,20,20,18
25,17.78,20.0,21.11,22.22,22.78,22.78,17,20,21,22,22,22
35,20.0,20.0,21.11,22.22,21.11,21.11,20,20,21,22,21,21
45,22.22,22.78,25.0,26.11,27.22,26.11,22,22,25,26,27,26
55,20.0,21.11,21.11,22.22,23.89,23.89,20,21,21,22,23,23
65,22.22,22.78,22.78,25.0,26.11,26.11,22,22,22,25,26,26
75,20.0,22.22,22.78,25.0,26.11,26.11,20,22,22,25,26,26
85,18.89,21.11,22.78,25.0,25.0,26.11,18,21,22,25,25,26
95,22.22,22.78,23.89,23.89,25.0,25.0,22,22,23,23,25,25
105,22.78,25.0,26.11,26.11,26.11,26.11,22,25,26,26,26,26
115,20.0,20.0,21.11,22.22,22.22,22.22,20,20,21,22,22,22
125,18.89,20.0,18.89,20.0,21.11,22.22,18,20,18,20,21,22
135,13.89,16.11,17.22,18.89,20.0,21.11,13,16,17,18,20,21
145,13.89,17.22,22.78,25.0,26.11,27.22,13,17,22,25,26,27
155,17.78,20.0,21.11,22.22,22.22,21.11,17,20,21,22,22,21
165,17.22,17.78,17.78,18.89,20.0,18.89,17,17,17,18,20,18
175,8.89,12.22,15.0,16.11,18.89,18.89,8,12,15,16,18,18
185,13.89,13.89,13.89,15.0,15.0,15.0,13,13,13,15,15,15
195,12.22,12.78,12.78,13.89,15.0,16.11,12,12,12,13,15,16
205,11.11,12.22,12.78,13.89,13.89,15.0,11,12,12,13,13,15
215,11.11,12.78,13.89,15.0,16.11,16.11,11,12,13,15,16,16
225,11.11,13.89,15.0,16.11,17.22,16.11,11,13,15,16,17,16
235,7.78,12.22,13.89,15.0,17.22,17.22,7,12,13,15,17,17
245,7.22,10.0,12.78,15.0,16.11,17.22,7,10,12,15,16,17
255,7.78,12.22,13.89,16.11,17.78,18.89,7,12,13,16,17,18
265,10.0,10.0,11.11,12.22,15.0,17.78,10,10,11,12,15,17
275,17.22,18.89,22.22,22.78,25.0,27.22,17,18,22,22,25,27
285,22.22,23.89,25.0,27.78,27.78,28.89,22,23,25,27,27,28
295,21.11,22.78,26.11,26.11,26.11,27.22,21,22,26,26,26,27
305,20.0,22.22,25.0,26.11,27.22,27.78,20,22,25,26,27,27
315,17.78,18.89,18.89,17.78,17.78,17.22,17,18,18,17,17,17
16,17.78,17.78,18.89,18.89,18.89,17.22,17,17,18,18,18,17
26,11.11,11.11,12.22,12.22,12.78,12.22,11,11,12,12,12,12
36,7.22,8.89,8.89,10.0,11.11,12.22,7,8,8,10,11,12
46,11.11,12.22,13.89,15.0,15.0,15.0,11,12,13,15,15,15
56,12.22,12.78,13.89,13.89,13.89,15.0,12,12,13,13,13,15
66,8.89,10.0,11.11,12.22,13.89,15.0,8,10,11,12,13,15
76,8.89,12.22,13.89,16.11,16.11,17.22,8,12,13,16,16,17
86,7.78,12.22,13.89,16.11,16.11,17.22,7,12,13,16,16,17
96,10.0,12.78,17.22,18.89,22.22,22.22,10,12,17,18,22,22
106,22.78,22.78,22.78,25.0,27.22,28.89,22,22,22,25,27,28
116,27.22,27.22,27.78,28.89,28.89,30.0,27,27,27,28,28,30
126,16.11,17.22,17.22,17.22,15.0,16.11,16,17,17,17,15,16
136,10.0,11.11,12.22,12.78,12.78,12.22,10,11,12,12,12,12
146,7.22,7.78,7.78,8.89,8.89,10.0,7,7,7,8,8,10
156,2.78,6.11,7.22,7.78,8.89,10.0,2,6,7,7,8,10
166,8.89,10.0,11.11,12.22,12.22,12.22,8,10,11,12,12,12
176,2.78,7.22,8.89,11.11,12.22,12.22,2,7,8,11,12,12
186,3.89,5.0,7.22,8.89,11.11,12.78,3,5,7,8,11,12
196,7.78,7.78,8.89,11.11,16.11,17.78,7,7,8,11,16,17
206,8.89,12.78,17.78,18.89,22.22,23.89,8,12,17,18,22,23
216,18.89,23.89,26.11,26.11,27.22,27.22,18,23,26,26,27,27
226,7.78,11.11,12.78,13.89,16.11,17.22,7,11,12,13,16,17
236,23.89,25.0,25.0,25.0,25.0,22.22,23,25,25,25,25,22
246,11.11,11.11,11.11,10.0,11.11,11.11,11,11,11,10,11,11
256,11.11,11.11,11.11,11.11,12.22,11.11,11,11,11,11,12,11
266,11.11,12.22,12.22,13.89,15.0,16.11,11,12,12,13,15,16
276,7.22,7.78,11.11,12.78,15.0,13.89,7,7,11,12,15,13
286,12.22,12.78,13.89,13.89,13.89,13.89,12,12,13,13,13,13
296,16.11,16.11,17.22,17.22,17.22,17.22,16,16,17,17,17,17
306,13.89,15.0,15.0,16.11,17.22,17.78,13,15,15,16,17,17
17,15.0,15.0,16.11,17.78,20.0,21.11,15,15,16,17,20,21
27,25.0,22.22,21.11,22.22,22.22,23.89,25,22,21,22,22,23
37,10.0,10.0,11.11,12.22,12.22,12.22,10,10,11,12,12,12
47,7.78,8.89,10.0,10.0,10.0,10.0,7,8,10,10,10,10
57,11.11,12.22,12.22,12.78,12.78,12.78,11,12,12,12,12,12
67,12.78,12.78,13.89,15.0,15.0,15.0,12,12,13,15,15,15
77,15.0,16.11,17.22,20.0,20.0,21.11,15,16,17,20,20,21
87,12.22,12.22,12.78,12.78,13.89,12.78,12,12,12,12,13,12
97,10.0,11.11,11.11,12.22,12.22,12.22,10,11,11,12,12,12
107,8.89,10.0,11.11,11.11,12.22,12.22,8,10,11,11,12,12
117,7.22,7.78,11.11,13.89,13.89,15.0,7,7,11,13,13,15
127,6.11,7.22,7.78,10.0,11.11,15.0,6,7,7,10,11,15
137,7.22,11.11,13.89,17.22,18.89,18.89,7,11,13,17,18,18
147,15.0,18.89,22.22,22.78,26.11,27.22,15,18,22,22,26,27
157,25.0,26.11,27.78,27.22,28.89,28.89,25,26,27,27,28,28
167,13.89,15.0,15.0,16.11,16.11,16.11,13,15,15,16,16,16
177,16.11,17.22,16.11,17.22,20.0,18.89,16,17,16,17,20,18
187,22.22,25.0,27.22,28.89,30.0,30.0,22,25,27,28,30,30
197,23.89,26.11,27.78,28.89,28.89,28.89,23,26,27,28,28,28
207,15.0,13.89,12.78,12.22,12.22,12.22,15,13,12,12,12,12
217,8.89,10.0,11.11,12.22,12.78,13.89,8,10,11,12,12,13
227,6.11,7.78,7.78,10.0,11.11,12.78,6,7,7,10,11,12
237,12.22,12.78,12.78,12.78,12.78,12.78,12,12,12,12,12,12
247,10.0,10.0,11.11,11.11,11.11,12.22,10,10,11,11,11,12
257,12.78,13.89,13.89,15.0,15.0,15.0,12,13,13,15,15,15
267,12.78,12.78,13.89,13.89,15.0,15.0,12,12,13,13,15,15
277,10.0,11.11,12.22,12.22,13.89,13.89,10,11,12,12,13,13
287,12.78,12.78,11.11,11.11,12.22,12.22,12,12,11,11,12,12
297,12.22,12.78,12.78,15.0,16.11,16.11,12,12,12,15,16,16
307,11.11,12.78,13.89,15.0,16.11,17.22,11,12,13,15,16,17
317,7.22,11.11,12.22,13.89,12.78,15.0,7,11,12,13,12,15
18,7.22,11.11,12.22,12.78,13.89,13.89,7,11,12,12,13,13
28,7.78,8.89,11.11,12.78,15.0,17.22,7,8,11,12,15,17
38,12.22,12.78,15.0,16.11,17.22,17.22,12,12,15,16,17,17
48,15.0,15.0,15.0,13.89,16.11,16.11,15,15,15,13,16,16
58,10.0,10.0,11.11,12.22,12.22,12.78,10,10,11,12,12,12
68,10.0,13.89,16.11,17.78,18.89,18.89,10,13,16,17,18,18
78,10.0,12.78,16.11,18.89,22.78,23.89,10,12,16,18,22,23
88,15.0,17.78,18.89,17.22,17.22,16.11,15,17,18,17,17,16
98,7.78,8.89,8.89,8.89,10.0,10.0,7,8,8,8,10,10
108,7.22,7.78,10.0,10.0,12.22,12.22,7,7,10,10,12,12
118,15.0,15.0,15.0,15.0,12.78,11.11,15,15,15,15,12,11
128,10.0,13.89,16.11,17.78,18.89,20.0,10,13,16,17,18,20
138,11.11,12.22,12.22,12.78,17.78,22.22,11,12,12,12,17,22
148,12.78,17.22,21.11,22.78,23.89,22.78,12,17,21,22,23,22
158,12.78,13.89,16.11,16.11,17.22,17.22,12,13,16,16,17,17
168,11.11,12.78,15.0,16.11,17.22,18.89,11,12,15,16,17,18
178,10.0,10.0,11.11,12.22,12.78,17.22,10,10,11,12,12,17
188,17.22,20.0,23.89,25.0,26.11,27.78,17,20,23,25,26,27
198,21.11,22.78,23.89,21.11,18.89,17.78,21,22,23,21,18,17
208,7.22,7.22,7.78,8.89,8.89,8.89,7,7,7,8,8,8
218,7.78,8.89,10.0,10.0,11.11,11.11,7,8,10,10,11,11
228,11.11,11.11,11.11,12.22,11.11,11.11,11,11,11,12,11,11
238,11.11,12.78,13.89,16.11,17.22,17.78,11,12,13,16,17,17
248,16.11,15.0,16.11,16.11,17.22,17.78,16,15,16,16,17,17
258,13.89,13.89,15.0,15.0,11.11,8.89,13,13,15,15,11,8
268,7.78,11.11,12.22,12.78,13.89,15.0,7,11,12,12,13,15
278,8.89,8.89,7.78,9.2,10.0,10.0,8,8,7,9,10,10
288,20.0,22.22,22.78,23.89,23.89,25.0,20,22,22,23,23,25
298,17.78,17.78,17.78,17.22,17.78,21.11,17,17,17,17,17,21
308,20.0,18.89,18.89,17.78,18.89,17.78,20,18,18,17,18,17
318,17.78,18.89,18.89,20.0,20.0,20.0,17,18,18,20,20,20
19,15.0,15.0,16.11,16.11,16.11,16.11,15,15,16,16,16,16
29,16.11,17.22,17.22,17.22,17.22,17.22,16,17,17,17,17,17
39,15.0,16.11,17.78,18.89,18.89,18.89,15,16,17,18,18,18
49,12.22,12.78,13.89,15.0,16.11,17.22,12,12,13,15,16,17
59,12.22,15.0,18.89,20.0,21.11,21.11,12,15,18,20,21,21
69,17.78,20.0,22.78,23.89,26.11,27.22,17,20,22,23,26,27
79,8.89,12.22,16.11,22.78,23.89,25.0,8,12,16,22,23,25
89,16.11,17.78,21.11,22.78,23.89,25.0,16,17,21,22,23,25
99,17.78,17.78,18.89,20.0,20.0,20.0,17,17,18,20,20,20
109,16.11,16.11,17.22,17.78,20.0,22.22,16,16,17,17,20,22
119,16.11,17.22,18.89,20.0,21.11,20.0,16,17,18,20,21,20
129,16.11,17.78,20.0,21.11,22.78,22.78,16,17,20,21,22,22
139,15.0,17.22,18.89,21.11,23.89,23.89,15,17,18,21,23,23
149,17.78,17.78,17.78,17.78,20.0,20.0,17,17,17,17,20,20
159,16.11,17.22,18.89,21.11,22.22,22.78,16,17,18,21,22,22
169,18.89,20.0,21.11,22.78,22.78,22.78,18,20,21,22,22,22
179,17.22,17.78,18.89,18.89,18.89,20.0,17,17,18,18,18,20
189,18.89,18.89,20.0,21.11,22.78,23.89,18,18,20,21,22,23
199,20.0,23.89,26.11,27.78,27.78,28.89,20,23,26,27,27,28
209,16.11,20.0,22.22,22.78,22.78,22.22,16,20,22,22,22,22
219,18.89,21.11,22.78,25.0,27.22,27.78,18,21,22,25,27,27
229,27.22,28.89,32.22,32.78,33.89,33.89,27,28,32,32,33,33
239,20.0,21.11,20.0,22.78,20.0,18.89,20,21,20,22,20,18
249,18.89,18.89,21.11,20.0,20.0,21.11,18,18,21,20,20,21
259,17.78,17.22,17.78,17.78,18.89,17.78,17,17,17,17,18,17
269,17.78,18.89,18.89,21.11,22.22,22.22,17,18,18,21,22,22
279,20.0,21.11,22.22,22.78,23.89,23.89,20,21,22,22,23,23
289,20.0,21.11,22.78,23.89,25.0,26.11,20,21,22,23,25,26
299,26.11,27.78,30.0,32.22,32.78,32.78,26,27,30,32,32,32
309,20.0,25.0,22.78,22.78,23.89,22.78,20,25,22,22,23,22
110,22.22,17.22,18.89,21.11,22.22,22.22,22,17,18,21,22,22
210,12.78,12.78,15.0,16.11,16.11,16.11,12,12,15,16,16,16
310,13.89,16.11,17.22,17.78,17.78,20.0,13,16,17,17,17,20
410,12.78,17.22,18.89,20.0,21.11,22.78,12,17,18,20,21,22
510,16.11,17.22,18.89,21.11,20.0,21.11,16,17,18,21,20,21
610,15.0,16.11,18.89,20.0,21.11,22.22,15,16,18,20,21,22
710,17.78,21.11,23.89,26.11,27.22,27.78,17,21,23,26,27,27
810,22.78,25.0,27.22,27.78,28.89,28.89,22,25,27,27,28,28
910,27.22,28.89,26.11,21.11,22.22,22.78,27,28,26,21,22,22
1010,18.89,21.11,21.11,22.22,22.22,22.22,18,21,21,22,22,22
1110,16.11,17.78,18.89,20.0,22.22,22.22,16,17,18,20,22,22
1210,18.89,20.0,23.89,26.11,25.0,22.78,18,20,23,26,25,22
1310,17.22,17.22,17.78,17.78,20.0,20.0,17,17,17,17,20,20
1410,17.78,21.11,21.11,22.22,22.22,22.78,17,21,21,22,22,22
1510,17.22,18.89,21.11,22.22,23.89,25.0,17,18,21,22,23,25
1610,22.22,22.78,25.0,26.11,27.22,27.22,22,22,25,26,27,27
1710,26.11,27.78,27.78,27.22,26.11,27.78,26,27,27,27,26,27
1810,22.22,22.78,23.89,27.22,27.22,28.89,22,22,23,27,27,28
1910,20.0,22.22,23.89,25.0,25.0,25.0,20,22,23,25,25,25
2010,17.22,18.89,21.11,22.22,22.22,22.78,17,18,21,22,22,22
2110,17.78,20.0,21.11,22.78,23.89,25.0,17,20,21,22,23,25
2210,20.0,23.89,26.11,27.22,27.78,28.89,20,23,26,27,27,28
2310,18.89,18.89,18.89,20.0,21.11,22.22,18,18,18,20,21,22
2410,21.11,22.78,23.89,25.0,26.11,26.11,21,22,23,25,26,26
2510,21.11,23.89,25.0,27.22,27.78,27.78,21,23,25,27,27,27
2610,18.89,20.0,21.11,23.89,26.11,26.11,18,20,21,23,26,26
2710,17.22,17.78,20.0,21.11,22.78,23.89,17,17,20,21,22,23
2810,18.89,22.22,23.89,25.0,23.89,23.89,18,22,23,25,23,23
2910,22.22,22.78,26.11,27.22,27.78,27.22,22,22,26,27,27,27
3010,20.0,22.78,26.11,32.22,32.78,35.0,20,22,26,32,32,35
3110,22.22,22.78,22.78,23.89,23.89,23.89,22,22,22,23,23,23
111,21.11,22.22,23.89,22.78,22.78,23.89,21,22,23,22,22,23
211,17.78,21.11,22.78,23.89,26.11,27.22,17,21,22,23,26,27
311,18.89,20.0,21.11,22.22,22.78,22.78,18,20,21,22,22,22
411,16.11,17.22,18.89,20.0,22.78,22.78,16,17,18,20,22,22
511,18.89,21.11,22.78,25.0,27.22,28.89,18,21,22,25,27,28
611,22.78,25.0,26.11,27.78,28.89,30.0,22,25,26,27,28,30
711,21.11,21.11,22.22,22.22,22.78,23.89,21,21,22,22,22,23
811,20.0,22.78,23.89,26.11,27.22,27.78,20,22,23,26,27,27
911,23.89,26.11,27.78,28.89,30.0,32.22,23,26,27,28,30,32
1011,26.11,27.78,30.0,31.11,32.22,32.78,26,27,30,31,32,32
1111,27.78,30.0,31.11,32.22,32.22,32.78,27,30,31,32,32,32
1211,26.11,28.89,31.11,32.22,32.78,35.0,26,28,31,32,32,35
1311,27.22,27.22,27.78,28.89,30.0,31.11,27,27,27,28,30,31
1411,22.22,23.89,25.0,27.22,27.22,27.78,22,23,25,27,27,27
1511,22.22,23.89,25.0,26.11,27.22,27.78,22,23,25,26,27,27
1611,21.11,23.89,25.0,27.22,27.78,28.89,21,23,25,27,27,28
1711,22.22,22.78,20.0,18.89,18.89,20.0,22,22,20,18,18,20
1811,20.0,20.0,20.0,20.0,21.11,22.22,20,20,20,20,21,22
1911,17.22,18.89,20.0,21.11,22.22,22.22,17,18,20,21,22,22
2011,20.0,22.22,26.11,27.78,27.78,28.89,20,22,26,27,27,28
2111,23.89,26.11,28.89,30.0,31.11,32.22,23,26,28,30,31,32
2211,27.22,28.89,32.22,32.78,33.89,33.89,27,28,32,32,33,33
2311,22.78,23.89,26.11,27.22,27.78,27.78,22,23,26,27,27,27
2411,20.0,21.11,25.0,26.11,27.22,27.78,20,21,25,26,27,27
2511,18.89,21.11,21.11,22.78,22.78,25.0,18,21,21,22,22,25
2611,21.11,22.78,23.89,25.0,26.11,27.22,21,22,23,25,26,27
2711,21.11,21.11,22.78,23.89,25.0,25.0,21,21,22,23,25,25
2811,22.22,22.78,22.78,23.89,26.11,26.11,22,22,22,23,26,26
2911,23.89,25.0,27.22,27.22,27.78,28.89,23,25,27,27,27,28
3011,22.78,25.0,27.22,27.22,27.78,28.89,22,25,27,27,27,28
112,25.0,26.11,27.78,27.22,27.22,27.22,25,26,27,27,27,27
212,16.11,17.78,21.11,21.11,22.22,20.0,16,17,21,21,22,20
312,16.11,17.78,20.0,21.11,22.22,22.78,16,17,20,21,22,22
412,22.22,23.89,25.0,26.11,26.11,27.78,22,23,25,26,26,27
512,18.89,21.11,22.22,23.89,25.0,26.11,18,21,22,23,25,26
612,20.0,18.89,20.0,20.0,20.0,21.11,20,18,20,20,20,20
712,16.11,17.78,18.89,20.0,21.11,21.11,16,17,18,20,21,21
812,13.89,17.22,20.0,21.11,22.22,22.78,13,17,20,21,22,22
912,22.78,25.0,26.11,27.78,30.0,31.11,22,25,26,27,30,31
1012,25.0,27.78,31.11,32.22,32.78,32.78,25,27,31,32,32,32
1112,25.0,27.78,31.11,35.0,37.22,38.89,25,27,31,35,37,38
1212,25.0,28.89,30.0,28.89,28.89,28.89,25,28,30,28,28,28
1312,23.89,26.11,28.89,32.22,32.22,32.22,23,26,28,32,32,32
1412,28.89,31.11,31.11,31.11,32.22,32.78,28,31,31,31,32,32
1512,25.0,25.0,25.0,25.0,26.11,25.0,25,25,25,25,26,25
1612,22.78,25.0,27.22,30.0,31.11,32.22,22,25,27,30,31,32
1712,31.11,32.78,35.0,36.11,36.11,37.78,31,32,35,36,36,37
1812,22.22,22.22,22.22,22.22,22.22,21.11,22,22,22,22,22,21
1912,22.22,23.89,25.0,26.11,26.11,23.89,22,23,25,26,26,23
2012,21.11,22.22,21.11,22.22,22.22,22.22,21,22,21,22,22,22
2112,22.78,21.11,22.22,22.78,25.0,26.11,22,21,22,22,25,26
2212,23.89,25.0,25.0,27.22,27.78,28.89,23,25,25,27,27,28
2312,22.78,23.89,26.11,27.22,28.89,28.89,22,23,26,27,28,28
2412,22.22,22.78,23.89,26.11,27.22,27.78,22,22,23,26,27,27
2512,22.22,23.89,26.11,27.22,27.22,28.89,22,23,26,27,27,28
2612,22.22,22.78,25.0,27.22,28.89,30.0,22,22,25,27,28,30
2712,25.0,27.22,28.89,30.0,31.11,32.22,25,27,28,30,31,32
2812,26.11,30.0,32.22,31.11,30.0,32.78,26,30,32,31,30,32
2912,26.11,27.78,30.0,31.11,32.22,32.78,26,27,30,31,32,32
3012,26.11,28.89,31.11,32.78,32.78,30.0,26,28,31,32,32,30
3112,25.0,27.22,27.78,28.89,30.0,31.11,25,27,27,28,30,31
11,26.11,27.78,31.11,31.11,33.89,35.0,26,27,31,31,33,35
21,28.89,28.89,32.78,35.0,37.22,37.78,28,28,32,35,37,37
31,22.78,23.89,23.89,23.89,23.89,26.11,22,23,23,23,23,26
41,18.89,20.0,21.11,22.22,22.78,23.89,18,20,21,22,22,23
51,21.11,22.22,22.78,23.89,25.0,25.0,21,22,22,23,25,25
61,27.22,30.0,31.11,32.22,32.78,32.78,27,30,31,32,32,32
71,27.78,30.0,30.0,31.11,25.0,26.11,27,30,30,31,25,26
81,25.0,25.0,27.22,27.78,25.0,26.11,25,25,27,27,25,26
91,20.0,21.11,20.0,21.11,22.22,22.78,20,21,20,21,22,22
101,25.0,26.11,26.11,27.22,27.22,27.78,25,26,26,27,27,27
111,22.78,22.78,22.78,23.89,25.0,23.89,22,22,22,23,25,23
121,22.22,22.78,23.89,23.89,23.89,25.0,22,22,23,23,23,25
131,23.89,26.11,27.22,28.89,28.89,31.11,23,26,27,28,28,31
141,23.89,26.11,28.89,28.89,31.11,32.22,23,26,28,28,31,32
151,26.11,27.78,31.11,32.22,32.78,33.89,26,27,31,32,32,33
161,26.11,27.22,27.78,27.22,27.78,27.78,26,27,27,27,27,27
171,23.89,25.0,25.0,23.89,22.78,23.89,23,25,25,23,22,23
181,21.11,22.22,22.22,21.11,22.22,22.78,21,22,22,21,22,22
191,17.78,18.89,20.0,22.22,22.22,21.11,17,18,20,22,22,21
201,20.0,21.11,22.22,22.78,23.89,25.0,20,21,22,22,23,25
211,22.22,22.78,23.89,25.0,26.11,27.22,22,22,23,25,26,27
221,22.22,23.89,25.0,27.78,30.0,31.11,22,23,25,27,30,31
231,25.0,27.22,27.78,27.78,30.0,31.11,25,27,27,27,30,31
241,23.89,25.0,27.78,28.89,30.0,31.11,23,25,27,28,30,31
251,25.0,26.11,27.22,27.78,28.89,30.0,25,26,27,27,28,30
261,25.0,27.78,30.0,31.11,32.78,32.78,25,27,30,31,32,32
271,27.22,28.89,31.11,32.22,32.78,35.0,27,28,31,32,32,35
281,28.89,31.11,32.22,32.78,33.89,35.0,28,31,32,32,33,35
291,30.0,32.22,33.89,33.89,35.0,35.0,30,32,33,33,35,35
301,31.11,32.22,32.78,32.78,33.89,35.0,31,32,32,32,33,35
311,27.78,31.11,32.78,32.78,33.89,33.89,27,31,32,32,33,33
12,27.22,32.22,30.0,30.0,31.11,32.22,27,32,30,30,31,32
22,25.0,26.11,27.22,27.78,28.89,30.0,25,26,27,27,28,30
32,20.0,22.22,22.78,22.78,25.0,23.89,20,22,22,22,25,23
42,20.0,21.11,22.22,23.89,25.0,26.11,20,21,22,23,25,26
52,17.78,22.78,25.0,26.11,26.11,27.22,17,22,25,26,26,27
62,20.0,21.11,23.89,26.11,27.78,28.89,20,21,23,26,27,28
72,21.11,22.22,25.0,27.22,28.89,30.0,21,22,25,27,28,30
82,22.22,25.0,28.89,31.11,31.11,32.22,22,25,28,31,31,32
92,23.89,27.78,30.0,32.78,36.11,36.11,23,27,30,32,36,36
102,22.22,22.78,23.89,27.78,28.89,31.11,22,22,23,27,28,31
112,27.78,30.0,32.22,32.22,32.78,32.78,27,30,32,32,32,32
122,21.11,22.22,22.22,21.11,21.11,22.78,21,22,22,21,21,22
132,17.22,18.89,20.0,22.22,23.89,23.89,17,18,20,22,23,23
142,18.89,21.11,22.78,27.22,28.89,28.89,18,21,22,27,28,28
152,18.89,18.89,20.0,20.0,21.11,22.22,18,18,20,20,21,22
162,21.11,22.78,23.89,26.11,27.22,27.78,21,22,23,26,27,27
172,22.78,25.0,26.11,27.22,27.78,27.78,22,25,26,27,27,27
182,23.89,26.11,27.22,27.78,28.89,30.0,23,26,27,27,28,30
192,26.11,27.22,28.89,28.89,30.0,31.11,26,27,28,28,30,31
202,27.22,28.89,30.0,31.11,32.22,32.22,27,28,30,31,32,32
212,25.0,27.22,30.0,31.11,32.78,33.89,25,27,30,31,32,33
222,26.11,28.89,30.0,32.22,32.78,32.78,26,28,30,32,32,32
232,30.0,32.22,33.89,35.0,36.11,36.11,30,32,33,35,36,36
242,27.78,26.11,23.89,25.0,25.0,23.89,27,26,23,25,25,23
252,18.89,20.0,20.0,20.0,21.11,21.11,18,20,20,20,21,21
262,20.0,21.11,22.22,22.78,23.89,26.11,20,21,22,22,23,26
272,17.78,20.0,22.22,22.78,23.89,25.0,17,20,22,22,23,25
282,18.89,22.22,23.89,25.0,26.11,26.11,18,22,23,25,26,26
13,20.0,23.89,26.11,27.78,27.78,28.89,20,23,26,27,27,28
23,23.89,27.22,28.89,28.89,31.11,31.11,23,27,28,28,31,31
33,22.22,23.89,26.11,27.78,28.89,30.0,22,23,26,27,28,30
43,27.22,28.89,31.11,32.78,33.89,33.89,27,28,31,32,33,33
53,30.0,30.0,31.11,32.22,32.78,30.0,30,30,31,32,32,30
63,22.78,25.0,26.11,27.78,30.0,28.89,22,25,26,27,30,28
73,27.22,28.89,31.11,32.22,32.78,32.78,27,28,31,32,32,32
83,23.89,26.11,25.0,25.0,23.89,22.78,23,26,25,25,23,22
93,18.89,20.0,20.0,20.0,21.11,22.22,18,20,20,20,21,22
103,18.89,20.0,22.22,23.89,25.0,25.0,18,20,22,23,25,25
113,20.0,22.22,23.89,25.0,26.11,26.11,20,22,23,25,26,26
123,20.0,21.11,22.78,23.89,25.0,22.78,20,21,22,23,25,22
133,22.22,22.78,23.89,25.0,27.22,26.11,22,22,23,25,27,26
143,21.11,22.78,23.89,25.0,26.11,26.11,21,22,23,25,26,26
153,21.11,22.78,25.0,26.11,27.22,27.22,21,22,25,26,27,27
163,21.11,22.78,26.11,27.78,28.89,30.0,21,22,26,27,28,30
173,22.22,22.22,22.78,22.22,22.78,22.78,22,22,22,22,22,22
183,21.11,22.22,22.78,25.0,26.11,27.22,21,22,22,25,26,27
193,22.78,25.0,27.22,27.78,27.78,27.78,22,25,27,27,27,27
203,17.78,18.89,21.11,22.78,22.22,22.22,17,18,21,22,22,22
213,16.11,17.78,18.89,21.11,22.22,22.22,16,17,18,21,22,22
223,16.11,18.89,22.22,22.78,22.78,23.89,16,18,22,22,22,23
233,17.22,17.22,20.0,22.78,25.0,25.0,17,17,20,22,25,25
243,18.89,22.22,25.0,26.11,27.78,27.78,18,22,25,26,27,27
253,17.78,18.89,21.11,21.11,22.22,22.78,17,18,21,21,22,22
263,17.22,18.89,21.11,22.22,22.22,22.78,17,18,21,22,22,22
273,17.22,18.89,21.11,22.22,23.89,25.0,17,18,21,22,23,25
283,21.11,22.22,22.78,23.89,25.0,27.22,21,22,22,23,25,27
293,21.11,22.78,25.0,26.11,27.78,27.78,21,22,25,26,27,27
303,26.11,27.78,30.0,31.11,32.22,32.22,26,27,30,31,32,32
313,22.78,23.89,25.0,26.11,27.78,27.78,22,23,25,26,27,27
14,18.89,21.11,22.78,23.89,26.11,27.22,18,21,22,23,26,27
24,21.11,25.0,27.78,30.0,32.22,32.78,21,25,27,30,32,32
34,25.0,26.11,26.11,27.78,28.89,30.0,25,26,26,27,28,30
44,25.0,27.78,28.89,27.78,28.89,26.11,25,27,28,27,28,26
54,17.22,17.78,17.78,18.89,21.11,22.22,17,17,17,18,21,22
64,17.78,18.89,20.0,21.11,22.22,22.78,17,18,20,21,22,22
74,20.0,21.11,22.22,22.78,23.89,23.89,20,21,22,22,23,23
84,20.0,21.11,22.22,23.89,23.89,25.0,20,21,22,23,23,25
94,15.0,17.78,21.11,22.78,23.89,25.0,15,17,21,22,23,25
104,20.0,22.78,25.0,27.22,27.22,27.78,20,22,25,27,27,27
114,21.11,25.0,26.11,28.89,27.78,27.78,21,25,26,28,27,27
124,17.78,18.89,20.0,22.22,22.78,25.0,17,18,20,22,22,25
134,21.11,21.11,22.22,23.89,26.11,27.22,21,21,22,23,26,27
144,20.0,21.11,25.0,27.78,30.0,28.89,20,21,25,27,30,28
154,21.11,23.89,26.11,27.22,27.78,27.78,21,23,26,27,27,27
164,17.78,18.89,18.89,20.0,20.0,20.0,17,18,18,20,20,20
174,17.78,20.0,21.11,21.11,22.22,22.78,17,20,21,21,22,22
184,16.11,17.22,21.11,22.78,23.89,26.11,16,17,21,22,23,26
194,18.89,22.22,25.0,27.22,27.22,27.22,18,22,25,27,27,27
204,20.0,21.11,22.22,22.78,25.0,25.0,20,21,22,22,25,25
214,20.0,20.0,20.0,21.11,22.22,22.22,20,20,20,21,22,22
224,17.78,18.89,17.78,20.0,21.11,22.22,17,18,17,20,21,22
234,17.78,18.89,22.22,23.89,23.89,23.89,17,18,22,23,23,23
244,21.11,22.78,22.78,26.11,27.22,27.78,21,22,22,26,27,27
254,20.0,21.11,21.11,21.11,22.22,22.22,20,21,21,21,22,22
264,21.11,22.22,26.11,27.22,26.11,26.11,21,22,26,27,26,26
274,20.0,20.0,21.11,21.11,21.11,22.22,20,20,21,21,21,22
284,18.89,20.0,20.0,21.11,22.78,22.78,18,20,20,21,22,22
294,15.0,17.22,20.0,22.22,22.78,23.89,15,17,20,22,22,23
304,16.11,17.22,20.0,22.78,22.78,23.89,16,17,20,22,22,23
15,17.78,18.89,20.0,20.0,21.11,22.22,17,18,20,20,21,22
25,17.78,22.22,23.89,25.0,26.11,27.22,17,22,23,25,26,27
35,25.0,27.22,27.78,25.0,22.78,26.11,25,27,27,25,22,26
45,22.78,23.89,27.78,28.89,30.0,31.11,22,23,27,28,30,31
55,22.78,23.89,25.0,25.0,25.0,23.89,22,23,25,25,25,23
65,21.11,21.11,21.11,21.11,23.89,22.78,21,21,21,21,23,22
75,17.22,17.22,17.78,18.89,20.0,20.0,17,17,17,18,20,20
85,16.11,18.89,20.0,21.11,22.22,22.22,16,18,20,21,22,22
95,17.78,18.89,21.11,22.78,23.89,25.0,17,18,21,22,23,25
105,21.11,23.89,22.22,21.11,20.0,21.11,21,20,20,20,20,20
115,16.11,16.11,17.22,17.78,20.0,20.0,16,16,17,17,20,20
125,12.78,13.89,16.11,16.11,17.22,17.78,12,13,16,16,17,17
135,15.0,16.11,16.11,16.11,17.22,17.22,15,16,16,16,17,17
145,13.89,15.0,16.11,17.78,17.78,18.89,13,15,16,17,17,18
155,16.11,17.22,17.78,17.78,18.89,20.0,16,17,17,17,18,20
165,17.78,20.0,21.11,22.22,22.22,22.78,17,20,21,22,22,22
175,15.0,17.78,20.0,21.11,22.22,22.22,15,17,20,21,22,22
185,17.78,21.11,22.22,22.78,25.0,26.11,17,21,22,22,25,26
195,21.11,22.78,23.89,26.11,26.11,26.11,21,22,23,26,26,26
205,17.22,17.78,18.89,20.0,22.78,23.89,17,17,18,20,22,23
215,20.0,20.0,21.11,22.22,22.22,22.22,20,20,21,22,22,22
225,18.89,18.89,20.0,20.0,20.0,20.0,18,18,20,20,20,20
235,16.11,17.22,17.22,18.89,20.0,18.89,16,17,17,18,20,18
245,13.89,13.89,13.89,13.89,13.89,15.0,13,13,13,13,13,15
255,12.78,15.0,17.22,17.78,18.89,20.0,12,15,17,17,18,20
265,13.89,16.11,18.89,20.0,20.0,22.22,13,16,18,20,20,22
275,17.78,18.89,21.11,22.78,22.78,22.78,17,18,21,22,22,22
285,16.11,16.11,17.22,17.78,18.89,18.89,16,16,17,17,18,18
295,16.11,16.11,16.11,17.22,16.11,16.11,16,16,16,16,16,16
305,15.0,15.0,15.0,15.0,15.0,15.0,15,15,15,15,15,15
315,15.0,15.0,15.0,16.11,16.11,16.11,15,15,15,16,16,16
16,15.0,16.11,16.11,16.11,17.22,17.22,15,16,16,16,17,17
26,15.0,15.0,16.11,16.11,17.22,17.78,15,15,16,16,17,17
36,13.89,15.0,17.22,17.22,17.78,18.89,13,15,17,17,17,18
46,11.11,12.78,12.78,15.0,17.22,18.89,11,12,12,15,17,18
56,12.22,16.11,17.78,20.0,21.11,21.11,12,16,17,20,21,21
66,17.22,18.89,20.0,22.22,22.78,23.89,17,18,20,22,22,23
76,21.11,22.22,23.89,25.0,26.11,26.11,21,22,23,25,26,26
86,15.0,16.11,16.11,16.11,17.22,16.11,15,16,16,16,17,16
96,16.11,16.11,17.78,18.89,21.11,22.22,16,16,17,18,21,22
106,21.11,22.22,22.78,23.89,25.0,25.0,21,22,22,23,25,25
116,17.22,17.78,20.0,22.22,23.89,25.0,17,17,20,22,23,25
126,21.11,22.22,22.78,23.89,26.11,27.22,21,22,22,23,26,27
136,26.11,27.22,27.78,28.89,28.89,28.89,26,27,27,28,28,28
146,25.0,25.0,26.11,27.78,28.89,30.0,25,25,26,27,28,30
156,26.11,27.22,27.78,28.89,30.0,30.0,26,27,27,28,30,30
166,20.0,22.78,23.89,26.11,27.22,27.22,20,22,23,26,27,27
176,17.78,18.89,18.89,20.0,23.89,25.0,17,18,18,20,23,25
186,21.11,23.89,26.11,27.22,27.78,28.89,21,23,26,27,27,28
196,13.89,15.0,17.22,17.78,20.0,20.0,13,15,17,17,20,20
206,12.22,15.0,16.11,17.78,17.78,18.89,12,15,16,17,17,18
216,10.0,11.11,12.22,15.0,18.89,20.0,10,11,12,15,18,20
226,21.11,22.78,26.11,26.11,27.78,28.89,21,22,26,26,27,28
236,22.78,25.0,26.11,27.22,27.78,27.78,22,25,26,27,27,27
246,22.78,23.89,26.11,27.22,27.22,27.22,22,23,26,27,27,27
256,25.0,25.0,26.11,26.11,22.78,16.11,25,25,26,26,22,16
266,6.11,8.89,8.89,11.11,12.22,12.22,6,8,8,11,12,12
276,2.78,5.0,7.22,8.89,12.22,15.0,2,5,7,8,12,15
286,20.0,22.22,20.0,21.11,22.78,23.89,20,22,20,21,22,23
296,27.22,28.89,28.89,28.89,30.0,30.0,27,28,28,28,30,30
306,18.89,17.22,16.11,15.0,15.0,15.0,18,17,16,15,15,15
19,13.89,15.0,17.22,17.22,17.78,17.78,13.89,15.0,17.22,17.22,17.78,17.78
29,10.0,12.78,16.11,17.78,18.89,18.89,10.0,12.78,16.11,17.78,18.89,18.89
39,12.22,12.78,15.0,16.11,17.22,17.22,12.22,12.78,15.0,16.11,17.22,17.22
49,8.89,11.11,12.78,13.89,15.0,15.0,8.89,11.11,12.78,13.89,15.0,15.0
59,7.78,10.0,12.22,12.78,13.89,15.0,7.78,10.0,12.22,12.78,13.89,15.0
69,11.11,12.78,12.78,13.89,12.78,12.78,11.11,12.78,12.78,13.89,12.78,12.78
79,18.89,18.89,18.89,18.89,20.0,18.89,18.89,18.89,18.89,18.89,20.0,18.89
89,20.0,22.78,25.0,31.11,31.11,27.78,20.0,22.78,25.0,31.11,31.11,27.78
99,30.0,30.0,32.22,33.89,33.89,33.89,30.0,30.0,32.22,33.89,33.89,33.89
109,17.22,17.78,18.89,20.0,20.0,20.0,17.22,17.78,18.89,20.0,20.0,20.0
119,15.0,16.11,15.0,17.22,17.78,18.89,15.0,16.11,15.0,17.22,17.78,18.89
129,16.11,16.11,17.22,17.78,20.0,21.11,16.11,16.11,17.22,17.78,20.0,21.11
139,16.11,16.11,17.22,17.22,17.22,17.78,16.11,16.11,17.22,17.22,17.22,17.78
149,15.0,17.22,18.89,17.78,17.78,17.78,15.0,17.22,18.89,17.78,17.78,17.78
159,17.78,21.11,22.78,26.11,27.78,28.89,17.78,21.11,22.78,26.11,27.78,28.89
169,32.78,27.78,21.11,21.11,23.89,22.78,32.78,27.78,21.11,21.11,23.89,22.78
179,12.78,12.78,13.89,15.0,16.11,16.11,12.78,12.78,13.89,15.0,16.11,16.11
189,13.89,15.0,16.11,17.78,20.0,20.0,13.89,15.0,16.11,17.78,20.0,20.0
199,12.22,16.11,18.89,20.0,22.22,23.89,12.22,16.11,18.89,20.0,22.22,23.89
209,12.78,13.89,16.11,17.22,17.78,17.78,12.78,13.89,16.11,17.22,17.78,17.78
219,11.11,12.78,15.0,16.11,17.78,17.78,11.11,12.78,15.0,16.11,17.78,17.78
229,13.89,16.11,17.78,21.11,22.22,22.22,13.89,16.11,17.78,21.11,22.22,22.22
239,11.11,13.89,16.11,17.22,18.89,20.0,11.11,13.89,16.11,17.22,18.89,20.0
249,8.89,12.22,13.89,17.22,20.0,22.22,8.89,12.22,13.89,17.22,20.0,22.22
259,15.0,17.22,20.0,22.22,23.89,25.0,15.0,17.22,20.0,22.22,23.89,25.0
269,16.11,18.89,22.22,23.89,26.11,26.11,16.11,18.89,22.22,23.89,26.11,26.11
279,15.0,17.22,18.89,18.89,21.11,21.11,15.0,17.22,18.89,18.89,21.11,21.11
289,16.11,18.89,21.11,22.22,23.89,23.89,16.11,18.89,21.11,22.22,23.89,23.89
299,17.22,18.89,22.22,23.89,25.0,26.11,17.22,18.89,22.22,23.89,25.0,26.11
309,25.0,27.78,30.0,32.78,35.0,36.11,25.0,27.78,30.0,32.78,35.0,36.11
110,28.89,31.11,32.78,35.0,37.22,37.22,31.11,32.78,35.0,37.22,37.22,35.0
210,20.0,20.0,17.78,17.22,17.78,17.78,20.0,20.0,17.78,17.22,17.78,17.78
310,17.78,17.22,17.78,17.78,17.78,17.78,17.78,17.22,17.78,17.78,17.78,17.78
410,17.78,17.78,18.89,20.0,22.22,23.89,17.78,17.78,18.89,20.0,22.22,23.89
510,17.22,17.22,17.78,17.78,18.89,17.78,17.22,17.22,17.78,17.78,18.89,17.78
610,15.0,15.0,16.11,17.22,17.78,17.78,15.0,15.0,16.11,17.22,17.78,17.78
710,13.89,17.22,20.0,21.11,22.22,23.89,13.89,17.22,20.0,21.11,22.22,23.89
810,21.11,22.78,25.0,25.0,26.11,27.22,21.11,22.78,25.0,25.0,26.11,27.22
910,20.0,21.11,23.89,26.11,27.78,27.78,20.0,21.11,23.89,26.11,27.78,27.78
1010,20.0,21.11,23.89,27.22,30.0,30.0,20.0,21.11,23.89,27.22,30.0,30.0
1110,28.89,32.22,33.89,36.11,37.22,37.22,32.22,33.89,36.11,37.22,37.22,36.11
1210,32.22,33.89,36.11,37.22,37.78,37.78,32.22,33.89,36.11,37.22,37.78,37.78
1310,32.22,35.0,37.22,32.78,32.22,32.22,32.22,35.0,37.22,32.78,32.22,32.22
1410,17.22,16.11,16.11,15.0,13.89,13.89,17.22,16.11,16.11,15.0,13.89,13.89
1510,15.0,16.11,16.11,17.22,17.78,17.78,15.0,16.11,16.11,17.22,17.78,17.78
1610,16.11,17.22,17.78,17.78,18.89,20.0,17.78,18.89,20.0,20.0,20.0,18.89
1710,18.89,18.89,21.11,22.22,21.11,20.0,18.89,18.89,21.11,22.22,21.11,20.0
1810,20.0,20.0,22.22,22.78,22.78,25.0,20.0,20.0,22.22,22.78,22.78,25.0
1910,18.89,20.0,21.11,21.11,22.22,22.78,18.89,20.0,21.11,21.11,22.22,22.78
2010,13.89,16.11,17.22,17.22,17.22,17.78,13.89,16.11,17.22,17.22,17.22,17.78
2110,13.89,15.0,15.0,16.11,16.11,17.22,13.89,15.0,15.0,16.11,16.11,17.22
2210,15.0,16.11,17.22,18.89,20.0,21.11,15.0,16.11,17.22,18.89,20.0,21.11
2310,12.78,16.11,17.78,20.0,22.22,23.89,12.78,16.11,17.78,20.0,22.22,23.89
2410,20.0,22.78,23.89,26.11,26.11,26.11,20.0,22.78,23.89,26.11,26.11,26.11
2510,18.89,21.11,22.78,23.89,25.0,26.11,18.89,21.11,22.78,23.89,25.0,26.11
2610,18.89,22.78,25.0,27.22,27.78,30.0,18.89,25.0,27.22,27.78,30.0,27.78
2710,18.89,18.89,18.89,18.89,18.89,20.0,18.89,18.89,18.89,18.89,18.89,20.0
2810,22.78,25.0,26.11,28.89,31.11,32.22,26.11,28.89,31.11,32.22,32.22,28.89
2910,18.89,18.89,20.0,20.0,20.0,20.0,18.89,20.0,20.0,20.0,22.22,23.89
3010,18.89,18.89,21.11,18.89,20.0,20.0,18.89,18.89,21.11,18.89,20.0,20.0
3110,18.89,18.89,18.89,20.0,20.0,20.0,18.89,18.89,18.89,20.0,20.0,20.0
111,21.11,22.22,23.89,23.89,25.0,25.0,21.11,22.22,23.89,23.89,25.0,25.0
211,27.22,28.89,30.0,31.11,32.22,27.78,27.22,28.89,30.0,31.11,32.22,27.78
311,21.11,21.11,21.11,21.11,22.22,22.22,21.11,21.11,21.11,21.11,22.22,22.22
411,17.78,17.78,17.78,17.78,17.78,17.78,17.78,17.78,17.78,17.78,17.78,17.78
511,21.11,22.22,22.22,22.22,23.89,25.0,21.11,22.22,22.22,22.22,23.89,25.0
611,18.89,21.11,22.22,22.78,23.89,25.0,18.89,21.11,22.22,22.78,23.89,25.0
711,17.22,20.0,20.0,21.11,22.78,23.89,17.22,20.0,20.0,21.11,22.78,23.89
811,18.89,20.0,22.22,23.89,23.89,26.11,18.89,20.0,22.22,23.89,23.89,26.11
911,22.22,22.78,23.89,23.89,26.11,27.22,22.22,22.78,23.89,23.89,26.11,27.22
1011,22.22,23.89,23.89,27.22,27.22,27.78,22.22,23.89,23.89,27.22,27.22,27.78
1111,20.0,21.11,22.22,22.22,22.78,25.0,20.0,21.11,22.22,22.22,22.78,25.0
1211,21.11,22.22,25.0,27.78,30.0,30.0,21.11,22.22,25.0,27.78,30.0,30.0
1311,25.0,26.11,27.22,27.78,27.78,27.78,25.0,26.11,27.22,27.78,27.78,27.78
1411,21.11,22.22,23.89,23.89,25.0,27.22,21.11,22.22,23.89,23.89,25.0,27.22
1511,20.0,22.22,22.78,25.0,25.0,25.0,20.0,22.22,22.78,25.0,25.0,25.0
1611,18.89,21.11,22.78,22.78,25.0,26.11,18.89,21.11,22.78,22.78,25.0,26.11
1711,17.78,21.11,22.78,26.11,27.22,28.89,17.78,21.11,22.78,26.11,27.22,28.89
1811,18.89,22.22,23.89,27.78,30.0,31.11,18.89,22.22,23.89,27.78,30.0,31.11
1911,18.89,22.22,23.89,26.11,27.78,30.0,18.89,22.22,23.89,26.11,27.78,30.0
2011,18.89,20.0,21.11,23.89,25.0,27.22,18.89,20.0,21.11,23.89,25.0,27.22
2111,22.22,23.89,27.22,30.0,32.78,35.0,22.22,23.89,27.22,30.0,32.78,35.0
2211,27.22,28.89,31.11,32.78,25.0,23.89,27.22,28.89,31.11,32.78,25.0,23.89
2311,18.89,20.0,20.0,22.22,22.78,23.89,18.89,20.0,20.0,22.22,22.78,23.89
2411,16.11,17.78,20.0,22.22,22.78,22.78,16.11,17.78,20.0,22.22,22.78,22.78
2511,18.89,21.11,23.89,25.0,27.22,27.78,18.89,21.11,23.89,25.0,27.22,27.78
2611,20.0,23.89,25.0,23.89,22.22,20.0,20.0,23.89,25.0,23.89,22.22,20.0
2711,18.89,20.0,22.78,23.89,25.0,25.0,18.89,20.0,22.78,23.89,25.0,25.0
2811,17.22,18.89,21.11,22.78,25.0,25.0,17.22,18.89,21.11,22.78,25.0,25.0
2911,13.89,12.78,13.89,17.22,21.11,25.0,13.89,12.78,13.89,17.22,21.11,25.0
3011,21.11,25.0,27.22,25.0,25.0,25.0,21.11,25.0,27.22,25.0,25.0,25.0
112,23.89,25.0,26.11,27.22,27.78,27.78,23.89,25.0,26.11,27.22,27.78,27.78
212,17.78,18.89,21.11,22.22,22.78,22.78,17.78,18.89,21.11,22.22,22.78,22.78
312,18.89,22.22,22.78,25.0,26.11,27.78,18.89,22.22,22.78,25.0,26.11,27.78
412,21.11,23.89,27.22,28.89,31.11,32.22,21.11,23.89,27.22,28.89,31.11,32.22
512,20.0,20.0,22.22,22.78,26.11,26.11,20.0,20.0,22.22,22.78,26.11,26.11
612,12.22,16.11,20.0,22.22,23.89,25.0,12.22,16.11,20.0,22.22,23.89,25.0
712,20.0,22.78,26.11,27.22,27.78,27.78,20.0,22.78,26.11,27.22,27.78,27.78
812,21.11,22.78,25.0,27.22,28.89,30.0,21.11,22.78,25.0,27.22,28.89,30.0
912,23.89,27.22,27.78,30.0,31.11,32.22,23.89,27.22,27.78,30.0,31.11,32.22
1012,26.11,27.78,30.0,32.22,32.78,35.0,26.11,27.78,30.0,32.22,32.78,35.0
1112,23.89,27.22,30.0,32.22,33.89,35.0,23.89,27.22,30.0,32.22,33.89,35.0
1212,26.11,31.11,31.11,27.78,27.78,27.22,26.11,31.11,31.11,27.78,27.78,27.22
1312,20.0,22.22,22.78,23.89,25.0,26.11,20.0,22.22,22.78,23.89,25.0,26.11
1412,17.22,17.78,20.0,21.11,22.78,25.0,17.22,17.78,20.0,21.11,22.78,25.0
1512,27.22,28.89,30.0,31.11,32.22,32.78,27.22,28.89,30.0,31.11,32.22,32.78
1612,21.11,21.11,22.78,22.78,23.89,23.89,21.11,21.11,22.78,22.78,23.89,23.89
1712,18.89,20.0,23.89,25.0,26.11,27.22,18.89,20.0,23.89,25.0,26.11,27.22
1812,20.0,22.22,23.89,26.11,27.22,27.78,20.0,22.22,23.89,26.11,27.22,27.78
1912,20.0,23.89,26.11,27.78,30.0,31.11,20.0,23.89,26.11,27.78,30.0,31.11
2012,27.22,30.0,31.11,33.89,32.78,35.0,27.22,30.0,31.11,33.89,32.78,35.0
2112,22.22,23.89,25.0,23.89,22.78,23.89,22.22,23.89,25.0,23.89,22.78,23.89
2212,18.89,20.0,21.11,22.22,22.78,23.89,18.89,20.0,21.11,22.22,22.78,23.89
2312,20.0,22.22,22.78,23.89,25.0,26.11,20.0,22.22,22.78,23.89,25.0,26.11
2412,18.89,22.78,25.0,28.89,31.11,31.11,18.89,22.78,25.0,28.89,31.11,31.11
2512,23.89,27.78,30.0,32.22,33.89,35.0,23.89,27.78,30.0,32.22,33.89,35.0
2612,26.11,27.78,30.0,32.22,33.89,35.0,26.11,27.78,30.0,32.22,33.89,35.0
2712,27.22,30.0,32.22,35.0,37.22,37.78,27.22,30.0,32.22,35.0,37.22,37.78
2812,27.22,28.89,32.22,35.0,36.11,37.22,27.22,28.89,32.22,35.0,36.11,37.22
2912,25.0,27.78,30.0,32.22,35.0,36.11,25.0,27.78,30.0,32.22,35.0,36.11
3012,27.22,28.89,31.11,33.89,35.0,36.11,27.22,28.89,31.11,33.89,35.0,36.11
3112,27.22,28.89,32.22,32.22,36.11,27.78,27.22,28.89,32.22,32.22,36.11,27.78
11,26.11,27.22,27.22,28.89,30.0,30.0,26.11,27.22,27.22,28.89,30.0,30.0
21,22.78,25.0,25.0,26.11,26.11,27.78,22.78,25.0,25.0,26.11,26.11,27.78
31,21.11,23.89,26.11,25.0,27.22,27.78,21.11,23.89,26.11,25.0,27.22,27.78
41,22.78,23.89,26.11,27.22,27.78,30.0,26.11,27.22,27.78,30.0,30.0,27.78
51,21.11,23.89,26.11,28.89,30.0,31.11,26.11,28.89,30.0,31.11,31.11,30.0
61,27.78,31.11,32.22,32.22,35.0,36.11,27.78,31.11,32.22,32.22,35.0,36.11
71,22.78,25.0,26.11,27.22,27.78,27.78,22.78,25.0,26.11,27.22,27.78,27.78
81,22.22,23.89,26.11,27.22,28.89,30.0,22.22,23.89,26.11,27.22,28.89,30.0
91,23.89,27.78,30.0,32.78,33.89,36.11,23.89,27.78,30.0,32.78,33.89,36.11
101,27.78,30.0,28.89,31.11,30.0,32.22,27.78,30.0,28.89,31.11,30.0,32.22
111,22.78,25.0,27.22,27.22,27.78,28.89,22.78,25.0,27.22,27.22,27.78,28.89
121,25.0,26.11,27.22,27.78,30.0,31.11,27.22,27.78,30.0,31.11,31.11,31.11
131,22.22,23.89,26.11,27.22,27.78,28.89,22.22,23.89,26.11,27.22,27.78,28.89
141,22.22,25.0,27.22,28.89,30.0,32.22,22.22,25.0,27.22,28.89,30.0,32.22
151,27.78,30.0,31.11,32.78,32.78,35.0,27.78,30.0,31.11,32.78,32.78,35.0
161,22.22,20.0,20.0,22.22,22.78,22.78,20.0,22.22,22.78,22.78,22.78,23.89
171,17.22,18.89,21.11,22.78,23.89,23.89,17.22,18.89,21.11,22.78,23.89,23.89
181,17.78,20.0,22.78,23.89,26.11,27.22,17.78,20.0,22.78,23.89,26.11,27.22
191,22.22,22.78,26.11,27.78,30.0,31.11,22.22,22.78,26.11,27.78,30.0,31.11
201,25.0,27.22,30.0,31.11,32.22,32.78,25.0,27.22,30.0,31.11,32.22,32.78
211,23.89,25.0,27.22,27.78,28.89,23.89,23.89,25.0,27.22,27.78,28.89,23.89
221,21.11,21.11,22.22,21.11,21.11,22.78,21.11,21.11,22.22,21.11,21.11,22.78
231,21.11,22.78,25.0,25.0,26.11,27.22,21.11,22.78,25.0,25.0,26.11,27.22
241,21.11,22.22,23.89,25.0,26.11,27.22,21.11,22.22,23.89,25.0,26.11,27.22
251,21.11,22.78,26.11,27.78,28.89,28.89,21.11,22.78,26.11,27.78,28.89,28.89
261,25.0,28.89,30.0,30.0,30.0,31.11,25.0,28.89,30.0,30.0,30.0,31.11
271,25.0,26.11,26.11,28.89,28.89,31.11,26.11,28.89,28.89,31.11,31.11,31.11
281,22.22,22.78,23.89,26.11,27.22,27.78,22.22,22.78,23.89,26.11,27.22,27.78
291,22.22,22.78,23.89,23.89,27.22,27.78,22.22,22.78,23.89,23.89,27.22,27.78
301,25.0,26.11,27.22,27.22,27.78,27.78,25.0,26.11,27.22,27.22,27.78,27.78
311,22.78,22.78,25.0,27.22,27.22,28.89,22.78,22.78,25.0,27.22,27.22,28.89
12,22.22,23.89,26.11,27.22,28.89,30.0,22.22,23.89,26.11,27.22,28.89,30.0
22,21.11,23.89,26.11,27.78,30.0,31.11,21.11,23.89,26.11,27.78,30.0,31.11
32,23.89,25.0,27.22,27.78,30.0,30.0,23.89,25.0,27.22,27.78,30.0,30.0
42,25.0,27.22,27.78,28.89,30.0,31.11,25.0,27.22,27.78,28.89,30.0,31.11
52,27.78,30.0,31.11,32.22,32.78,32.78,27.78,30.0,31.11,32.22,32.78,32.78
62,27.78,30.0,32.22,32.78,33.89,33.89,27.78,30.0,32.22,32.78,33.89,33.89
72,27.22,28.89,30.0,31.11,32.78,32.22,27.22,28.89,30.0,31.11,32.78,32.22
82,28.89,31.11,32.78,32.22,32.22,33.89,28.89,31.11,32.78,32.22,32.22,33.89
92,22.78,23.89,25.0,26.11,27.22,28.89,22.78,23.89,25.0,26.11,27.22,28.89
102,20.0,22.22,22.78,25.0,26.11,26.11,20.0,22.22,22.78,25.0,26.11,26.11
112,20.0,22.22,23.89,25.0,27.78,28.89,20.0,22.22,23.89,25.0,27.78,28.89
122,22.22,23.89,26.11,27.22,27.78,28.89,22.22,23.89,26.11,27.22,27.78,28.89
132,23.89,27.22,28.89,31.11,32.78,32.78,23.89,27.22,28.89,31.11,32.78,32.78
142,27.78,27.22,28.89,30.0,30.0,30.0,27.78,27.22,28.89,30.0,30.0,30.0
152,23.89,25.0,27.22,28.89,30.0,31.11,23.89,25.0,27.22,28.89,30.0,31.11
162,27.22,28.89,31.11,32.22,32.78,33.89,27.22,28.89,31.11,32.22,32.78,33.89
172,27.78,28.89,31.11,32.78,28.89,30.0,27.78,28.89,31.11,32.78,28.89,30.0
182,21.11,21.11,21.11,22.22,22.78,25.0,21.11,21.11,21.11,22.22,22.78,25.0
192,22.78,23.89,25.0,27.22,27.78,28.89,22.78,23.89,25.0,27.22,27.78,28.89
202,22.78,26.11,27.22,27.22,28.89,28.89,22.78,26.11,27.22,27.22,28.89,28.89
212,18.89,20.0,21.11,22.22,22.78,22.78,18.89,20.0,21.11,22.22,22.78,22.78
222,16.11,18.89,18.89,20.0,22.22,22.22,16.11,18.89,18.89,20.0,22.22,22.22
232,22.78,23.89,23.89,26.11,27.22,27.22,22.78,23.89,23.89,26.11,27.22,27.22
242,21.11,23.89,27.22,28.89,31.11,32.22,21.11,23.89,27.22,28.89,31.11,32.22
252,26.11,27.78,30.0,31.11,32.22,32.78,26.11,27.78,30.0,31.11,32.22,32.78
262,20.0,22.22,23.89,25.0,27.22,27.22,20.0,22.22,23.89,25.0,27.22,27.22
272,21.11,25.0,27.22,27.22,27.22,27.78,21.11,25.0,27.22,27.22,27.22,27.78
282,23.89,27.22,27.78,28.89,30.0,30.0,23.89,27.22,27.78,28.89,30.0,30.0
292,20.0,25.0,27.22,27.78,30.0,30.0,20.0,25.0,27.22,27.78,30.0,30.0
13,21.11,23.89,26.11,27.78,31.11,30.0,21.11,23.89,26.11,27.78,31.11,30.0
23,22.22,26.11,27.78,27.78,30.0,30.0,22.22,26.11,27.78,27.78,30.0,30.0
33,21.11,23.89,27.22,27.78,30.0,31.11,21.11,23.89,27.22,27.78,30.0,31.11
43,17.78,18.89,21.11,22.78,25.0,27.78,17.78,18.89,21.11,22.78,25.0,27.78
53,20.0,22.22,23.89,26.11,27.22,27.78,20.0,22.22,23.89,26.11,27.22,27.78
63,22.22,23.89,26.11,27.78,30.0,31.11,22.22,23.89,26.11,27.78,30.0,31.11
73,20.0,23.89,26.11,27.78,30.0,31.11,20.0,23.89,26.11,27.78,30.0,31.11
83,25.0,27.78,31.11,32.22,32.78,33.89,25.0,27.78,31.11,32.22,32.78,33.89
93,25.0,28.89,32.22,35.0,36.11,36.11,25.0,28.89,32.22,35.0,36.11,36.11
103,28.89,32.22,35.0,35.0,35.0,35.0,28.89,32.22,35.0,35.0,35.0,35.0
113,26.11,28.89,31.11,32.78,33.89,32.22,26.11,28.89,31.11,32.78,33.89,32.22
123,25.0,30.0,32.78,36.11,37.78,38.89,25.0,30.0,32.78,36.11,37.78,38.89
133,33.89,35.0,37.22,37.78,37.78,37.22,33.89,35.0,37.22,37.78,37.78,37.22
143,26.11,33.89,37.22,37.78,38.89,40.0,26.11,33.89,37.22,37.78,38.89,40.0
153,23.89,28.89,31.11,31.11,30.0,28.89,23.89,28.89,31.11,31.11,30.0,28.89
163,21.11,21.11,22.22,22.78,22.78,22.78,21.11,21.11,22.22,22.78,22.78,22.78
173,21.11,22.78,25.0,27.22,27.78,30.0,21.11,22.78,25.0,27.22,27.78,30.0
183,25.0,27.22,27.78,28.89,27.78,28.89,25.0,27.22,27.78,28.89,27.78,28.89
193,23.89,26.11,27.78,28.89,28.89,28.89,23.89,26.11,27.78,28.89,28.89,28.89
203,22.22,22.78,25.0,25.0,23.89,23.89,22.22,22.78,25.0,25.0,23.89,23.89
213,25.0,26.11,27.78,27.78,28.89,28.89,25.0,26.11,27.78,27.78,28.89,28.89
223,25.0,27.78,28.89,30.0,31.11,31.11,25.0,27.78,28.89,30.0,31.11,31.11
233,31.11,31.11,32.22,32.22,23.89,22.22,31.11,31.11,32.22,32.22,23.89,22.22
243,30.0,32.22,33.89,32.78,31.11,27.78,30.0,32.22,33.89,32.78,31.11,27.78
253,22.78,32.22,32.78,32.78,30.0,30.0,22.78,32.22,32.78,32.78,30.0,30.0
263,26.11,28.89,31.11,32.22,31.11,32.22,26.11,28.89,31.11,32.22,31.11,32.22
273,21.11,23.89,26.11,31.11,32.22,32.78,21.11,23.89,26.11,31.11,32.22,32.78
283,26.11,27.78,30.0,32.22,32.78,32.78,26.11,27.78,30.0,32.22,32.78,32.78
293,22.22,23.89,27.22,27.78,28.89,31.11,22.22,23.89,27.22,27.78,28.89,31.11
303,23.89,30.0,31.11,31.11,32.22,27.78,23.89,30.0,31.11,31.11,32.22,27.78
313,30.0,32.22,32.22,30.0,27.78,27.22,30.0,32.22,32.22,30.0,27.78,27.22
14,27.22,28.89,31.11,32.22,32.22,27.78,27.22,28.89,31.11,32.22,32.22,27.78
24,22.22,22.78,22.78,25.0,26.11,27.22,22.22,22.78,22.78,25.0,26.11,27.22
34,17.22,18.89,22.22,21.11,22.78,23.89,17.22,18.89,22.22,21.11,22.78,23.89
44,17.22,22.78,23.89,25.0,26.11,26.11,17.22,22.78,23.89,25.0,26.11,26.11
54,22.78,27.22,28.89,30.0,30.0,28.89,22.78,27.22,28.89,30.0,30.0,28.89
64,18.89,20.0,22.22,25.0,18.89,20.0,18.89,20.0,22.22,25.0,18.89,20.0
74,16.11,17.78,17.78,20.0,21.11,21.11,16.11,17.78,17.78,20.0,21.11,21.11
84,20.0,21.11,21.11,21.11,20.0,13.89,20.0,21.11,21.11,21.11,20.0,13.89
94,20.0,22.78,20.0,16.11,16.11,15.0,20.0,22.78,20.0,16.11,16.11,15.0
104,18.89,20.0,22.22,21.11,22.22,22.78,18.89,20.0,22.22,21.11,22.22,22.78
114,17.22,18.89,21.11,23.89,16.11,13.89,17.22,18.89,21.11,23.89,16.11,13.89
124,13.89,16.11,22.78,23.89,26.11,20.0,13.89,16.11,22.78,23.89,26.11,20.0
134,30.0,31.11,31.11,23.89,22.78,22.22,30.0,31.11,31.11,23.89,22.78,22.22
144,15.0,16.11,17.22,17.22,16.11,16.11,15.0,16.11,17.22,17.22,16.11,16.11
154,17.22,17.78,18.89,21.11,22.22,22.22,17.22,17.78,18.89,21.11,22.22,22.22
164,20.0,21.11,22.78,22.78,21.11,20.0,20.0,21.11,22.78,22.78,21.11,20.0
174,23.89,22.22,17.78,16.11,15.0,17.77,22.22,24,25.0,23.88,22.22,
184,25.0,18.89,18.89,18.89,18.88,18.88,28.88,25.0,25.0,18.88,,
194,22.78,25.0,27.78,28.89,28.89,27.78,22.78,25.0,27.78,28.89,28.89,27.78
204,22.78,26.11,27.78,28.89,30.0,26.11,22.78,26.11,27.78,28.89,30.0,26.11
214,17.78,22.22,27.78,28.89,30.0,30.0,17.78,22.22,27.78,28.89,30.0,30.0
224,17.78,21.11,25.0,27.22,30.0,26.11,17.78,21.11,25.0,27.22,30.0,26.11
234,26.11,30.0,31.11,30.0,25.0,22.22,26.11,30.0,31.11,30.0,25.0,22.22
244,22.78,26.11,30.0,32.22,32.22,32.22,22.78,26.11,30.0,32.22,32.22,32.22
254,22.78,25.0,28.89,32.22,32.78,33.89,22.78,25.0,28.89,32.22,32.78,33.89
264,20.0,21.11,22.22,22.22,21.11,21.11,20.0,21.11,22.22,22.22,21.11,21.11
274,22.78,22.22,22.78,22.78,22.78,22.22,22.78,22.22,22.78,22.78,22.78,22.22
284,23.89,25.0,27.22,27.78,30.0,32.22,23.89,25.0,27.22,27.78,30.0,32.22
294,21.11,22.22,22.78,25.0,26.11,26.11,21.11,22.22,22.78,25.0,26.11,26.11
304,20.0,22.22,22.78,23.89,25.0,23.89,20.0,22.22,22.78,23.89,25.0,23.89
15,21.11,22.78,23.89,25.0,25.0,25.0,21.11,22.78,23.89,25.0,25.0,25.0
25,17.78,18.89,20.0,21.11,22.22,22.22,17.78,18.89,20.0,21.11,22.22,22.22
35,17.78,21.11,22.22,22.78,23.89,23.89,17.78,21.11,22.22,22.78,23.89,23.89
45,17.22,18.89,17.78,17.78,17.22,16.11,17.22,18.89,17.78,17.78,17.22,16.11
55,18.89,18.89,17.78,17.78,18.89,18.89,18.89,18.89,17.78,17.78,18.89,18.89
65,12.78,13.89,15.0,16.11,16.11,13.89,12.78,13.89,15.0,16.11,16.11,13.89
75,15.0,17.22,17.22,17.78,17.22,15.0,15.0,17.22,17.22,17.78,17.22,15.0
85,16.11,17.78,21.11,21.11,16.11,13.89,16.11,17.78,21.11,21.11,16.11,13.89
95,17.22,20.0,22.22,22.78,23.89,25.0,17.22,20.0,22.22,22.78,23.89,25.0
105,26.11,26.11,27.78,27.78,27.78,25.0,26.11,26.11,27.78,27.78,27.78,25.0
115,28.89,28.89,27.78,23.89,22.22,20.0,28.89,28.89,27.78,23.89,22.22,20.0
125,17.78,17.78,17.78,18.89,18.89,18.89,17.78,17.78,17.78,18.89,18.89,18.89
135,17.22,17.78,17.78,18.89,18.89,18.89,17.22,17.78,17.78,18.89,18.89,18.89
145,11.11,13.89,15.0,17.22,17.22,17.78,11.11,13.89,15.0,17.22,17.22,17.78
155,17.78,18.89,18.89,18.89,17.22,13.89,17.78,18.89,18.89,18.89,17.22,13.89
165,17.78,22.78,22.78,23.89,23.89,22.78,17.78,22.78,22.78,23.89,23.89,22.78
175,23.89,25.0,26.11,26.11,25.0,21.11,23.89,25.0,26.11,26.11,25.0,21.11
185,25.0,25.0,25.0,23.89,18.89,16.11,25.0,25.0,25.0,23.89,18.89,16.11
195,22.78,27.22,27.78,27.78,27.78,26.11,22.78,27.22,27.78,27.78,27.78,26.11
205,27.78,28.89,30.0,30.0,22.78,22.22,27.78,28.89,30.0,30.0,22.78,22.22
215,17.78,17.78,17.78,17.78,17.78,17.78,17.78,17.78,17.78,17.78,17.78,17.78
225,17.78,17.78,17.78,17.78,17.78,17.78,17.78,17.78,17.78,17.78,17.78,17.78
235,12.78,12.78,13.89,13.89,13.89,13.89,12.78,12.78,13.89,13.89,13.89,13.89
245,16.11,17.22,17.22,17.78,16.11,13.89,16.11,17.22,17.22,17.78,16.11,13.89
255,20.0,20.0,17.78,17.22,16.11,15.0,20.0,20.0,17.78,17.22,16.11,15.0
265,15.0,17.22,17.22,17.22,13.89,12.78,15.0,17.22,17.22,17.22,13.89,12.78
275,17.78,18.89,18.89,20.0,20.0,15.0,17.78,18.89,18.89,20.0,20.0,15.0
285,17.22,20.0,22.22,22.78,23.89,25.0,17.22,20.0,22.22,22.78,23.89,25.0
295,23.89,26.11,27.22,26.11,22.78,15.0,23.89,26.11,27.22,26.11,22.78,15.0
305,20.0,22.22,23.89,26.11,22.78,18.89,20.0,22.22,23.89,26.11,22.78,18.89
315,15.0,15.0,15.0,13.89,13.89,12.22,15.0,15.0,15.0,13.89,13.89,12.22
16,11.11,12.22,12.78,12.78,13.89,13.89,11.11,12.22,12.78,12.78,13.89,13.89
26,12.78,12.78,13.89,15.0,13.89,7.78,12.78,12.78,13.89,15.0,13.89,7.78
36,8.89,11.11,15.0,16.11,17.22,17.78,8.89,11.11,15.0,16.11,17.22,17.78
46,13.89,16.11,17.22,17.78,20.0,20.0,13.89,16.11,17.22,17.78,20.0,20.0
56,17.22,17.22,17.22,17.22,17.22,17.22,17.22,17.22,17.22,17.22,17.22,17.22
66,15.0,16.11,16.11,16.11,16.11,13.89,15.0,16.11,16.11,16.11,16.11,13.89
76,17.78,17.78,12.78,12.22,11.11,10.0,17.78,17.78,12.78,12.22,11.11,10.0
86,16.11,16.11,18.89,18.89,17.22,15.0,16.11,16.11,18.89,18.89,17.22,15.0
96,16.11,15.0,15.0,16.11,16.11,17.22,16.11,15.0,15.0,16.11,16.11,17.22
106,16.11,16.11,17.22,16.11,16.11,16.11,16.11,16.11,17.22,16.11,16.11,16.11
116,17.78,18.89,18.89,21.11,22.22,20.0,17.78,18.89,18.89,21.11,22.22,20.0
126,28.89,30.0,30.0,30.0,30.0,28.89,28.89,30.0,30.0,30.0,30.0,28.89
136,15.0,16.11,16.11,16.11,16.11,16.11,15.0,16.11,16.11,16.11,16.11,16.11
146,10.0,11.11,12.22,12.78,12.78,12.22,10.0,11.11,12.22,12.78,12.78,12.22
156,10.0,11.11,11.11,11.11,11.11,11.11,10.0,11.11,11.11,11.11,11.11,11.11
166,22.22,22.78,26.11,22.22,20.0,20.0,22.22,22.78,26.11,22.22,20.0,20.0
176,23.89,25.0,26.11,27.22,27.22,22.78,23.89,25.0,26.11,27.22,27.22,22.78
186,27.22,27.22,26.11,26.11,23.89,22.22,27.22,27.22,26.11,26.11,23.89,22.22
196,17.78,21.11,22.78,22.78,25.0,25.0,20.0,21.11,22.78,22.78,25.0,22.78
206,23.89,25.0,28.89,28.89,30.0,28.89,23.89,25.0,28.89,28.89,30.0,28.89
216,27.78,28.89,28.89,31.11,30.0,30.0,27.78,28.89,28.89,31.11,30.0,30.0
226,20.0,21.11,22.22,22.78,22.78,22.78,20.0,21.11,22.22,22.78,22.78,22.78
236,26.11,27.78,27.78,30.0,28.89,27.78,26.11,27.78,27.78,30.0,28.89,27.78
246,28.89,28.89,27.22,22.78,26.11,26.11,28.89,28.89,27.22,22.78,26.11,26.11
256,17.22,16.11,15.0,13.89,13.89,13.89,17.22,16.11,15.0,13.89,13.89,13.89
266,8.89,11.11,12.78,12.22,8.89,7.22,8.89,11.11,12.78,12.22,8.89,7.22
276,13.89,13.89,13.89,11.11,7.22,7.22,13.89,13.89,13.89,11.11,7.22,7.22
286,12.22,13.89,16.11,16.11,16.11,15.0,12.22,13.89,16.11,16.11,16.11,15.0
296,8.89,8.89,8.89,12.22,11.11,11.11,8.89,8.89,8.89,12.22,11.11,11.11
306,12.77,13.88,15.0,15.0,15.0,15.0,,,,,,
